producto,unidad,precio,fecha,fuente,tipo,provincia,iva_incluido,rubro
Betahistina 16 mg comprimidos,comprimido,1485.3673,2026-09-25,"PAMI, precio de venta al público: BETASERC (Abbott EPD)",minorista,,sí,Medicamentos
Betahistina 24 mg comprimidos,comprimido,2061.5837,2026-09-25,"PAMI, precio de venta al público: BETASERC (Abbott EPD)",minorista,,sí,Medicamentos
Betahistina 8 mg comprimidos,comprimido,1317.6723,2026-09-25,"PAMI, precio de venta al público: BETASERC (Abbott EPD)",minorista,,sí,Medicamentos
Candesartán cilexetil 16 mg comprimidos,comprimido,2437.3553,2026-09-25,"PAMI, precio de venta al público: BLOPRESS (Abbott EPD)",minorista,,sí,Medicamentos
Candesartán cilexetil 8 mg comprimidos,comprimido,1625.1467,2026-09-25,"PAMI, precio de venta al público: TIADYL (Abbott EPD)",minorista,,sí,Medicamentos
Candesartán+hidroclorotiazida 16 mg comprimidos,comprimido,2193.5943,2026-09-25,"PAMI, precio de venta al público: TIADYL PLUS (Abbott EPD)",minorista,,sí,Medicamentos
Claritromicina 125 mg/5 ml jarabe,1 ml,20.9780,2026-09-25,"PAMI, precio de venta al público: KLARICID (Abbott EPD)",minorista,,sí,Medicamentos
Claritromicina 500 mg comprimidos,comprimido,2534.1663,2026-09-25,"PAMI, precio de venta al público: KLARICID (Abbott EPD)",minorista,,sí,Medicamentos
Claritromicina 500 mg comprimidos,comprimido,3070.7188,2026-09-25,"PAMI, precio de venta al público: KLARICID (Abbott EPD)",minorista,,sí,Medicamentos
Fenofibrato 160 mg cápsulas,cápsula,1645.4357,2026-09-25,"PAMI, precio de venta al público: CONTROLIP (Abbott EPD)",minorista,,sí,Medicamentos
Fluvoxamina 100 mg comprimidos,comprimido,1714.7950,2026-09-25,"PAMI, precio de venta al público: LUVOX (Abbott EPD)",minorista,,sí,Medicamentos
Fluvoxamina 100 mg comprimidos,comprimido,32.6373,2026-09-25,"PAMI, precio de venta al público: LUVOX (Abbott EPD)",minorista,,sí,Medicamentos
"Pinaverio,bromuro 100 mg comprimidos",comprimido,1184.7767,2026-09-25,"PAMI, precio de venta al público: DICETEL (Abbott EPD)",minorista,,sí,Medicamentos
"Pinaverio,bromuro 100 mg comprimidos",comprimido,1146.3475,2026-09-25,"PAMI, precio de venta al público: DICETEL (Abbott EPD)",minorista,,sí,Medicamentos
Propafenona 150 mg comprimidos,comprimido,925.8080,2026-09-25,"PAMI, precio de venta al público: NORMORYTMIN (Abbott EPD)",minorista,,sí,Medicamentos
Propafenona 150 mg comprimidos,comprimido,804.1648,2026-09-25,"PAMI, precio de venta al público: NORMORYTMIN (Abbott EPD)",minorista,,sí,Medicamentos
Propafenona 300 mg comprimidos,comprimido,1737.6775,2026-09-25,"PAMI, precio de venta al público: NORMORYTMIN (Abbott EPD)",minorista,,sí,Medicamentos
Propafenona 300 mg comprimidos,comprimido,1502.2498,2026-09-25,"PAMI, precio de venta al público: NORMORYTMIN (Abbott EPD)",minorista,,sí,Medicamentos
"Sodio,divalproato 125 mg comprimidos",comprimido,520.1656,2026-09-25,"PAMI, precio de venta al público: VALCOTE (Abbott EPD)",minorista,,sí,Medicamentos
"Sodio,divalproato 125 mg cápsulas",cápsula,754.7566,2026-09-25,"PAMI, precio de venta al público: VALCOTE SPRINKLE (Abbott EPD)",minorista,,sí,Medicamentos
"Sodio,divalproato 125 mg cápsulas",cápsula,788.2638,2026-09-25,"PAMI, precio de venta al público: VALCOTE SPRINKLE (Abbott EPD)",minorista,,sí,Medicamentos
"Sodio,divalproato 250 mg comprimidos",comprimido,1053.3734,2026-09-25,"PAMI, precio de venta al público: VALCOTE ER (Abbott EPD)",minorista,,sí,Medicamentos
"Sodio,divalproato 250 mg comprimidos",comprimido,875.2522,2026-09-25,"PAMI, precio de venta al público: VALCOTE (Abbott EPD)",minorista,,sí,Medicamentos
"Sodio,divalproato 500 mg comprimidos",comprimido,1857.8084,2026-09-25,"PAMI, precio de venta al público: VALCOTE ER (Abbott EPD)",minorista,,sí,Medicamentos
"Sodio,divalproato 500 mg comprimidos",comprimido,1543.5262,2026-09-25,"PAMI, precio de venta al público: VALCOTE (Abbott EPD)",minorista,,sí,Medicamentos
Verapamilo 120 mg comprimidos,comprimido,1256.3250,2026-09-25,"PAMI, precio de venta al público: ISOPTINO RETARD (Abbott EPD)",minorista,,sí,Medicamentos
Verapamilo 240 mg comprimidos,comprimido,1932.8397,2026-09-25,"PAMI, precio de venta al público: ISOPTINO MD (Abbott EPD)",minorista,,sí,Medicamentos
Verapamilo 80 mg comprimidos,comprimido,566.6830,2026-09-25,"PAMI, precio de venta al público: ISOPTINO (Abbott EPD)",minorista,,sí,Medicamentos
Bimatoprost 0.03% colirio,1 ml,14365.2867,2026-09-25,"PAMI, precio de venta al público: LUMIGAN (Abbvie)",minorista,,sí,Medicamentos
Brimonidina+timolol 0.2%/0.5% colirio,1 ml,8582.4400,2026-09-25,"PAMI, precio de venta al público: COMBIGAN (Abbvie)",minorista,,sí,Medicamentos
Carboximetilcelulosa sódica 0.5% gotas,1 ml,1980.3690,2026-09-25,"PAMI, precio de venta al público: REFRESH TEARS (Abbvie)",minorista,,sí,Medicamentos
Carboximetilcelulosa sódica 0.5% gotas,1 ml,1886.2713,2026-09-25,"PAMI, precio de venta al público: REFRESH TEARS (Abbvie)",minorista,,sí,Medicamentos
Gatifloxacina 0.3% colirio,1 ml,7466.4680,2026-09-25,"PAMI, precio de venta al público: ZYMARAN (Abbvie)",minorista,,sí,Medicamentos
Tobramicina 0.3% colirio,1 ml,93.6880,2026-09-25,"PAMI, precio de venta al público: TOBRAGAN (Abbvie)",minorista,,sí,Medicamentos
Aceite de salmón 1 g cápsulas,cápsula,1257.5268,2026-09-25,"PAMI, precio de venta al público: REGULIP (Adium)",minorista,,sí,Medicamentos
Aceite de salmón 1 g cápsulas,cápsula,1220.5520,2026-09-25,"PAMI, precio de venta al público: REGULIP (Adium)",minorista,,sí,Medicamentos
Aripiprazol 10 mg comprimidos,comprimido,1111.6243,2026-09-25,"PAMI, precio de venta al público: ARIZIC (Adium)",minorista,,sí,Medicamentos
Aripiprazol 15 mg comprimidos,comprimido,1630.6487,2026-09-25,"PAMI, precio de venta al público: ARIZIC (Adium)",minorista,,sí,Medicamentos
Aripiprazol 20 mg comprimidos,comprimido,1986.4197,2026-09-25,"PAMI, precio de venta al público: ARIZIC (Adium)",minorista,,sí,Medicamentos
Aripiprazol 5 mg comprimidos,comprimido,1007.5483,2026-09-25,"PAMI, precio de venta al público: ARIZIC (Adium)",minorista,,sí,Medicamentos
Atorvastatín 10 mg comprimidos,comprimido,1405.6933,2026-09-25,"PAMI, precio de venta al público: LIPIFEN (Adium)",minorista,,sí,Medicamentos
Atorvastatín 20 mg comprimidos,comprimido,2364.3483,2026-09-25,"PAMI, precio de venta al público: LIPIFEN (Adium)",minorista,,sí,Medicamentos
Atorvastatín 40 mg comprimidos,comprimido,2709.6693,2026-09-25,"PAMI, precio de venta al público: LIPIFEN (Adium)",minorista,,sí,Medicamentos
Atorvastatín+ezetimibe 10/10 mg comprimidos,comprimido,1598.1310,2026-09-25,"PAMI, precio de venta al público: COLMIBE (Adium)",minorista,,sí,Medicamentos
Atorvastatín+ezetimibe 20/10 mg comprimidos,comprimido,2243.1757,2026-09-25,"PAMI, precio de venta al público: COLMIBE (Adium)",minorista,,sí,Medicamentos
Atorvastatín+ezetimibe 40/10 mg comprimidos,comprimido,2782.2277,2026-09-25,"PAMI, precio de venta al público: COLMIBE (Adium)",minorista,,sí,Medicamentos
Buprenorfina 10 mg parches,parche,52261.5700,2026-09-25,"PAMI, precio de venta al público: BUPRIVA (Adium)",minorista,,sí,Medicamentos
Buprenorfina 20 mg parches,parche,63423.0400,2026-09-25,"PAMI, precio de venta al público: BUPRIVA (Adium)",minorista,,sí,Medicamentos
Buprenorfina 5 mg parches,parche,40337.6500,2026-09-25,"PAMI, precio de venta al público: BUPRIVA (Adium)",minorista,,sí,Medicamentos
Bupropión 150mg comprimidos de liberación prolongada,comprimido,3052.6183,2026-09-25,"PAMI, precio de venta al público: ODRANAL (Adium)",minorista,,sí,Medicamentos
Bupropión 150mg comprimidos de liberación prolongada,comprimido,2765.5985,2026-09-25,"PAMI, precio de venta al público: ODRANAL (Adium)",minorista,,sí,Medicamentos
Ciclobenzaprina 15 mg cápsulas,cápsula,3303.5440,2026-09-25,"PAMI, precio de venta al público: MITRUL (Adium)",minorista,,sí,Medicamentos
Clindamicina 100 mg óvulos,óvulo,2861.7571,2026-09-25,"PAMI, precio de venta al público: TORGYN (Adium)",minorista,,sí,Medicamentos
Clindamicina 100 mg óvulos,óvulo,4907.6100,2026-09-25,"PAMI, precio de venta al público: TORGYN (Adium)",minorista,,sí,Medicamentos
Clopidogrel 75 mg comprimidos,comprimido,2547.4873,2026-09-25,"PAMI, precio de venta al público: NABRATIN (Adium)",minorista,,sí,Medicamentos
Dapagliflozina 10 mg comprimidos,comprimido,2567.1490,2026-09-25,"PAMI, precio de venta al público: FANTER (Adium)",minorista,,sí,Medicamentos
Desvenlafaxina 100mg comprimidos,comprimido,2353.6760,2026-09-25,"PAMI, precio de venta al público: FAPRIS (Adium)",minorista,,sí,Medicamentos
Desvenlafaxina 50mg comprimidos,comprimido,1282.5560,2026-09-25,"PAMI, precio de venta al público: FAPRIS (Adium)",minorista,,sí,Medicamentos
Diclofenac sodico+tramadol 25/25 mg comprimidos,comprimido,1458.1510,2026-09-25,"PAMI, precio de venta al público: NUSIRA (Adium)",minorista,,sí,Medicamentos
Diclofenac sodico+tramadol 50/50 mg comprimidos,comprimido,1800.1865,2026-09-25,"PAMI, precio de venta al público: NUSIRA (Adium)",minorista,,sí,Medicamentos
Diclofenac sodico+tramadol 50/50 mg comprimidos,comprimido,1519.1450,2026-09-25,"PAMI, precio de venta al público: NUSIRA (Adium)",minorista,,sí,Medicamentos
Estradiol 2 mg comprimidos,comprimido,547.7286,2026-09-25,"PAMI, precio de venta al público: PROGYNOVA (Adium)",minorista,,sí,Medicamentos
Etoricoxib 120 mg comprimidos,comprimido,2828.6600,2026-09-25,"PAMI, precio de venta al público: XUMER (Adium)",minorista,,sí,Medicamentos
Etoricoxib 120 mg cápsulas,cápsula,2010.1957,2026-09-25,"PAMI, precio de venta al público: XUMER CB (Adium)",minorista,,sí,Medicamentos
Etoricoxib 60 mg comprimidos,comprimido,1441.7929,2026-09-25,"PAMI, precio de venta al público: XUMER (Adium)",minorista,,sí,Medicamentos
Etoricoxib 60 mg comprimidos,comprimido,1460.5036,2026-09-25,"PAMI, precio de venta al público: XUMER (Adium)",minorista,,sí,Medicamentos
Etoricoxib 60 mg cápsulas,cápsula,1289.6657,2026-09-25,"PAMI, precio de venta al público: XUMER CB (Adium)",minorista,,sí,Medicamentos
Etoricoxib 60 mg cápsulas,cápsula,1306.4139,2026-09-25,"PAMI, precio de venta al público: XUMER CB (Adium)",minorista,,sí,Medicamentos
Etoricoxib 90 mg comprimidos,comprimido,2391.4986,2026-09-25,"PAMI, precio de venta al público: XUMER (Adium)",minorista,,sí,Medicamentos
Etoricoxib 90 mg comprimidos,comprimido,1809.2504,2026-09-25,"PAMI, precio de venta al público: XUMER (Adium)",minorista,,sí,Medicamentos
Etoricoxib 90 mg cápsulas,cápsula,1891.7471,2026-09-25,"PAMI, precio de venta al público: XUMER CB (Adium)",minorista,,sí,Medicamentos
Etoricoxib 90 mg cápsulas,cápsula,1639.5418,2026-09-25,"PAMI, precio de venta al público: XUMER CB (Adium)",minorista,,sí,Medicamentos
Ezetimibe+simvastatin 10/10 mg comprimidos,comprimido,994.3343,2026-09-25,"PAMI, precio de venta al público: REDUSTEROL DUO (Adium)",minorista,,sí,Medicamentos
Ezetimibe+simvastatin 10/20 mg comprimidos,comprimido,994.3343,2026-09-25,"PAMI, precio de venta al público: REDUSTEROL DUO (Adium)",minorista,,sí,Medicamentos
Ezetimibe+simvastatin 10/40 mg comprimidos,comprimido,1596.4743,2026-09-25,"PAMI, precio de venta al público: REDUSTEROL DUO (Adium)",minorista,,sí,Medicamentos
Fluconazol 100 mg comprimidos,comprimido,7432.3987,2026-09-25,"PAMI, precio de venta al público: MUTUM (Adium)",minorista,,sí,Medicamentos
Fluconazol 150 mg comprimidos,comprimido,10217.3900,2026-09-25,"PAMI, precio de venta al público: MUTUM (Adium)",minorista,,sí,Medicamentos
Fluconazol 150 mg comprimidos,comprimido,9995.7350,2026-09-25,"PAMI, precio de venta al público: MUTUM (Adium)",minorista,,sí,Medicamentos
Fluconazol 150 mg comprimidos,comprimido,8813.7375,2026-09-25,"PAMI, precio de venta al público: MUTUM (Adium)",minorista,,sí,Medicamentos
Fluconazol 150 mg comprimidos,comprimido,7667.0475,2026-09-25,"PAMI, precio de venta al público: MUTUM (Adium)",minorista,,sí,Medicamentos
Fluconazol 200 mg comprimidos,comprimido,12566.7040,2026-09-25,"PAMI, precio de venta al público: MUTUM (Adium)",minorista,,sí,Medicamentos
Fluconazol 200 mg comprimidos,comprimido,10686.2357,2026-09-25,"PAMI, precio de venta al público: MUTUM (Adium)",minorista,,sí,Medicamentos
Gabapentin 100 mg comprimidos,comprimido,719.6923,2026-09-25,"PAMI, precio de venta al público: ULTRANEURAL (Adium)",minorista,,sí,Medicamentos
Gabapentin 300 mg comprimidos,comprimido,1304.8493,2026-09-25,"PAMI, precio de venta al público: ULTRANEURAL (Adium)",minorista,,sí,Medicamentos
Gabapentin 300 mg comprimidos,comprimido,1165.5665,2026-09-25,"PAMI, precio de venta al público: ULTRANEURAL (Adium)",minorista,,sí,Medicamentos
Gabapentin 600 mg comprimidos,comprimido,1643.2603,2026-09-25,"PAMI, precio de venta al público: ULTRANEURAL (Adium)",minorista,,sí,Medicamentos
"Ibandrónico,ác. 150 mg comprimidos",comprimido,47301.0900,2026-09-25,"PAMI, precio de venta al público: IDENA (Adium)",minorista,,sí,Medicamentos
"Ibandrónico,ác. 150 mg comprimidos",comprimido,37908.3300,2026-09-25,"PAMI, precio de venta al público: IDENA (Adium)",minorista,,sí,Medicamentos
Isoxsuprina 10 mg comprimidos,comprimido,1361.1780,2026-09-25,"PAMI, precio de venta al público: DUVADILAN (Adium)",minorista,,sí,Medicamentos
Lacosamida 100 mg comprimidos,comprimido,3987.1663,2026-09-25,"PAMI, precio de venta al público: LACOTEM (Adium)",minorista,,sí,Medicamentos
Lacosamida 150 mg comprimidos,comprimido,5390.6463,2026-09-25,"PAMI, precio de venta al público: LACOTEM (Adium)",minorista,,sí,Medicamentos
Lacosamida 200 mg comprimidos,comprimido,7187.5060,2026-09-25,"PAMI, precio de venta al público: LACOTEM (Adium)",minorista,,sí,Medicamentos
Lacosamida 50 mg comprimidos,comprimido,1879.3193,2026-09-25,"PAMI, precio de venta al público: LACOTEM (Adium)",minorista,,sí,Medicamentos
Levetiracetam 1000 mg comprimidos,comprimido,5762.9807,2026-09-25,"PAMI, precio de venta al público: LEVAXON (Adium)",minorista,,sí,Medicamentos
Levetiracetam 500 mg comprimidos,comprimido,2994.0565,2026-09-25,"PAMI, precio de venta al público: LEVAXON (Adium)",minorista,,sí,Medicamentos
Levetiracetam 500 mg comprimidos,comprimido,2749.6345,2026-09-25,"PAMI, precio de venta al público: LEVAXON (Adium)",minorista,,sí,Medicamentos
Levofloxacina 500 mg comprimidos,comprimido,2345.0043,2026-09-25,"PAMI, precio de venta al público: UNIFLOX (Adium)",minorista,,sí,Medicamentos
Levofloxacina 500 mg comprimidos,comprimido,2945.3329,2026-09-25,"PAMI, precio de venta al público: UNIFLOX (Adium)",minorista,,sí,Medicamentos
Levofloxacina 750 mg comprimidos,comprimido,4731.8860,2026-09-25,"PAMI, precio de venta al público: UNIFLOX 750 (Adium)",minorista,,sí,Medicamentos
Meloxicam 15 mg comprimidos,comprimido,1433.3100,2026-09-25,"PAMI, precio de venta al público: FLEXIDOL (Adium)",minorista,,sí,Medicamentos
Meloxicam 15 mg comprimidos,comprimido,1407.6660,2026-09-25,"PAMI, precio de venta al público: FLEXIDOL (Adium)",minorista,,sí,Medicamentos
Meloxicam 15 mg comprimidos,comprimido,1363.8993,2026-09-25,"PAMI, precio de venta al público: FLEXIDOL (Adium)",minorista,,sí,Medicamentos
Meloxicam 15 mg cápsulas,cápsula,1536.6280,2026-09-25,"PAMI, precio de venta al público: FLEXIDOL CB (Adium)",minorista,,sí,Medicamentos
Meloxicam 15 mg cápsulas,cápsula,1502.9655,2026-09-25,"PAMI, precio de venta al público: FLEXIDOL CB (Adium)",minorista,,sí,Medicamentos
Mirtazapina 30 mg comprimidos,comprimido,1605.8380,2026-09-25,"PAMI, precio de venta al público: COMENTER (Adium)",minorista,,sí,Medicamentos
Nebivolol 10 mg comprimidos,comprimido,1470.0364,2026-09-25,"PAMI, precio de venta al público: NABILA (Adium)",minorista,,sí,Medicamentos
Nebivolol 2.5 mg comprimidos,comprimido,356.2693,2026-09-25,"PAMI, precio de venta al público: NABILA (Adium)",minorista,,sí,Medicamentos
Nebivolol 5 mg comprimidos,comprimido,758.6268,2026-09-25,"PAMI, precio de venta al público: NABILA (Adium)",minorista,,sí,Medicamentos
Nebivolol+hidroclorotiazida 5/12.5 mg comprimidos,comprimido,913.3750,2026-09-25,"PAMI, precio de venta al público: NABILA D (Adium)",minorista,,sí,Medicamentos
Nimodipina 30 mg comprimidos,comprimido,474.8207,2026-09-25,"PAMI, precio de venta al público: NIVAS (Adium)",minorista,,sí,Medicamentos
Nimodipina 30 mg comprimidos,comprimido,394.8558,2026-09-25,"PAMI, precio de venta al público: NIVAS (Adium)",minorista,,sí,Medicamentos
Nimodipina 60 mg comprimidos,comprimido,774.7677,2026-09-25,"PAMI, precio de venta al público: NIVAS FORTE (Adium)",minorista,,sí,Medicamentos
Nimodipina 60 mg comprimidos,comprimido,647.8738,2026-09-25,"PAMI, precio de venta al público: NIVAS FORTE (Adium)",minorista,,sí,Medicamentos
Noretisterona 10 mg blist. comprimidos,comprimido,1662.8655,2026-09-25,"PAMI, precio de venta al público: PRIMOLUT NOR (Adium)",minorista,,sí,Medicamentos
Pregabalina 100 mg cápsulas,cápsula,2463.9275,2026-09-25,"PAMI, precio de venta al público: PREBICTAL (Adium)",minorista,,sí,Medicamentos
Pregabalina 150 mg cápsulas,cápsula,2624.5964,2026-09-25,"PAMI, precio de venta al público: PREBICTAL (Adium)",minorista,,sí,Medicamentos
Pregabalina 25 mg cápsulas,cápsula,586.6854,2026-09-25,"PAMI, precio de venta al público: PREBICTAL (Adium)",minorista,,sí,Medicamentos
Pregabalina 50 mg cápsulas,cápsula,1408.1521,2026-09-25,"PAMI, precio de venta al público: PREBICTAL (Adium)",minorista,,sí,Medicamentos
Pregabalina 75 mg comprimidos,comprimido,1302.7793,2026-09-25,"PAMI, precio de venta al público: PREBICTAL 75 MULTIDOSIS (Adium)",minorista,,sí,Medicamentos
Pregabalina 75 mg comprimidos,comprimido,1466.1810,2026-09-25,"PAMI, precio de venta al público: PREBICTAL 75 MULTIDOSIS (Adium)",minorista,,sí,Medicamentos
Pregabalina 75 mg cápsulas,cápsula,1660.9900,2026-09-25,"PAMI, precio de venta al público: PREBICTAL (Adium)",minorista,,sí,Medicamentos
Quetiapina 100 mg comprimidos,comprimido,3547.2343,2026-09-25,"PAMI, precio de venta al público: QUETIAZIC (Adium)",minorista,,sí,Medicamentos
Quetiapina 100 mg comprimidos,comprimido,2801.5178,2026-09-25,"PAMI, precio de venta al público: QUETIAZIC (Adium)",minorista,,sí,Medicamentos
Quetiapina 200 mg comprimidos,comprimido,4556.3343,2026-09-25,"PAMI, precio de venta al público: QUETIAZIC (Adium)",minorista,,sí,Medicamentos
Quetiapina 200 mg comprimidos,comprimido,3679.4000,2026-09-25,"PAMI, precio de venta al público: QUETIAZIC (Adium)",minorista,,sí,Medicamentos
Quetiapina 200mg comprimidos de liberación prolongada,comprimido,4573.3683,2026-09-25,"PAMI, precio de venta al público: QUETIAZIC XR (Adium)",minorista,,sí,Medicamentos
Quetiapina 25 mg comprimidos,comprimido,2162.7397,2026-09-25,"PAMI, precio de venta al público: QUETIAZIC (Adium)",minorista,,sí,Medicamentos
Quetiapina 25 mg comprimidos,comprimido,1687.5383,2026-09-25,"PAMI, precio de venta al público: QUETIAZIC (Adium)",minorista,,sí,Medicamentos
Quetiapina 300 mg comprimidos,comprimido,5202.4647,2026-09-25,"PAMI, precio de venta al público: QUETIAZIC (Adium)",minorista,,sí,Medicamentos
Quetiapina 300mg comprimidos de liberación prolongada,comprimido,6208.3077,2026-09-25,"PAMI, precio de venta al público: QUETIAZIC XR (Adium)",minorista,,sí,Medicamentos
Quetiapina 400mg comprimidos de liberación prolongada,comprimido,9334.7530,2026-09-25,"PAMI, precio de venta al público: QUETIAZIC XR (Adium)",minorista,,sí,Medicamentos
Quetiapina 50 mg comprimidos de liberación prolongada,comprimido,4437.3067,2026-09-25,"PAMI, precio de venta al público: QUETIAZIC XR (Adium)",minorista,,sí,Medicamentos
Risperidona 0.5 mg comprimidos,comprimido,460.9950,2026-09-25,"PAMI, precio de venta al público: DOZIC (Adium)",minorista,,sí,Medicamentos
Risperidona 1 mg comprimidos,comprimido,761.2640,2026-09-25,"PAMI, precio de venta al público: DOZIC (Adium)",minorista,,sí,Medicamentos
Risperidona 1 mg comprimidos,comprimido,543.4425,2026-09-25,"PAMI, precio de venta al público: DOZIC (Adium)",minorista,,sí,Medicamentos
Risperidona 2 mg comprimidos,comprimido,1510.3095,2026-09-25,"PAMI, precio de venta al público: DOZIC (Adium)",minorista,,sí,Medicamentos
Risperidona 2 mg comprimidos,comprimido,1413.6115,2026-09-25,"PAMI, precio de venta al público: DOZIC (Adium)",minorista,,sí,Medicamentos
Risperidona 3 mg comprimidos,comprimido,1974.0850,2026-09-25,"PAMI, precio de venta al público: DOZIC (Adium)",minorista,,sí,Medicamentos
Risperidona 3 mg comprimidos,comprimido,1945.0183,2026-09-25,"PAMI, precio de venta al público: DOZIC (Adium)",minorista,,sí,Medicamentos
Rivastigmina 13.3 mg parches,parche,3713.9823,2026-09-25,"PAMI, precio de venta al público: REMIZERAL PARCHES (Adium)",minorista,,sí,Medicamentos
Rivastigmina 4.6 mg parches,parche,3414.1780,2026-09-25,"PAMI, precio de venta al público: REMIZERAL PARCHES (Adium)",minorista,,sí,Medicamentos
Rivastigmina 9.5 mg parches,parche,3414.1780,2026-09-25,"PAMI, precio de venta al público: REMIZERAL PARCHES (Adium)",minorista,,sí,Medicamentos
Sacubitrilo+valsartán 100 mg comprimidos,comprimido,3346.1287,2026-09-25,"PAMI, precio de venta al público: DUPERTAN (Adium)",minorista,,sí,Medicamentos
Sacubitrilo+valsartán 100 mg comprimidos,comprimido,3274.0608,2026-09-25,"PAMI, precio de venta al público: DUPERTAN (Adium)",minorista,,sí,Medicamentos
Sacubitrilo+valsartán 200 mg comprimidos,comprimido,3545.0927,2026-09-25,"PAMI, precio de venta al público: DUPERTAN (Adium)",minorista,,sí,Medicamentos
Sacubitrilo+valsartán 50 mg comprimidos,comprimido,3087.5757,2026-09-25,"PAMI, precio de venta al público: DUPERTAN (Adium)",minorista,,sí,Medicamentos
Sertralina 100 mg comprimidos,comprimido,1858.8187,2026-09-25,"PAMI, precio de venta al público: ATENIX (Adium)",minorista,,sí,Medicamentos
Sertralina 25 mg comprimidos,comprimido,411.1130,2026-09-25,"PAMI, precio de venta al público: ATENIX (Adium)",minorista,,sí,Medicamentos
Sertralina 50 mg comprimidos,comprimido,1128.0267,2026-09-25,"PAMI, precio de venta al público: ATENIX (Adium)",minorista,,sí,Medicamentos
Sertralina 50 mg comprimidos,comprimido,926.0803,2026-09-25,"PAMI, precio de venta al público: ATENIX (Adium)",minorista,,sí,Medicamentos
Simvastatin 10 mg comprimidos,comprimido,1000.2137,2026-09-25,"PAMI, precio de venta al público: REDUSTEROL (Adium)",minorista,,sí,Medicamentos
Simvastatin 20 mg comprimidos,comprimido,1267.3640,2026-09-25,"PAMI, precio de venta al público: REDUSTEROL (Adium)",minorista,,sí,Medicamentos
Simvastatin 40 mg comprimidos,comprimido,1143.2193,2026-09-25,"PAMI, precio de venta al público: REDUSTEROL (Adium)",minorista,,sí,Medicamentos
Tamsulosina 0.4 mg cápsulas,cápsula,1647.6560,2026-09-25,"PAMI, precio de venta al público: REDUPROST (Adium)",minorista,,sí,Medicamentos
Tamsulosina 0.4 mg cápsulas,cápsula,1368.3025,2026-09-25,"PAMI, precio de venta al público: REDUPROST (Adium)",minorista,,sí,Medicamentos
Terbinafina 250 mg comprimidos,comprimido,1295.4821,2026-09-25,"PAMI, precio de venta al público: LIKANA (Adium)",minorista,,sí,Medicamentos
Terbinafina 250 mg comprimidos,comprimido,1589.9793,2026-09-25,"PAMI, precio de venta al público: LIKANA (Adium)",minorista,,sí,Medicamentos
Topiramato 100 mg comprimidos,comprimido,2227.1593,2026-09-25,"PAMI, precio de venta al público: TOPICTAL (Adium)",minorista,,sí,Medicamentos
Topiramato 100 mg comprimidos,comprimido,2118.7413,2026-09-25,"PAMI, precio de venta al público: TOPICTAL (Adium)",minorista,,sí,Medicamentos
Topiramato 25 mg comprimidos,comprimido,749.6868,2026-09-25,"PAMI, precio de venta al público: TOPICTAL (Adium)",minorista,,sí,Medicamentos
Topiramato 25 mg comprimidos,comprimido,674.5357,2026-09-25,"PAMI, precio de venta al público: TOPICTAL (Adium)",minorista,,sí,Medicamentos
Topiramato 50 mg comprimidos,comprimido,1439.3664,2026-09-25,"PAMI, precio de venta al público: TOPICTAL (Adium)",minorista,,sí,Medicamentos
Topiramato 50 mg comprimidos,comprimido,1386.1593,2026-09-25,"PAMI, precio de venta al público: TOPICTAL (Adium)",minorista,,sí,Medicamentos
Tramadol 50 mg cápsulas,cápsula,1033.9620,2026-09-25,"PAMI, precio de venta al público: ULTRAGESIC CB (Adium)",minorista,,sí,Medicamentos
Tramadol 50 mg cápsulas,cápsula,1033.9670,2026-09-25,"PAMI, precio de venta al público: ULTRAGESIC CB (Adium)",minorista,,sí,Medicamentos
Tramadol 50 mg cápsulas,cápsula,967.4823,2026-09-25,"PAMI, precio de venta al público: ULTRAGESIC CB (Adium)",minorista,,sí,Medicamentos
Tramadol+paracetamol 37.5/325 mg comprimidos,comprimido,1441.4050,2026-09-25,"PAMI, precio de venta al público: ULTRAGESIC PLUS (Adium)",minorista,,sí,Medicamentos
Tramadol+paracetamol 37.5/325 mg comprimidos,comprimido,1684.3920,2026-09-25,"PAMI, precio de venta al público: ULTRAGESIC PLUS (Adium)",minorista,,sí,Medicamentos
Tramadol+paracetamol 37.5/325 mg comprimidos,comprimido,1418.7827,2026-09-25,"PAMI, precio de venta al público: ULTRAGESIC PLUS (Adium)",minorista,,sí,Medicamentos
Valsartán 160 mg comprimidos,comprimido,1387.5707,2026-09-25,"PAMI, precio de venta al público: ALPERTAN (Adium)",minorista,,sí,Medicamentos
Valsartán 160 mg comprimidos,comprimido,1483.6846,2026-09-25,"PAMI, precio de venta al público: ALPERTAN (Adium)",minorista,,sí,Medicamentos
Valsartán 320 mg comprimidos,comprimido,1572.9900,2026-09-25,"PAMI, precio de venta al público: ALPERTAN (Adium)",minorista,,sí,Medicamentos
Valsartán 80 mg comprimidos,comprimido,1161.4229,2026-09-25,"PAMI, precio de venta al público: ALPERTAN (Adium)",minorista,,sí,Medicamentos
Valsartán 80 mg comprimidos,comprimido,1143.6411,2026-09-25,"PAMI, precio de venta al público: ALPERTAN (Adium)",minorista,,sí,Medicamentos
Valsartán+amlodipina 10/160 mg comprimidos,comprimido,1798.6104,2026-09-25,"PAMI, precio de venta al público: NOSTER (Adium)",minorista,,sí,Medicamentos
Valsartán+amlodipina 5/160 mg comprimidos,comprimido,1751.5139,2026-09-25,"PAMI, precio de venta al público: NOSTER (Adium)",minorista,,sí,Medicamentos
Valsartán+amlodipina 5/320 mg comprimidos,comprimido,2138.9854,2026-09-25,"PAMI, precio de venta al público: NOSTER (Adium)",minorista,,sí,Medicamentos
Valsartán+hidrocloroti.+amlodip. 160/12.5/10 mg comprimidos,comprimido,2269.2179,2026-09-25,"PAMI, precio de venta al público: NOSTER D (Adium)",minorista,,sí,Medicamentos
Valsartán+hidrocloroti.+amlodip. 160/12.5/5 mg comprimidos,comprimido,2269.2179,2026-09-25,"PAMI, precio de venta al público: NOSTER D (Adium)",minorista,,sí,Medicamentos
Valsartán+hidrocloroti.+amlodip. 320/25/10 mg comprimidos,comprimido,2528.9964,2026-09-25,"PAMI, precio de venta al público: NOSTER D (Adium)",minorista,,sí,Medicamentos
Valsartán+hidroclorotiazida 160/12.5 mg comprimidos,comprimido,1257.7961,2026-09-25,"PAMI, precio de venta al público: ALPERTAN D (Adium)",minorista,,sí,Medicamentos
Valsartán+hidroclorotiazida 320/12.5 mg comprimidos,comprimido,1666.8046,2026-09-25,"PAMI, precio de venta al público: ALPERTAN D (Adium)",minorista,,sí,Medicamentos
Valsartán+hidroclorotiazida 320/25 mg comprimidos,comprimido,1697.1207,2026-09-25,"PAMI, precio de venta al público: ALPERTAN D (Adium)",minorista,,sí,Medicamentos
Valsartán+hidroclorotiazida 80/12.5 mg comprimidos,comprimido,1128.2250,2026-09-25,"PAMI, precio de venta al público: ALPERTAN D (Adium)",minorista,,sí,Medicamentos
Vildagliptin 50 mg comprimidos,comprimido,1492.2237,2026-09-25,"PAMI, precio de venta al público: VILZER (Adium)",minorista,,sí,Medicamentos
Vildagliptin 50 mg comprimidos,comprimido,1423.3605,2026-09-25,"PAMI, precio de venta al público: VILZER (Adium)",minorista,,sí,Medicamentos
Vildagliptin+metformina 50/1000 mg comprimidos,comprimido,2020.6753,2026-09-25,"PAMI, precio de venta al público: VILZERMET (Adium)",minorista,,sí,Medicamentos
Vildagliptin+metformina 50/1000 mg comprimidos,comprimido,1871.0318,2026-09-25,"PAMI, precio de venta al público: VILZERMET (Adium)",minorista,,sí,Medicamentos
Vildagliptin+metformina 50/500 mg comprimidos,comprimido,1741.3227,2026-09-25,"PAMI, precio de venta al público: VILZERMET (Adium)",minorista,,sí,Medicamentos
Vildagliptin+metformina 50/500 mg comprimidos,comprimido,1621.8787,2026-09-25,"PAMI, precio de venta al público: VILZERMET (Adium)",minorista,,sí,Medicamentos
Vildagliptin+metformina 50/850 mg comprimidos,comprimido,1689.9887,2026-09-25,"PAMI, precio de venta al público: VILZERMET (Adium)",minorista,,sí,Medicamentos
Vildagliptin+metformina 50/850 mg comprimidos,comprimido,1640.5555,2026-09-25,"PAMI, precio de venta al público: VILZERMET (Adium)",minorista,,sí,Medicamentos
Vonoprazan 10 mg comprimidos,comprimido,1454.4153,2026-09-25,"PAMI, precio de venta al público: VOZAMA (Adium)",minorista,,sí,Medicamentos
Vonoprazan 20 mg comprimidos,comprimido,2087.6543,2026-09-25,"PAMI, precio de venta al público: VOZAMA (Adium)",minorista,,sí,Medicamentos
"Atropina,sulfato 1% colirio",1 ml,3060.2460,2026-09-25,"PAMI, precio de venta al público: ALCON ATROPINA 1% (Alcon)",minorista,,sí,Medicamentos
Tropicamida 1% colirio,1 ml,3099.4200,2026-09-25,"PAMI, precio de venta al público: ALCON MYDRIL (Alcon)",minorista,,sí,Medicamentos
Adapaleno 0.3% gel,1 g,1314.7960,2026-09-25,"PAMI, precio de venta al público: SINAC",minorista,,sí,Medicamentos
Fluconazol 150 mg comprimidos,comprimido,10088.7500,2026-09-25,"PAMI, precio de venta al público: MACRIL FLUCO",minorista,,sí,Medicamentos
Fluconazol 150 mg comprimidos,comprimido,8968.3325,2026-09-25,"PAMI, precio de venta al público: MACRIL FLUCO",minorista,,sí,Medicamentos
Fluconazol 150 mg comprimidos,comprimido,7719.0413,2026-09-25,"PAMI, precio de venta al público: MACRIL FLUCO",minorista,,sí,Medicamentos
Naproxeno 250 mg comprimidos,comprimido,980.9705,2026-09-25,"PAMI, precio de venta al público: NAPRUX",minorista,,sí,Medicamentos
Naproxeno 250 mg comprimidos,comprimido,848.0476,2026-09-25,"PAMI, precio de venta al público: NAPRUX",minorista,,sí,Medicamentos
Naproxeno 500 mg comprimidos,comprimido,1946.4575,2026-09-25,"PAMI, precio de venta al público: NAPRUX",minorista,,sí,Medicamentos
Naproxeno 500 mg comprimidos,comprimido,1715.2680,2026-09-25,"PAMI, precio de venta al público: NAPRUX",minorista,,sí,Medicamentos
Naproxeno 550 mg comprimidos,comprimido,2015.3430,2026-09-25,"PAMI, precio de venta al público: NAPRUX RAPID",minorista,,sí,Medicamentos
Naproxeno 550 mg comprimidos,comprimido,1990.1125,2026-09-25,"PAMI, precio de venta al público: NAPRUX RAPID",minorista,,sí,Medicamentos
Alendronato 70 mg comprimidos,comprimido,6952.9875,2026-09-25,"PAMI, precio de venta al público: MARVIL (Ariston)",minorista,,sí,Medicamentos
Alendronato 70 mg comprimidos,comprimido,3982.4150,2026-09-25,"PAMI, precio de venta al público: SILIDRAL 70 (Ariston)",minorista,,sí,Medicamentos
Allopurinol 300 mg comprimidos,comprimido,321.1533,2026-09-25,"PAMI, precio de venta al público: ALLOPURINOL HOUDE (Ariston)",minorista,,sí,Medicamentos
Aripiprazol 10 mg comprimidos,comprimido,984.4100,2026-09-25,"PAMI, precio de venta al público: ARISDAR (Ariston)",minorista,,sí,Medicamentos
Aripiprazol 15 mg comprimidos,comprimido,1449.1590,2026-09-25,"PAMI, precio de venta al público: ARISDAR (Ariston)",minorista,,sí,Medicamentos
Aripiprazol 5 mg comprimidos,comprimido,882.7477,2026-09-25,"PAMI, precio de venta al público: ARISDAR (Ariston)",minorista,,sí,Medicamentos
Baclofeno 10 mg comprimidos,comprimido,467.9855,2026-09-25,"PAMI, precio de venta al público: BACLOX (Ariston)",minorista,,sí,Medicamentos
Baclofeno 25 mg comprimidos,comprimido,1169.9537,2026-09-25,"PAMI, precio de venta al público: BACLOX (Ariston)",minorista,,sí,Medicamentos
"Calcio,acetato 500 mg cápsulas",cápsula,2811.9583,2026-09-25,"PAMI, precio de venta al público: ROYEN (Ariston)",minorista,,sí,Medicamentos
"Calcio,citrato 500 mg nja. comprimidos masticables",comprimido,370.6137,2026-09-25,"PAMI, precio de venta al público: CALCIONAL CITRATO (Ariston)",minorista,,sí,Medicamentos
"Calcio,citrato 500 mg nja. comprimidos masticables",comprimido,341.3922,2026-09-25,"PAMI, precio de venta al público: CALCIONAL CITRATO (Ariston)",minorista,,sí,Medicamentos
Dexametasona 4 mg comprimidos,comprimido,836.9400,2026-09-25,"PAMI, precio de venta al público: DEXATOTAL (Ariston)",minorista,,sí,Medicamentos
Dexametasona 4 mg comprimidos,comprimido,795.6800,2026-09-25,"PAMI, precio de venta al público: DEXATOTAL (Ariston)",minorista,,sí,Medicamentos
Dexametasona 8 mg comprimidos,comprimido,1766.5800,2026-09-25,"PAMI, precio de venta al público: DEXATOTAL (Ariston)",minorista,,sí,Medicamentos
Dexametasona 8 mg comprimidos,comprimido,1568.6340,2026-09-25,"PAMI, precio de venta al público: DEXATOTAL (Ariston)",minorista,,sí,Medicamentos
Dexametasona 8 mg comprimidos,comprimido,1396.4777,2026-09-25,"PAMI, precio de venta al público: DEXATOTAL (Ariston)",minorista,,sí,Medicamentos
Duloxetina 30mg cápsulas,cápsula,1570.3357,2026-09-25,"PAMI, precio de venta al público: DUERIX (Ariston)",minorista,,sí,Medicamentos
Duloxetina 30mg cápsulas,cápsula,2093.4729,2026-09-25,"PAMI, precio de venta al público: DUERIX (Ariston)",minorista,,sí,Medicamentos
Duloxetina 60mg cápsulas,cápsula,2094.3925,2026-09-25,"PAMI, precio de venta al público: DUERIX (Ariston)",minorista,,sí,Medicamentos
Escitalopram 10 mg comprimidos,comprimido,1205.2973,2026-09-25,"PAMI, precio de venta al público: EX3 (Ariston)",minorista,,sí,Medicamentos
Escitalopram 20 mg comprimidos,comprimido,2179.1107,2026-09-25,"PAMI, precio de venta al público: EX3 (Ariston)",minorista,,sí,Medicamentos
Febuxostat 80 mg comprimidos,comprimido,2578.9207,2026-09-25,"PAMI, precio de venta al público: FEBUXTAT (Ariston)",minorista,,sí,Medicamentos
Finasteride 5 mg comprimidos,comprimido,992.5510,2026-09-25,"PAMI, precio de venta al público: Q-PROST (Ariston)",minorista,,sí,Medicamentos
Gabapentin 100 mg cápsulas,cápsula,622.2120,2026-09-25,"PAMI, precio de venta al público: ARAPENTIN (Ariston)",minorista,,sí,Medicamentos
Gabapentin 300 mg cápsulas,cápsula,1116.3857,2026-09-25,"PAMI, precio de venta al público: ARAPENTIN (Ariston)",minorista,,sí,Medicamentos
Gabapentin 600 mg comprimidos,comprimido,1351.8410,2026-09-25,"PAMI, precio de venta al público: ARAPENTIN (Ariston)",minorista,,sí,Medicamentos
Glucosamina 1500 mg sobres,sobre,1402.2955,2026-09-25,"PAMI, precio de venta al público: OSTATAC (Ariston)",minorista,,sí,Medicamentos
Hidralazina 50 mg comprimidos,comprimido,2409.8210,2026-09-25,"PAMI, precio de venta al público: HYDRAPRES (Ariston)",minorista,,sí,Medicamentos
"Ibandrónico,ác. 150 mg comprimidos",comprimido,32514.0200,2026-09-25,"PAMI, precio de venta al público: SILIDRAL UNO (Ariston)",minorista,,sí,Medicamentos
"Ibandrónico,ác. 150 mg comprimidos",comprimido,38193.2000,2026-09-25,"PAMI, precio de venta al público: ADROMUX (Ariston)",minorista,,sí,Medicamentos
"Ibandrónico,ác. 150 mg comprimidos",comprimido,29546.1733,2026-09-25,"PAMI, precio de venta al público: ADROMUX (Ariston)",minorista,,sí,Medicamentos
Lacosamida 100 mg comprimidos,comprimido,3406.4497,2026-09-25,"PAMI, precio de venta al público: LACOMAX (Ariston)",minorista,,sí,Medicamentos
Lacosamida 200 mg comprimidos,comprimido,6140.6570,2026-09-25,"PAMI, precio de venta al público: LACOMAX (Ariston)",minorista,,sí,Medicamentos
Lacosamida 50 mg comprimidos,comprimido,1605.5963,2026-09-25,"PAMI, precio de venta al público: LACOMAX (Ariston)",minorista,,sí,Medicamentos
Lamotrigina 100 mg comprimidos,comprimido,1677.0620,2026-09-25,"PAMI, precio de venta al público: TREGINAX (Ariston)",minorista,,sí,Medicamentos
Lamotrigina 200 mg comprimidos,comprimido,2287.3913,2026-09-25,"PAMI, precio de venta al público: TREGINAX (Ariston)",minorista,,sí,Medicamentos
Lamotrigina 25 mg comprimidos,comprimido,539.1307,2026-09-25,"PAMI, precio de venta al público: TREGINAX (Ariston)",minorista,,sí,Medicamentos
Lamotrigina 50 mg comprimidos,comprimido,843.3313,2026-09-25,"PAMI, precio de venta al público: TREGINAX (Ariston)",minorista,,sí,Medicamentos
Leflunomida 20 mg comprimidos,comprimido,1436.4517,2026-09-25,"PAMI, precio de venta al público: LEFLUNOMIDA SC (Ariston)",minorista,,sí,Medicamentos
Memantine 10 mg comprimidos,comprimido,1333.4463,2026-09-25,"PAMI, precio de venta al público: TONIBRAL (Ariston)",minorista,,sí,Medicamentos
Memantine 14 mg cápsulas,cápsula,1116.2093,2026-09-25,"PAMI, precio de venta al público: TONIBRAL XR (Ariston)",minorista,,sí,Medicamentos
Memantine 20 mg comprimidos,comprimido,1827.0760,2026-09-25,"PAMI, precio de venta al público: TONIBRAL 20 (Ariston)",minorista,,sí,Medicamentos
Memantine 28 mg cápsulas,cápsula,1517.2763,2026-09-25,"PAMI, precio de venta al público: TONIBRAL XR (Ariston)",minorista,,sí,Medicamentos
Mesalazina 1000 mg comprimidos,comprimido,4180.3643,2026-09-25,"PAMI, precio de venta al público: 5XR 1000 (Ariston)",minorista,,sí,Medicamentos
Mesalazina 1000 mg comprimidos,comprimido,4180.3643,2026-09-25,"PAMI, precio de venta al público: 5XR 1000 (Ariston)",minorista,,sí,Medicamentos
Mesalazina 500 mg comprimidos,comprimido,1381.6827,2026-09-25,"PAMI, precio de venta al público: 5XR 500 (Ariston)",minorista,,sí,Medicamentos
Mesalazina 500 mg comprimidos,comprimido,1626.4600,2026-09-25,"PAMI, precio de venta al público: 5XR 500 (Ariston)",minorista,,sí,Medicamentos
Mirtazapina 30 mg comprimidos,comprimido,1403.9033,2026-09-25,"PAMI, precio de venta al público: TETRAZIC (Ariston)",minorista,,sí,Medicamentos
Modafinilo 200 mg comprimidos,comprimido,2162.2713,2026-09-25,"PAMI, precio de venta al público: VISPER (Ariston)",minorista,,sí,Medicamentos
Modafinilo 200 mg comprimidos,comprimido,2051.1867,2026-09-25,"PAMI, precio de venta al público: VISPER (Ariston)",minorista,,sí,Medicamentos
Naltrexona 50 mg comprimidos,comprimido,6626.4367,2026-09-25,"PAMI, precio de venta al público: NALCOTREX (Ariston)",minorista,,sí,Medicamentos
Neomicina 250 mg comprimidos,comprimido,1468.0925,2026-09-25,"PAMI, precio de venta al público: NEOTRIL (Ariston)",minorista,,sí,Medicamentos
"Otilonio,bromuro 40 mg comprimidos",comprimido,733.1240,2026-09-25,"PAMI, precio de venta al público: BROMOTIL (Ariston)",minorista,,sí,Medicamentos
"Otilonio,bromuro 40 mg comprimidos",comprimido,516.3777,2026-09-25,"PAMI, precio de venta al público: BROMOTIL (Ariston)",minorista,,sí,Medicamentos
Paroxetina 20 mg comprimidos,comprimido,1135.3750,2026-09-25,"PAMI, precio de venta al público: OPTIPAR (Ariston)",minorista,,sí,Medicamentos
Pregabalina 150 mg comprimidos,comprimido,1587.5897,2026-09-25,"PAMI, precio de venta al público: PREBIEN 150 DIVIDOSIS (Ariston)",minorista,,sí,Medicamentos
Pregabalina 150 mg cápsulas,cápsula,1991.0929,2026-09-25,"PAMI, precio de venta al público: PREBIEN (Ariston)",minorista,,sí,Medicamentos
Pregabalina 75 mg comprimidos,comprimido,1334.2593,2026-09-25,"PAMI, precio de venta al público: PREBIEN 75 DIVIDOSIS (Ariston)",minorista,,sí,Medicamentos
Pregabalina 75 mg cápsulas,cápsula,1218.3832,2026-09-25,"PAMI, precio de venta al público: PREBIEN (Ariston)",minorista,,sí,Medicamentos
Quetiapina 100 mg comprimidos,comprimido,2872.6770,2026-09-25,"PAMI, precio de venta al público: QUEPAX (Ariston)",minorista,,sí,Medicamentos
Quetiapina 100 mg comprimidos,comprimido,2091.5108,2026-09-25,"PAMI, precio de venta al público: QUEPAX (Ariston)",minorista,,sí,Medicamentos
Quetiapina 200 mg comprimidos,comprimido,3455.7220,2026-09-25,"PAMI, precio de venta al público: QUEPAX XR (Ariston)",minorista,,sí,Medicamentos
Quetiapina 200 mg comprimidos,comprimido,3595.3923,2026-09-25,"PAMI, precio de venta al público: QUEPAX (Ariston)",minorista,,sí,Medicamentos
Quetiapina 200 mg comprimidos,comprimido,2669.4200,2026-09-25,"PAMI, precio de venta al público: QUEPAX (Ariston)",minorista,,sí,Medicamentos
Quetiapina 25 mg comprimidos,comprimido,977.1180,2026-09-25,"PAMI, precio de venta al público: QUEPAX (Ariston)",minorista,,sí,Medicamentos
Quetiapina 25 mg comprimidos,comprimido,1590.8813,2026-09-25,"PAMI, precio de venta al público: QUEPAX (Ariston)",minorista,,sí,Medicamentos
Quetiapina 25 mg comprimidos,comprimido,1217.5822,2026-09-25,"PAMI, precio de venta al público: QUEPAX (Ariston)",minorista,,sí,Medicamentos
Quetiapina 300 mg comprimidos,comprimido,4617.5773,2026-09-25,"PAMI, precio de venta al público: QUEPAX XR (Ariston)",minorista,,sí,Medicamentos
Quetiapina 400 mg comprimidos,comprimido,7019.6433,2026-09-25,"PAMI, precio de venta al público: QUEPAX XR (Ariston)",minorista,,sí,Medicamentos
Quetiapina 50 mg comprimidos,comprimido,3331.6250,2026-09-25,"PAMI, precio de venta al público: QUEPAX XR (Ariston)",minorista,,sí,Medicamentos
Rifaximina 200 mg comprimidos,comprimido,869.3085,2026-09-25,"PAMI, precio de venta al público: RIFAXTRIL (Ariston)",minorista,,sí,Medicamentos
Rifaximina 200 mg comprimidos,comprimido,893.8478,2026-09-25,"PAMI, precio de venta al público: RIFAXTRIL (Ariston)",minorista,,sí,Medicamentos
Rifaximina 550 mg comprimidos,comprimido,2828.5490,2026-09-25,"PAMI, precio de venta al público: RIFAXTRIL (Ariston)",minorista,,sí,Medicamentos
Rifaximina 550 mg comprimidos,comprimido,2430.9607,2026-09-25,"PAMI, precio de venta al público: RIFAXTRIL (Ariston)",minorista,,sí,Medicamentos
Rifaximina 550 mg comprimidos,comprimido,1981.0850,2026-09-25,"PAMI, precio de venta al público: RIFAXTRIL (Ariston)",minorista,,sí,Medicamentos
Tamsulosina 0.4 mg cápsulas,cápsula,1322.3317,2026-09-25,"PAMI, precio de venta al público: UROPROST-Q (Ariston)",minorista,,sí,Medicamentos
Tamsulosina 0.4 mg cápsulas,cápsula,1083.7902,2026-09-25,"PAMI, precio de venta al público: UROPROST-Q (Ariston)",minorista,,sí,Medicamentos
"Tióctico,ác. 600 mg comprimidos",comprimido,24.9310,2026-09-25,"PAMI, precio de venta al público: AT 600 (Ariston)",minorista,,sí,Medicamentos
Tramadol 50 mg comprimidos,comprimido,788.6043,2026-09-25,"PAMI, precio de venta al público: ANA-Q (Ariston)",minorista,,sí,Medicamentos
Trifluoperazina 10 mg comprimidos,comprimido,760.9817,2026-09-25,"PAMI, precio de venta al público: CUAIT TRIFLUOPERAZINA (Ariston)",minorista,,sí,Medicamentos
"Ursodesoxicólico,ác. 150 mg comprimidos",comprimido,888.5625,2026-09-25,"PAMI, precio de venta al público: AUDECOL (Ariston)",minorista,,sí,Medicamentos
"Ursodesoxicólico,ác. 300 mg comprimidos",comprimido,1830.8317,2026-09-25,"PAMI, precio de venta al público: URSOMAX (Ariston)",minorista,,sí,Medicamentos
"Ursodesoxicólico,ác. 300 mg comprimidos",comprimido,1563.4795,2026-09-25,"PAMI, precio de venta al público: URSOMAX (Ariston)",minorista,,sí,Medicamentos
"Ursodesoxicólico,ác. 300 mg comprimidos",comprimido,1869.2970,2026-09-25,"PAMI, precio de venta al público: AUDECOL (Ariston)",minorista,,sí,Medicamentos
"Ursodesoxicólico,ác. 300 mg comprimidos",comprimido,1534.0390,2026-09-25,"PAMI, precio de venta al público: AUDECOL (Ariston)",minorista,,sí,Medicamentos
Venlafaxina 150 mg comprimidos,comprimido,1383.2271,2026-09-25,"PAMI, precio de venta al público: QUILAREX XR (Ariston)",minorista,,sí,Medicamentos
Venlafaxina 75 mg comprimidos,comprimido,1039.9368,2026-09-25,"PAMI, precio de venta al público: QUILAREX XR (Ariston)",minorista,,sí,Medicamentos
Venlafaxina 75 mg comprimidos,comprimido,694.1850,2026-09-25,"PAMI, precio de venta al público: QUILAREX (Ariston)",minorista,,sí,Medicamentos
Warfarina 2 mg comprimidos,comprimido,496.8035,2026-09-25,"PAMI, precio de venta al público: CIRCUVIT (Ariston)",minorista,,sí,Medicamentos
Warfarina 2 mg comprimidos,comprimido,449.8410,2026-09-25,"PAMI, precio de venta al público: CIRCUVIT (Ariston)",minorista,,sí,Medicamentos
Warfarina 5 mg comprimidos,comprimido,570.1215,2026-09-25,"PAMI, precio de venta al público: CIRCUVIT (Ariston)",minorista,,sí,Medicamentos
Warfarina 5 mg comprimidos,comprimido,481.2744,2026-09-25,"PAMI, precio de venta al público: CIRCUVIT (Ariston)",minorista,,sí,Medicamentos
Zolpidem 10 mg comprimidos,comprimido,527.9603,2026-09-25,"PAMI, precio de venta al público: SUMENAN (Ariston)",minorista,,sí,Medicamentos
Alprazolam 0.50 mg comprimidos,comprimido,164.2023,2026-09-25,"PAMI, precio de venta al público: XANAX (Aspen Pharma)",minorista,,sí,Medicamentos
Alprazolam 0.50 mg comprimidos,comprimido,166.7345,2026-09-25,"PAMI, precio de venta al público: XANAX (Aspen Pharma)",minorista,,sí,Medicamentos
Alprazolam 1 mg comprimidos,comprimido,253.0220,2026-09-25,"PAMI, precio de venta al público: XANAX (Aspen Pharma)",minorista,,sí,Medicamentos
Alprazolam 1 mg comprimidos,comprimido,251.4747,2026-09-25,"PAMI, precio de venta al público: XANAX (Aspen Pharma)",minorista,,sí,Medicamentos
Amlodipina 10 mg comprimidos,comprimido,556.2027,2026-09-25,"PAMI, precio de venta al público: AMLOC ODT (Aspen Pharma)",minorista,,sí,Medicamentos
Amlodipina 10 mg comprimidos,comprimido,1246.5475,2026-09-25,"PAMI, precio de venta al público: AMLOC (Aspen Pharma)",minorista,,sí,Medicamentos
Amlodipina 10 mg comprimidos,comprimido,1456.2007,2026-09-25,"PAMI, precio de venta al público: AMLOC (Aspen Pharma)",minorista,,sí,Medicamentos
Amlodipina 10 mg comprimidos,comprimido,1243.8385,2026-09-25,"PAMI, precio de venta al público: AMLOC (Aspen Pharma)",minorista,,sí,Medicamentos
Amlodipina 5 mg comprimidos,comprimido,285.5977,2026-09-25,"PAMI, precio de venta al público: AMLOC ODT (Aspen Pharma)",minorista,,sí,Medicamentos
Amlodipina 5 mg comprimidos,comprimido,328.0570,2026-09-25,"PAMI, precio de venta al público: AMLOC (Aspen Pharma)",minorista,,sí,Medicamentos
Amlodipina 5 mg comprimidos,comprimido,802.8233,2026-09-25,"PAMI, precio de venta al público: AMLOC (Aspen Pharma)",minorista,,sí,Medicamentos
Amlodipina 5 mg comprimidos,comprimido,700.0865,2026-09-25,"PAMI, precio de venta al público: AMLOC (Aspen Pharma)",minorista,,sí,Medicamentos
Atorvastatín 10 mg comprimidos,comprimido,1522.3610,2026-09-25,"PAMI, precio de venta al público: LIPITOR (Aspen Pharma)",minorista,,sí,Medicamentos
Atorvastatín 10 mg comprimidos,comprimido,1279.8613,2026-09-25,"PAMI, precio de venta al público: LIPITOR (Aspen Pharma)",minorista,,sí,Medicamentos
Atorvastatín 20 mg comprimidos,comprimido,2524.9567,2026-09-25,"PAMI, precio de venta al público: LIPITOR (Aspen Pharma)",minorista,,sí,Medicamentos
Atorvastatín 20 mg comprimidos,comprimido,2234.3835,2026-09-25,"PAMI, precio de venta al público: LIPITOR (Aspen Pharma)",minorista,,sí,Medicamentos
Atorvastatín 40 mg comprimidos,comprimido,2910.8550,2026-09-25,"PAMI, precio de venta al público: LIPITOR (Aspen Pharma)",minorista,,sí,Medicamentos
Atorvastatín 80 mg comprimidos,comprimido,3617.0413,2026-09-25,"PAMI, precio de venta al público: LIPITOR (Aspen Pharma)",minorista,,sí,Medicamentos
Celecoxib 200 mg cápsulas,cápsula,1623.0660,2026-09-25,"PAMI, precio de venta al público: CELEBREX (Aspen Pharma)",minorista,,sí,Medicamentos
Clozapina 100 mg comprimidos,comprimido,3165.0260,2026-09-25,"PAMI, precio de venta al público: LAPENAX (Aspen Pharma)",minorista,,sí,Medicamentos
Clozapina 100 mg comprimidos,comprimido,2368.7913,2026-09-25,"PAMI, precio de venta al público: LAPENAX (Aspen Pharma)",minorista,,sí,Medicamentos
Clozapina 25 mg comprimidos,comprimido,949.5078,2026-09-25,"PAMI, precio de venta al público: LAPENAX (Aspen Pharma)",minorista,,sí,Medicamentos
Doxazosina 2 mg comprimidos,comprimido,1651.7230,2026-09-25,"PAMI, precio de venta al público: CARDURA (Aspen Pharma)",minorista,,sí,Medicamentos
Doxazosina 4 mg comprimidos,comprimido,1896.3143,2026-09-25,"PAMI, precio de venta al público: CARDURA (Aspen Pharma)",minorista,,sí,Medicamentos
Gabapentin 100 mg cápsulas,cápsula,780.4880,2026-09-25,"PAMI, precio de venta al público: NEURONTIN (Aspen Pharma)",minorista,,sí,Medicamentos
Gabapentin 300 mg cápsulas,cápsula,1529.4837,2026-09-25,"PAMI, precio de venta al público: NEURONTIN (Aspen Pharma)",minorista,,sí,Medicamentos
Gabapentin 300 mg cápsulas,cápsula,1449.8028,2026-09-25,"PAMI, precio de venta al público: NEURONTIN (Aspen Pharma)",minorista,,sí,Medicamentos
Gabapentin 400 mg cápsulas,cápsula,1807.6747,2026-09-25,"PAMI, precio de venta al público: NEURONTIN (Aspen Pharma)",minorista,,sí,Medicamentos
Gabapentin 600 mg comprimidos,comprimido,2100.4227,2026-09-25,"PAMI, precio de venta al público: NEURONTIN (Aspen Pharma)",minorista,,sí,Medicamentos
Metildopa 250 mg comprimidos,comprimido,309.4767,2026-09-25,"PAMI, precio de venta al público: ALDOMET (Aspen Pharma)",minorista,,sí,Medicamentos
Metildopa 500 mg comprimidos,comprimido,434.2760,2026-09-25,"PAMI, precio de venta al público: ALDOMET (Aspen Pharma)",minorista,,sí,Medicamentos
Pregabalina 150 mg cápsulas,cápsula,2592.7680,2026-09-25,"PAMI, precio de venta al público: LYRICA (Aspen Pharma)",minorista,,sí,Medicamentos
Pregabalina 25 mg cápsulas,cápsula,600.1747,2026-09-25,"PAMI, precio de venta al público: LYRICA (Aspen Pharma)",minorista,,sí,Medicamentos
Pregabalina 25 mg cápsulas,cápsula,558.2207,2026-09-25,"PAMI, precio de venta al público: LYRICA (Aspen Pharma)",minorista,,sí,Medicamentos
Pregabalina 300 mg cápsulas,cápsula,3149.5420,2026-09-25,"PAMI, precio de venta al público: LYRICA (Aspen Pharma)",minorista,,sí,Medicamentos
Pregabalina 50 mg cápsulas,cápsula,1295.0763,2026-09-25,"PAMI, precio de venta al público: LYRICA (Aspen Pharma)",minorista,,sí,Medicamentos
Pregabalina 75 mg cápsulas,cápsula,1698.5073,2026-09-25,"PAMI, precio de venta al público: LYRICA (Aspen Pharma)",minorista,,sí,Medicamentos
Pregabalina 75 mg cápsulas,cápsula,1628.9753,2026-09-25,"PAMI, precio de venta al público: LYRICA (Aspen Pharma)",minorista,,sí,Medicamentos
Pregabalina 75 mg cápsulas,cápsula,1501.2583,2026-09-25,"PAMI, precio de venta al público: LYRICA (Aspen Pharma)",minorista,,sí,Medicamentos
Sertralina 100 mg comprimidos,comprimido,2105.7877,2026-09-25,"PAMI, precio de venta al público: ZOLOFT (Aspen Pharma)",minorista,,sí,Medicamentos
Sertralina 50 mg comprimidos,comprimido,1210.0357,2026-09-25,"PAMI, precio de venta al público: ZOLOFT (Aspen Pharma)",minorista,,sí,Medicamentos
Sildenafil 50 mg comprimidos,comprimido,3426.3120,2026-09-25,"PAMI, precio de venta al público: VIAGRA (Aspen Pharma)",minorista,,sí,Medicamentos
Sildenafil 50 mg comprimidos,comprimido,3426.5800,2026-09-25,"PAMI, precio de venta al público: VIAGRA (Aspen Pharma)",minorista,,sí,Medicamentos
Sildenafil 50 mg comprimidos,comprimido,3337.3710,2026-09-25,"PAMI, precio de venta al público: VIAGRA (Aspen Pharma)",minorista,,sí,Medicamentos
Tolterodina 2 mg comprimidos,comprimido,802.3304,2026-09-25,"PAMI, precio de venta al público: DETRUSITOL (Aspen Pharma)",minorista,,sí,Medicamentos
Tolterodina 2 mg comprimidos,comprimido,825.3204,2026-09-25,"PAMI, precio de venta al público: DETRUSITOL (Aspen Pharma)",minorista,,sí,Medicamentos
Venlafaxina 150 mg cápsulas de liberación prolongada,cápsula,1564.2382,2026-09-25,"PAMI, precio de venta al público: EFEXOR XR (Aspen Pharma)",minorista,,sí,Medicamentos
Venlafaxina 37.5 mg cápsulas de liberación prolongada,cápsula,1132.0800,2026-09-25,"PAMI, precio de venta al público: EFEXOR XR (Aspen Pharma)",minorista,,sí,Medicamentos
Venlafaxina 75 mg cápsulas de liberación prolongada,cápsula,1132.7193,2026-09-25,"PAMI, precio de venta al público: EFEXOR XR (Aspen Pharma)",minorista,,sí,Medicamentos
Venlafaxina 75 mg cápsulas de liberación prolongada,cápsula,1165.5600,2026-09-25,"PAMI, precio de venta al público: EFEXOR XR (Aspen Pharma)",minorista,,sí,Medicamentos
Ziprasidona 20 mg cápsulas,cápsula,1761.6013,2026-09-25,"PAMI, precio de venta al público: ZELDOX (Aspen Pharma)",minorista,,sí,Medicamentos
Ziprasidona 40 mg cápsulas,cápsula,1761.0270,2026-09-25,"PAMI, precio de venta al público: ZELDOX (Aspen Pharma)",minorista,,sí,Medicamentos
Ziprasidona 60 mg cápsulas,cápsula,2043.4240,2026-09-25,"PAMI, precio de venta al público: ZELDOX (Aspen Pharma)",minorista,,sí,Medicamentos
Ziprasidona 80 mg cápsulas,cápsula,2576.0287,2026-09-25,"PAMI, precio de venta al público: ZELDOX (Aspen Pharma)",minorista,,sí,Medicamentos
Atenolol 50 mg comprimidos,comprimido,10.8786,2026-09-25,"PAMI, precio de venta al público: PRENORMINE (AstraZeneca)",minorista,,sí,Medicamentos
Atenolol+clortalidona 100 mg comprimidos,comprimido,16.2636,2026-09-25,"PAMI, precio de venta al público: PRENORETIC (AstraZeneca)",minorista,,sí,Medicamentos
Atenolol+clortalidona 100 mg comprimidos,comprimido,17.0775,2026-09-25,"PAMI, precio de venta al público: PRENORETIC (AstraZeneca)",minorista,,sí,Medicamentos
Atenolol+clortalidona 50 mg comprimidos,comprimido,16.4714,2026-09-25,"PAMI, precio de venta al público: PRENORETIC (AstraZeneca)",minorista,,sí,Medicamentos
Candesartán cilexetil+felodipina 16mg/2.5mg comprimidos,comprimido,1053.8070,2026-09-25,"PAMI, precio de venta al público: ATACAND DUO (AstraZeneca)",minorista,,sí,Medicamentos
Candesartán cilexetil+felodipina 16mg/5mg comprimidos,comprimido,1053.8055,2026-09-25,"PAMI, precio de venta al público: ATACAND DUO (AstraZeneca)",minorista,,sí,Medicamentos
Candesartán cilexetil+felodipina 8mg/2.5mg comprimidos,comprimido,20.5490,2026-09-25,"PAMI, precio de venta al público: ATACAND DUO (AstraZeneca)",minorista,,sí,Medicamentos
Candesartán cilexetil+felodipina 8mg/5mg comprimidos,comprimido,13.3137,2026-09-25,"PAMI, precio de venta al público: ATACAND DUO (AstraZeneca)",minorista,,sí,Medicamentos
Candesartán+hidroclorotiazida 16 mg comprimidos,comprimido,72.0860,2026-09-25,"PAMI, precio de venta al público: ATACAND D (AstraZeneca)",minorista,,sí,Medicamentos
Dapagliflozina 10 mg comprimidos,comprimido,3485.2954,2026-09-25,"PAMI, precio de venta al público: FORXIGA (AstraZeneca)",minorista,,sí,Medicamentos
Escitalopram 10 mg comprimidos,comprimido,54.3830,2026-09-25,"PAMI, precio de venta al público: ZENVAS 10 (AstraZeneca)",minorista,,sí,Medicamentos
Escitalopram 20 mg comprimidos,comprimido,102.3427,2026-09-25,"PAMI, precio de venta al público: ZENVAS 20 (AstraZeneca)",minorista,,sí,Medicamentos
Esomeprazol 10 mg sobres,sobre,3192.1489,2026-09-25,"PAMI, precio de venta al público: NEXIUM (AstraZeneca)",minorista,,sí,Medicamentos
Felodipina 10 mg comprimidos de liberación prolongada,comprimido,1335.7671,2026-09-25,"PAMI, precio de venta al público: PLENDIL (AstraZeneca)",minorista,,sí,Medicamentos
Felodipina 5 mg comprimidos de liberación prolongada,comprimido,900.1779,2026-09-25,"PAMI, precio de venta al público: PLENDIL (AstraZeneca)",minorista,,sí,Medicamentos
Lisinopril 10 mg comprimidos,comprimido,7.3677,2026-09-25,"PAMI, precio de venta al público: ZESTRIL (AstraZeneca)",minorista,,sí,Medicamentos
Lisinopril 20 mg comprimidos,comprimido,10.7057,2026-09-25,"PAMI, precio de venta al público: ZESTRIL (AstraZeneca)",minorista,,sí,Medicamentos
Metoprolol 100mg comprimidos de liberación prolongada,comprimido,840.5457,2026-09-25,"PAMI, precio de venta al público: BELOZOK (AstraZeneca)",minorista,,sí,Medicamentos
Metoprolol 25 mg comprimidos de liberación prolongada,comprimido,567.4586,2026-09-25,"PAMI, precio de venta al público: BELOZOK (AstraZeneca)",minorista,,sí,Medicamentos
Metoprolol 50 mg comprimidos de liberación prolongada,comprimido,674.6779,2026-09-25,"PAMI, precio de venta al público: BELOZOK (AstraZeneca)",minorista,,sí,Medicamentos
Quetiapina 100 mg comprimidos,comprimido,4802.8040,2026-09-25,"PAMI, precio de venta al público: ETIASEL (AstraZeneca)",minorista,,sí,Medicamentos
Quetiapina 150 mg comprimidos,comprimido,5089.5183,2026-09-25,"PAMI, precio de venta al público: ETIASEL XR (AstraZeneca)",minorista,,sí,Medicamentos
Quetiapina 200 mg comprimidos,comprimido,6277.4567,2026-09-25,"PAMI, precio de venta al público: ETIASEL (AstraZeneca)",minorista,,sí,Medicamentos
Quetiapina 200 mg comprimidos,comprimido,6794.7787,2026-09-25,"PAMI, precio de venta al público: ETIASEL XR (AstraZeneca)",minorista,,sí,Medicamentos
Quetiapina 25 mg comprimidos,comprimido,2983.7903,2026-09-25,"PAMI, precio de venta al público: ETIASEL (AstraZeneca)",minorista,,sí,Medicamentos
Quetiapina 300 mg comprimidos,comprimido,9060.0523,2026-09-25,"PAMI, precio de venta al público: ETIASEL XR (AstraZeneca)",minorista,,sí,Medicamentos
Quetiapina 300 mg comprimidos,comprimido,7585.5797,2026-09-25,"PAMI, precio de venta al público: ETIASEL (AstraZeneca)",minorista,,sí,Medicamentos
Quetiapina 400 mg comprimidos,comprimido,13589.2013,2026-09-25,"PAMI, precio de venta al público: ETIASEL XR (AstraZeneca)",minorista,,sí,Medicamentos
Quetiapina 50 mg comprimidos,comprimido,6206.2567,2026-09-25,"PAMI, precio de venta al público: ETIASEL XR (AstraZeneca)",minorista,,sí,Medicamentos
Roflumilast 500 mcg comprimidos,comprimido,1052.1843,2026-09-25,"PAMI, precio de venta al público: DAXAS (AstraZeneca)",minorista,,sí,Medicamentos
Rosuvastatina 10 mg comprimidos,comprimido,51.1100,2026-09-25,"PAMI, precio de venta al público: CRESTOR (AstraZeneca)",minorista,,sí,Medicamentos
Rosuvastatina 10 mg comprimidos,comprimido,1491.4750,2026-09-25,"PAMI, precio de venta al público: CRESTOR (AstraZeneca)",minorista,,sí,Medicamentos
Rosuvastatina 10 mg comprimidos,comprimido,1376.6116,2026-09-25,"PAMI, precio de venta al público: CRESTOR (AstraZeneca)",minorista,,sí,Medicamentos
Rosuvastatina 20 mg comprimidos,comprimido,2686.4846,2026-09-25,"PAMI, precio de venta al público: CRESTOR (AstraZeneca)",minorista,,sí,Medicamentos
Rosuvastatina 20 mg comprimidos,comprimido,2610.6011,2026-09-25,"PAMI, precio de venta al público: CRESTOR (AstraZeneca)",minorista,,sí,Medicamentos
Rosuvastatina 40 mg comprimidos,comprimido,3933.4711,2026-09-25,"PAMI, precio de venta al público: CRESTOR (AstraZeneca)",minorista,,sí,Medicamentos
Rosuvastatina 5 mg comprimidos,comprimido,1230.1789,2026-09-25,"PAMI, precio de venta al público: CRESTOR (AstraZeneca)",minorista,,sí,Medicamentos
Saxagliptina 2.5 mg comprimidos,comprimido,3537.2918,2026-09-25,"PAMI, precio de venta al público: ONGLYZA (AstraZeneca)",minorista,,sí,Medicamentos
Saxagliptina 5 mg comprimidos,comprimido,3842.1514,2026-09-25,"PAMI, precio de venta al público: ONGLYZA (AstraZeneca)",minorista,,sí,Medicamentos
Saxagliptina+metformina clorh. 2.5/1000mg comprimidos,comprimido,2808.9621,2026-09-25,"PAMI, precio de venta al público: KOMBIGLYZE XR (AstraZeneca)",minorista,,sí,Medicamentos
Saxagliptina+metformina clorh. 5/1000mg comprimidos,comprimido,5081.0457,2026-09-25,"PAMI, precio de venta al público: KOMBIGLYZE XR (AstraZeneca)",minorista,,sí,Medicamentos
Ticagrelor 90 mg comprimidos,comprimido,96.9860,2026-09-25,"PAMI, precio de venta al público: BRILINTA (AstraZeneca)",minorista,,sí,Medicamentos
Ticagrelor 90 mg comprimidos,comprimido,3414.2260,2026-09-25,"PAMI, precio de venta al público: BRILINTA (AstraZeneca)",minorista,,sí,Medicamentos
Zolmitriptán 2.5 mg comprimidos,comprimido,403.9750,2026-09-25,"PAMI, precio de venta al público: ZOMIGON (AstraZeneca)",minorista,,sí,Medicamentos
Azitromicina 200 mg/5 ml suspensión oral,1 ml,694.5140,2026-09-25,"PAMI, precio de venta al público: AZITROX (Austral)",minorista,,sí,Medicamentos
Azitromicina 500 mg comprimidos,comprimido,3606.6667,2026-09-25,"PAMI, precio de venta al público: AZITROX (Austral)",minorista,,sí,Medicamentos
Azitromicina 500 mg comprimidos,comprimido,2500.0000,2026-09-25,"PAMI, precio de venta al público: AZITROX (Austral)",minorista,,sí,Medicamentos
Diclofenac sódico 75 mg comprimidos,comprimido,684.0000,2026-09-25,"PAMI, precio de venta al público: DICLOLAM (Austral)",minorista,,sí,Medicamentos
Finasteride 5 mg comprimidos,comprimido,838.3197,2026-09-25,"PAMI, precio de venta al público: PROSTANIL (Austral)",minorista,,sí,Medicamentos
Miconazol 2% crema,1 g,290.0000,2026-09-25,"PAMI, precio de venta al público: MICOTRAL (Austral)",minorista,,sí,Medicamentos
Praziquantel 600 mg comprimidos,comprimido,2767.2075,2026-09-25,"PAMI, precio de venta al público: PRAZITRAL (Austral)",minorista,,sí,Medicamentos
Rifampicina 300 mg cápsulas,cápsula,1232.5000,2026-09-25,"PAMI, precio de venta al público: RIFALEP (Austral)",minorista,,sí,Medicamentos
Simeticona 200 mg comprimidos,comprimido,370.3285,2026-09-25,"PAMI, precio de venta al público: AESIM 200 (Austral)",minorista,,sí,Medicamentos
Vit.b1 300 mg comprimidos,comprimido,639.3333,2026-09-25,"PAMI, precio de venta al público: TIAMINA 300 (Austral)",minorista,,sí,Medicamentos
Acenocumarol 4 mg comprimidos,comprimido,879.9853,2026-09-25,"PAMI, precio de venta al público: AZECAR",minorista,,sí,Medicamentos
Alprazolam 0.25 mg comprimidos,comprimido,6.5450,2026-09-25,"PAMI, precio de venta al público: TRANQUINAL",minorista,,sí,Medicamentos
Alprazolam 0.5 mg comprimidos sublinguales,comprimido,382.1797,2026-09-25,"PAMI, precio de venta al público: TRANQUINAL 0.5",minorista,,sí,Medicamentos
Alprazolam 0.5 mg comprimidos,comprimido,185.2900,2026-09-25,"PAMI, precio de venta al público: TRANQUINAL 0.5",minorista,,sí,Medicamentos
Alprazolam 0.5 mg comprimidos,comprimido,210.4740,2026-09-25,"PAMI, precio de venta al público: TRANQUINAL 0.5",minorista,,sí,Medicamentos
Alprazolam 0.5 mg comprimidos,comprimido,182.5428,2026-09-25,"PAMI, precio de venta al público: TRANQUINAL 0.5",minorista,,sí,Medicamentos
Alprazolam 0.5 mg comprimidos,comprimido,189.8108,2026-09-25,"PAMI, precio de venta al público: TRANQUINAL 0.5",minorista,,sí,Medicamentos
Alprazolam 1 mg comprimidos,comprimido,293.5463,2026-09-25,"PAMI, precio de venta al público: TRANQUINAL 1",minorista,,sí,Medicamentos
Alprazolam 1 mg comprimidos,comprimido,351.6727,2026-09-25,"PAMI, precio de venta al público: TRANQUINAL 1",minorista,,sí,Medicamentos
Alprazolam 1 mg comprimidos,comprimido,386.9368,2026-09-25,"PAMI, precio de venta al público: TRANQUINAL 1",minorista,,sí,Medicamentos
Alprazolam 1 mg comprimidos,comprimido,343.9105,2026-09-25,"PAMI, precio de venta al público: TRANQUINAL 1",minorista,,sí,Medicamentos
Alprazolam 2 mg comprimidos,comprimido,498.4674,2026-09-25,"PAMI, precio de venta al público: TRANQUINAL 2",minorista,,sí,Medicamentos
Alprazolam 2 mg comprimidos,comprimido,513.9880,2026-09-25,"PAMI, precio de venta al público: TRANQUINAL 2",minorista,,sí,Medicamentos
Alprazolam 2 mg comprimidos,comprimido,538.7194,2026-09-25,"PAMI, precio de venta al público: TRANQUINAL 2",minorista,,sí,Medicamentos
Alprazolam 2 mg comprimidos,comprimido,508.0857,2026-09-25,"PAMI, precio de venta al público: TRANQUINAL 2",minorista,,sí,Medicamentos
Amitriptilina 25 mg comprimidos,comprimido,369.3196,2026-09-25,"PAMI, precio de venta al público: TRYPTANOL 25",minorista,,sí,Medicamentos
Amitriptilina 25 mg comprimidos,comprimido,384.9153,2026-09-25,"PAMI, precio de venta al público: TRYPTANOL 25",minorista,,sí,Medicamentos
Amitriptilina 75 mg comprimidos,comprimido,848.1843,2026-09-25,"PAMI, precio de venta al público: TRYPTANOL 75",minorista,,sí,Medicamentos
Amlodipina 10 mg comprimidos,comprimido,46.0603,2026-09-25,"PAMI, precio de venta al público: CARDIOREX CDO",minorista,,sí,Medicamentos
Amlodipina 10 mg comprimidos,comprimido,1240.1360,2026-09-25,"PAMI, precio de venta al público: CARDIOREX 10",minorista,,sí,Medicamentos
Amlodipina 5 mg comprimidos,comprimido,42.6793,2026-09-25,"PAMI, precio de venta al público: CARDIOREX CDO",minorista,,sí,Medicamentos
Amlodipina 5 mg comprimidos,comprimido,656.2943,2026-09-25,"PAMI, precio de venta al público: CARDIOREX 5",minorista,,sí,Medicamentos
"Amlodipina+losartán,potásico 100/5 mg comprimidos",comprimido,959.8630,2026-09-25,"PAMI, precio de venta al público: PRESIMAX A 100",minorista,,sí,Medicamentos
"Amlodipina+losartán,potásico 50/5 mg comprimidos",comprimido,865.0583,2026-09-25,"PAMI, precio de venta al público: PRESIMAX A 50",minorista,,sí,Medicamentos
Amoxicilina 1000 mg comprimidos,comprimido,1743.8925,2026-09-25,"PAMI, precio de venta al público: TRIFAMOX 1000",minorista,,sí,Medicamentos
Amoxicilina 250 mg jarabe,1 ml,102.3813,2026-09-25,"PAMI, precio de venta al público: TRIFAMOX 250",minorista,,sí,Medicamentos
Amoxicilina 500 mg comprimidos,comprimido,563.4269,2026-09-25,"PAMI, precio de venta al público: TRIFAMOX 500",minorista,,sí,Medicamentos
Amoxicilina 500 mg comprimidos,comprimido,507.9795,2026-09-25,"PAMI, precio de venta al público: TRIFAMOX 500",minorista,,sí,Medicamentos
Amoxicilina 500 mg comprimidos,comprimido,29.0922,2026-09-25,"PAMI, precio de venta al público: TRIFAMOX",minorista,,sí,Medicamentos
Amoxicilina 500 mg jarabe,1 ml,115.0213,2026-09-25,"PAMI, precio de venta al público: TRIFAMOX 250/500 JBE",minorista,,sí,Medicamentos
Amoxicilina 500 mg jarabe,1 ml,7.7778,2026-09-25,"PAMI, precio de venta al público: TRIFAMOX",minorista,,sí,Medicamentos
Amoxicilina 750 mg comprimidos,comprimido,44.3325,2026-09-25,"PAMI, precio de venta al público: TRIFAMOX",minorista,,sí,Medicamentos
Amoxicilina 875 mg comprimidos masticables,comprimido,56.9457,2026-09-25,"PAMI, precio de venta al público: TRIFAMOX DUO",minorista,,sí,Medicamentos
Amoxicilina 875 mg comprimidos,comprimido,972.5779,2026-09-25,"PAMI, precio de venta al público: TRIFAMOX DUO 875",minorista,,sí,Medicamentos
Amoxicilina+brovanexina 500 mg comprimidos,comprimido,72.8750,2026-09-25,"PAMI, precio de venta al público: TRIFAMOX BRONQUIAL",minorista,,sí,Medicamentos
Amoxicilina+brovanexina 500 mg jarabe,1 ml,10.3781,2026-09-25,"PAMI, precio de venta al público: TRIFAMOX BRONQUIAL",minorista,,sí,Medicamentos
Amoxicilina+sulbactam 20 g suspensión oral,1 ml,32.5563,2026-09-25,"PAMI, precio de venta al público: TRIFAMOX IBL DUO",minorista,,sí,Medicamentos
Amoxicilina+sulbactam 20 g suspensión oral,1 ml,629.0728,2026-09-25,"PAMI, precio de venta al público: TRIFAMOX IBL DUO 200/50",minorista,,sí,Medicamentos
Amoxicilina+sulbactam 500 mg comprimidos,comprimido,1616.1112,2026-09-25,"PAMI, precio de venta al público: TRIFAMOX IBL 500",minorista,,sí,Medicamentos
Amoxicilina+sulbactam 500 mg jarabe,1 ml,18.7543,2026-09-25,"PAMI, precio de venta al público: TRIFAMOX IBL",minorista,,sí,Medicamentos
Amoxicilina+sulbactam 875 mg comprimidos,comprimido,2085.6750,2026-09-25,"PAMI, precio de venta al público: TRIFAMOX IBL DUO 875/125",minorista,,sí,Medicamentos
Ampicilina 1000 mg comprimidos,comprimido,1633.7137,2026-09-25,"PAMI, precio de venta al público: TRIFACILINA 1000",minorista,,sí,Medicamentos
Ampicilina 1000 mg comprimidos,comprimido,1642.5475,2026-09-25,"PAMI, precio de venta al público: TRIFACILINA 1000",minorista,,sí,Medicamentos
Ampicilina 500 mg comprimidos,comprimido,1113.2106,2026-09-25,"PAMI, precio de venta al público: TRIFACILINA 500",minorista,,sí,Medicamentos
Atenolol 100 mg comprimidos,comprimido,374.9050,2026-09-25,"PAMI, precio de venta al público: PLENACOR 100",minorista,,sí,Medicamentos
Atenolol 100 mg comprimidos,comprimido,391.6292,2026-09-25,"PAMI, precio de venta al público: PLENACOR 100",minorista,,sí,Medicamentos
Atenolol 25 mg comprimidos,comprimido,243.5520,2026-09-25,"PAMI, precio de venta al público: PLENACOR 25",minorista,,sí,Medicamentos
Atenolol 25 mg comprimidos,comprimido,241.4745,2026-09-25,"PAMI, precio de venta al público: PLENACOR 25",minorista,,sí,Medicamentos
Atenolol 50 mg comprimidos,comprimido,271.7987,2026-09-25,"PAMI, precio de venta al público: PLENACOR 50",minorista,,sí,Medicamentos
Atenolol 50 mg comprimidos,comprimido,284.4078,2026-09-25,"PAMI, precio de venta al público: PLENACOR 50",minorista,,sí,Medicamentos
Bromazepam 12 mg comprimidos,comprimido,56.0768,2026-09-25,"PAMI, precio de venta al público: OCTANYL 12",minorista,,sí,Medicamentos
Bromazepam 3 mg comprimidos,comprimido,253.1966,2026-09-25,"PAMI, precio de venta al público: OCTANYL 3",minorista,,sí,Medicamentos
Bromazepam 6 mg comprimidos,comprimido,471.0216,2026-09-25,"PAMI, precio de venta al público: OCTANYL 6",minorista,,sí,Medicamentos
Carbamazepina 200 mg comprimidos,comprimido,680.0947,2026-09-25,"PAMI, precio de venta al público: ACTINERVAL",minorista,,sí,Medicamentos
Carbamazepina 200 mg comprimidos,comprimido,599.6115,2026-09-25,"PAMI, precio de venta al público: ACTINERVAL",minorista,,sí,Medicamentos
Carvedilol 10 mg cápsulas de liberación prolongada,cápsula,522.8743,2026-09-25,"PAMI, precio de venta al público: CARVEDIL RETARD 10",minorista,,sí,Medicamentos
Carvedilol 10 mg cápsulas de liberación prolongada,cápsula,426.1740,2026-09-25,"PAMI, precio de venta al público: CARVEDIL RETARD 10",minorista,,sí,Medicamentos
Carvedilol 12.5 mg comprimidos,comprimido,648.8143,2026-09-25,"PAMI, precio de venta al público: CARVEDIL 12.5",minorista,,sí,Medicamentos
Carvedilol 12.5 mg comprimidos,comprimido,459.8113,2026-09-25,"PAMI, precio de venta al público: CARVEDIL 12.5",minorista,,sí,Medicamentos
Carvedilol 12.5 mg comprimidos,comprimido,463.0655,2026-09-25,"PAMI, precio de venta al público: CARVEDIL 12.5",minorista,,sí,Medicamentos
Carvedilol 12.5 mg comprimidos,comprimido,325.3577,2026-09-25,"PAMI, precio de venta al público: CARVEDIL 12.5",minorista,,sí,Medicamentos
Carvedilol 20 mg cápsulas de liberación prolongada,cápsula,939.3593,2026-09-25,"PAMI, precio de venta al público: CARVEDIL RETARD 20",minorista,,sí,Medicamentos
Carvedilol 20 mg cápsulas de liberación prolongada,cápsula,686.8027,2026-09-25,"PAMI, precio de venta al público: CARVEDIL RETARD 20",minorista,,sí,Medicamentos
Carvedilol 25 mg comprimidos,comprimido,748.8986,2026-09-25,"PAMI, precio de venta al público: CARVEDIL 25",minorista,,sí,Medicamentos
Carvedilol 25 mg comprimidos,comprimido,536.9213,2026-09-25,"PAMI, precio de venta al público: CARVEDIL 25",minorista,,sí,Medicamentos
Carvedilol 25 mg comprimidos,comprimido,571.9684,2026-09-25,"PAMI, precio de venta al público: CARVEDIL 25",minorista,,sí,Medicamentos
Carvedilol 25 mg comprimidos,comprimido,400.4252,2026-09-25,"PAMI, precio de venta al público: CARVEDIL 25",minorista,,sí,Medicamentos
Carvedilol 3.125 mg comprimidos,comprimido,313.6961,2026-09-25,"PAMI, precio de venta al público: CARVEDIL 3.125",minorista,,sí,Medicamentos
Carvedilol 3.125 mg comprimidos,comprimido,209.3710,2026-09-25,"PAMI, precio de venta al público: CARVEDIL 3.125",minorista,,sí,Medicamentos
Carvedilol 3.125 mg comprimidos,comprimido,131.0097,2026-09-25,"PAMI, precio de venta al público: CARVEDIL 3.125",minorista,,sí,Medicamentos
Carvedilol 40 mg cápsulas de liberación prolongada,cápsula,1153.6007,2026-09-25,"PAMI, precio de venta al público: CARVEDIL RETARD 40",minorista,,sí,Medicamentos
Carvedilol 40 mg cápsulas de liberación prolongada,cápsula,859.6190,2026-09-25,"PAMI, precio de venta al público: CARVEDIL RETARD 40",minorista,,sí,Medicamentos
Carvedilol 50 mg comprimidos,comprimido,1218.8807,2026-09-25,"PAMI, precio de venta al público: CARVEDIL 50",minorista,,sí,Medicamentos
Carvedilol 50 mg comprimidos,comprimido,655.6940,2026-09-25,"PAMI, precio de venta al público: CARVEDIL 50",minorista,,sí,Medicamentos
Carvedilol 6.25 mg comprimidos,comprimido,576.6068,2026-09-25,"PAMI, precio de venta al público: CARVEDIL 6.25",minorista,,sí,Medicamentos
Carvedilol 6.25 mg comprimidos,comprimido,379.6217,2026-09-25,"PAMI, precio de venta al público: CARVEDIL 6.25",minorista,,sí,Medicamentos
Carvedilol 6.25 mg comprimidos,comprimido,240.3117,2026-09-25,"PAMI, precio de venta al público: CARVEDIL 6.25",minorista,,sí,Medicamentos
Carvedilol 80 mg cápsulas de liberación prolongada,cápsula,86.3571,2026-09-25,"PAMI, precio de venta al público: CARVEDIL RETARD 80",minorista,,sí,Medicamentos
Carvedilol+hidroclorotiazida 25 mg/12.5 mg comprimidos,comprimido,1012.0229,2026-09-25,"PAMI, precio de venta al público: CARVEDIL D",minorista,,sí,Medicamentos
Carvedilol+hidroclorotiazida 25 mg/12.5 mg comprimidos,comprimido,673.5537,2026-09-25,"PAMI, precio de venta al público: CARVEDIL D",minorista,,sí,Medicamentos
Cefalexina 1000 mg comprimidos,comprimido,2031.4650,2026-09-25,"PAMI, precio de venta al público: SEPTILISIN DUO 1000",minorista,,sí,Medicamentos
Cefalexina 500 mg comprimidos,comprimido,49.9862,2026-09-25,"PAMI, precio de venta al público: SEPTILISIN",minorista,,sí,Medicamentos
Cefalexina 500 mg comprimidos,comprimido,697.6840,2026-09-25,"PAMI, precio de venta al público: SEPTILISIN 500",minorista,,sí,Medicamentos
Cefalexina 500 mg suspensión oral,1 ml,11.3325,2026-09-25,"PAMI, precio de venta al público: SEPTILISIN",minorista,,sí,Medicamentos
Cefalexina 500 mg suspensión oral,1 ml,142.5298,2026-09-25,"PAMI, precio de venta al público: SEPTILISIN 500",minorista,,sí,Medicamentos
Cefixima 400 mg comprimidos,comprimido,8725.0983,2026-09-25,"PAMI, precio de venta al público: VIXCEF 400",minorista,,sí,Medicamentos
Cefixima 400 mg comprimidos,comprimido,10192.4800,2026-09-25,"PAMI, precio de venta al público: VIXCEF 400",minorista,,sí,Medicamentos
Ciprofloxacina 500 mg comprimidos,comprimido,1792.1370,2026-09-25,"PAMI, precio de venta al público: SEPTICIDE 500",minorista,,sí,Medicamentos
Citalopram 20 mg comprimidos,comprimido,1379.5761,2026-09-25,"PAMI, precio de venta al público: HUMORAP 20",minorista,,sí,Medicamentos
Citalopram 40 mg comprimidos,comprimido,2386.1879,2026-09-25,"PAMI, precio de venta al público: HUMORAP 40",minorista,,sí,Medicamentos
Clonazepam 0.25 mg comprimidos,comprimido,144.3678,2026-09-25,"PAMI, precio de venta al público: NEURYL 0.25",minorista,,sí,Medicamentos
Clonazepam 0.5 mg comprimidos,comprimido,365.3470,2026-09-25,"PAMI, precio de venta al público: NEURYL 0.5",minorista,,sí,Medicamentos
Clonazepam 0.5 mg comprimidos,comprimido,349.9776,2026-09-25,"PAMI, precio de venta al público: NEURYL 0.5",minorista,,sí,Medicamentos
Clonazepam 0.5 mg comprimidos,comprimido,291.7860,2026-09-25,"PAMI, precio de venta al público: NEURYL 0.5",minorista,,sí,Medicamentos
Clonazepam 1 mg comprimidos,comprimido,332.6826,2026-09-25,"PAMI, precio de venta al público: NEURYL 1",minorista,,sí,Medicamentos
Clonazepam 1 mg comprimidos,comprimido,308.2863,2026-09-25,"PAMI, precio de venta al público: NEURYL 1",minorista,,sí,Medicamentos
Clonazepam 2 mg comprimidos,comprimido,383.6180,2026-09-25,"PAMI, precio de venta al público: NEURYL 2",minorista,,sí,Medicamentos
Clonazepam 2 mg comprimidos,comprimido,410.2226,2026-09-25,"PAMI, precio de venta al público: NEURYL 2",minorista,,sí,Medicamentos
Clonazepam 2 mg comprimidos,comprimido,316.2413,2026-09-25,"PAMI, precio de venta al público: NEURYL 2",minorista,,sí,Medicamentos
Clopidogrel 75 mg comprimidos,comprimido,2362.0493,2026-09-25,"PAMI, precio de venta al público: TROKEN 75",minorista,,sí,Medicamentos
Clopidogrel 75 mg comprimidos,comprimido,2637.3410,2026-09-25,"PAMI, precio de venta al público: TROKEN 75",minorista,,sí,Medicamentos
Dapagliflozina 10 mg comprimidos,comprimido,2480.8347,2026-09-25,"PAMI, precio de venta al público: GLIFOSIN 10",minorista,,sí,Medicamentos
Darifenacina 7.5mg comprimidos de liberación prolongada,comprimido,74.6986,2026-09-25,"PAMI, precio de venta al público: ENABLEX",minorista,,sí,Medicamentos
Desvenlafaxina 100mg comprimidos,comprimido,1780.8140,2026-09-25,"PAMI, precio de venta al público: ALFAXIN 100",minorista,,sí,Medicamentos
Desvenlafaxina 50mg comprimidos,comprimido,1293.7490,2026-09-25,"PAMI, precio de venta al público: ALFAXIN 50",minorista,,sí,Medicamentos
Diclofenac potásico 50 mg comprimidos,comprimido,612.7595,2026-09-25,"PAMI, precio de venta al público: DIOXAFLEX MIGRA",minorista,,sí,Medicamentos
Diclofenac potásico 50 mg sobres,sobre,51.0750,2026-09-25,"PAMI, precio de venta al público: DIOXAFLEX MIGRA",minorista,,sí,Medicamentos
Diclofenac sódico 50 mg gran. sobres,sobre,1774.6375,2026-09-25,"PAMI, precio de venta al público: DIOXAFLEX RAPID",minorista,,sí,Medicamentos
Diclofenac sódico 75 mg comprimidos masticables,comprimido,88.3533,2026-09-25,"PAMI, precio de venta al público: DIOXAFLEX",minorista,,sí,Medicamentos
Diclofenac sódico 75 mg comprimidos,comprimido,1026.7640,2026-09-25,"PAMI, precio de venta al público: DIOXAFLEX 75",minorista,,sí,Medicamentos
Diclofenac sódico 75 mg comprimidos,comprimido,1081.3477,2026-09-25,"PAMI, precio de venta al público: DIOXAFLEX 75",minorista,,sí,Medicamentos
Diltiazem 120 mg comprimidos,comprimido,996.4700,2026-09-25,"PAMI, precio de venta al público: INCORIL AP 120",minorista,,sí,Medicamentos
Diltiazem 180 mg comprimidos,comprimido,1150.0947,2026-09-25,"PAMI, precio de venta al público: INCORIL MONODOSIS 180",minorista,,sí,Medicamentos
Diltiazem 240 mg comprimidos,comprimido,1678.7630,2026-09-25,"PAMI, precio de venta al público: INCORIL MONODOSIS 240",minorista,,sí,Medicamentos
Diltiazem 300 mg comprimidos,comprimido,2088.9237,2026-09-25,"PAMI, precio de venta al público: INCORIL MONODOSIS 300",minorista,,sí,Medicamentos
Diltiazem 60 mg comprimidos,comprimido,313.4808,2026-09-25,"PAMI, precio de venta al público: INCORIL 60",minorista,,sí,Medicamentos
Diltiazem 90 mg comprimidos,comprimido,545.1810,2026-09-25,"PAMI, precio de venta al público: INCORIL AP 90",minorista,,sí,Medicamentos
Diltiazem 90 mg comprimidos,comprimido,473.5035,2026-09-25,"PAMI, precio de venta al público: INCORIL AP 90",minorista,,sí,Medicamentos
Enalapril 10 mg comprimidos,comprimido,414.1057,2026-09-25,"PAMI, precio de venta al público: GLIOTEN 10",minorista,,sí,Medicamentos
Enalapril 10 mg comprimidos,comprimido,414.0822,2026-09-25,"PAMI, precio de venta al público: GLIOTEN 10",minorista,,sí,Medicamentos
Enalapril 2.5 mg comprimidos,comprimido,108.2720,2026-09-25,"PAMI, precio de venta al público: GLIOTEN 2.5",minorista,,sí,Medicamentos
Enalapril 20 mg comprimidos,comprimido,514.5220,2026-09-25,"PAMI, precio de venta al público: GLIOTEN 20",minorista,,sí,Medicamentos
Enalapril 20 mg comprimidos,comprimido,525.2763,2026-09-25,"PAMI, precio de venta al público: GLIOTEN 20",minorista,,sí,Medicamentos
Enalapril 5 mg comprimidos,comprimido,258.6860,2026-09-25,"PAMI, precio de venta al público: GLIOTEN 5",minorista,,sí,Medicamentos
Enalapril 5 mg comprimidos,comprimido,256.3362,2026-09-25,"PAMI, precio de venta al público: GLIOTEN 5",minorista,,sí,Medicamentos
Enalapril+hidroclorotiazida 10 mg comprimidos,comprimido,686.6383,2026-09-25,"PAMI, precio de venta al público: GLIOTENZIDE 10/25",minorista,,sí,Medicamentos
Enalapril+hidroclorotiazida 20 mg comprimidos,comprimido,804.1517,2026-09-25,"PAMI, precio de venta al público: GLIOTENZIDE",minorista,,sí,Medicamentos
Escitalopram 10 mg comprimidos,comprimido,1495.6364,2026-09-25,"PAMI, precio de venta al público: NOVO HUMORAP 10",minorista,,sí,Medicamentos
Escitalopram 10 mg comprimidos,comprimido,1233.3320,2026-09-25,"PAMI, precio de venta al público: NOVO HUMORAP 10",minorista,,sí,Medicamentos
Escitalopram 20 mg comprimidos,comprimido,2682.0979,2026-09-25,"PAMI, precio de venta al público: NOVO HUMORAP 20",minorista,,sí,Medicamentos
Escitalopram 20 mg comprimidos,comprimido,2353.3603,2026-09-25,"PAMI, precio de venta al público: NOVO HUMORAP 20",minorista,,sí,Medicamentos
Etoricoxib 120 mg comprimidos,comprimido,2239.9271,2026-09-25,"PAMI, precio de venta al público: FLOGOCOX 120",minorista,,sí,Medicamentos
Etoricoxib 120 mg cápsulas,cápsula,2587.8929,2026-09-25,"PAMI, precio de venta al público: FLOGOCOX CB 120",minorista,,sí,Medicamentos
Etoricoxib 60 mg comprimidos,comprimido,1352.6964,2026-09-25,"PAMI, precio de venta al público: FLOGOCOX 60",minorista,,sí,Medicamentos
Etoricoxib 90 mg comprimidos,comprimido,2084.6764,2026-09-25,"PAMI, precio de venta al público: FLOGOCOX 90",minorista,,sí,Medicamentos
Etoricoxib 90 mg comprimidos,comprimido,1701.2361,2026-09-25,"PAMI, precio de venta al público: FLOGOCOX 90",minorista,,sí,Medicamentos
Etoricoxib 90 mg cápsulas,cápsula,2198.9657,2026-09-25,"PAMI, precio de venta al público: FLOGOCOX CB 90",minorista,,sí,Medicamentos
Etoricoxib 90 mg cápsulas,cápsula,1668.5793,2026-09-25,"PAMI, precio de venta al público: FLOGOCOX CB 90",minorista,,sí,Medicamentos
"Fenofíbrico,ác. 105 mg comprimidos",comprimido,1605.8107,2026-09-25,"PAMI, precio de venta al público: LIPOMAX 105",minorista,,sí,Medicamentos
"Fenofíbrico,ác. 35 mg comprimidos",comprimido,1355.8373,2026-09-25,"PAMI, precio de venta al público: LIPOMAX 35",minorista,,sí,Medicamentos
Fluoxetina 20 mg comprimidos,comprimido,780.0617,2026-09-25,"PAMI, precio de venta al público: NEUPAX",minorista,,sí,Medicamentos
Hidroclorotiazida 12.5 mg comprimidos,comprimido,434.3547,2026-09-25,"PAMI, precio de venta al público: DIUREX 12.5",minorista,,sí,Medicamentos
Hidroclorotiazida 25 mg comprimidos,comprimido,542.3623,2026-09-25,"PAMI, precio de venta al público: DIUREX 25",minorista,,sí,Medicamentos
Hidroclorotiazida 50 mg comprimidos,comprimido,555.6618,2026-09-25,"PAMI, precio de venta al público: DIUREX 50",minorista,,sí,Medicamentos
Hidroclorotiazida+amilorida 12.5/1.25 mg comprimidos,comprimido,301.6143,2026-09-25,"PAMI, precio de venta al público: DIUREX A 12.5",minorista,,sí,Medicamentos
Hidroclorotiazida+amilorida 25/2.5 mg comprimidos,comprimido,292.5443,2026-09-25,"PAMI, precio de venta al público: DIUREX A 25",minorista,,sí,Medicamentos
Hidroclorotiazida+amilorida 50/5 mg comprimidos,comprimido,338.1323,2026-09-25,"PAMI, precio de venta al público: DIUREX A 50",minorista,,sí,Medicamentos
Ibuprofeno 40 mg/ml suspensión oral,1 ml,10.1900,2026-09-25,"PAMI, precio de venta al público: AFEBRIL FORTE",minorista,,sí,Medicamentos
Ketorolac 10 mg comprimidos sublinguales,comprimido,52.0040,2026-09-25,"PAMI, precio de venta al público: ZERODOL",minorista,,sí,Medicamentos
Ketorolac 20 mg comprimidos,comprimido,54.5710,2026-09-25,"PAMI, precio de venta al público: ZERODOL",minorista,,sí,Medicamentos
Ketorolac trometamina 30 mg ampollas,ampolla,218.9840,2026-09-25,"PAMI, precio de venta al público: ZERODOL",minorista,,sí,Medicamentos
Ketorolac trometamina 60 mg ampollas,ampolla,435.8333,2026-09-25,"PAMI, precio de venta al público: ZERODOL",minorista,,sí,Medicamentos
Levetiracetam 1000 mg comprimidos,comprimido,5150.9743,2026-09-25,"PAMI, precio de venta al público: RACETAM 1000",minorista,,sí,Medicamentos
Levetiracetam 1000 mg comprimidos,comprimido,3642.7993,2026-09-25,"PAMI, precio de venta al público: RACETAM 1000",minorista,,sí,Medicamentos
Levetiracetam 500 mg comprimidos,comprimido,2607.8750,2026-09-25,"PAMI, precio de venta al público: RACETAM 500",minorista,,sí,Medicamentos
Levetiracetam 500 mg comprimidos,comprimido,2434.1553,2026-09-25,"PAMI, precio de venta al público: RACETAM 500",minorista,,sí,Medicamentos
Levodopa+carbidopa 100 mg/25 mg comprimidos,comprimido,464.6330,2026-09-25,"PAMI, precio de venta al público: PARKINEL 100/25",minorista,,sí,Medicamentos
Levodopa+carbidopa 250 mg/25 mg comprimidos,comprimido,652.5103,2026-09-25,"PAMI, precio de venta al público: PARKINEL 250/25",minorista,,sí,Medicamentos
Levodopa+carbidopa 250 mg/25 mg comprimidos,comprimido,607.5990,2026-09-25,"PAMI, precio de venta al público: PARKINEL 250/25",minorista,,sí,Medicamentos
Lorazepam 2.5 mg comprimidos,comprimido,13.8535,2026-09-25,"PAMI, precio de venta al público: KALMALIN",minorista,,sí,Medicamentos
Losartán 100 mg comprimidos,comprimido,1066.8413,2026-09-25,"PAMI, precio de venta al público: PRESIMAX 100",minorista,,sí,Medicamentos
Losartán 50 mg comprimidos,comprimido,872.6043,2026-09-25,"PAMI, precio de venta al público: PRESIMAX 50",minorista,,sí,Medicamentos
Losartán 50 mg comprimidos,comprimido,815.7438,2026-09-25,"PAMI, precio de venta al público: PRESIMAX 50",minorista,,sí,Medicamentos
Losartán+hidroclorotiazida 100/25mg comprimidos,comprimido,1230.1027,2026-09-25,"PAMI, precio de venta al público: PRESIMAX D 100",minorista,,sí,Medicamentos
Losartán+hidroclorotiazida 50/12.5 mg comprimidos,comprimido,1020.6500,2026-09-25,"PAMI, precio de venta al público: PRESIMAX D 50",minorista,,sí,Medicamentos
Memantine 10 mg comprimidos,comprimido,1571.0303,2026-09-25,"PAMI, precio de venta al público: LUCIDEX 10",minorista,,sí,Medicamentos
Memantine 10 mg comprimidos,comprimido,1327.2928,2026-09-25,"PAMI, precio de venta al público: LUCIDEX 10",minorista,,sí,Medicamentos
Memantine 20 mg comprimidos,comprimido,2253.5130,2026-09-25,"PAMI, precio de venta al público: LUCIDEX 20",minorista,,sí,Medicamentos
Memantine 28 mg cápsulas,cápsula,3319.9264,2026-09-25,"PAMI, precio de venta al público: LUCIDEX XR 28",minorista,,sí,Medicamentos
Memantine+donepezilo 14/10 cápsulas de liberación prolongada,cápsula,1733.2393,2026-09-25,"PAMI, precio de venta al público: LUCIDEX COMPLEX XR SPRINKLE",minorista,,sí,Medicamentos
Memantine+donepezilo 28/10 cápsulas de liberación prolongada,cápsula,3074.5550,2026-09-25,"PAMI, precio de venta al público: LUCIDEX COMPLEX XR SPRINKLE",minorista,,sí,Medicamentos
Mesalazina 1200 mg comprimidos,comprimido,5877.1290,2026-09-25,"PAMI, precio de venta al público: MEZAVANT 1200",minorista,,sí,Medicamentos
Mesalazina 1200 mg comprimidos,comprimido,5712.9787,2026-09-25,"PAMI, precio de venta al público: MEZAVANT 1200",minorista,,sí,Medicamentos
Metilfenidato 20 mg comprimidos,comprimido,3085.9997,2026-09-25,"PAMI, precio de venta al público: RUBIFEN SR 20",minorista,,sí,Medicamentos
Metilfenidato 20 mg cápsulas,cápsula,2453.1737,2026-09-25,"PAMI, precio de venta al público: RUBIFEN LA",minorista,,sí,Medicamentos
Metilfenidato 30 mg cápsulas,cápsula,2995.7597,2026-09-25,"PAMI, precio de venta al público: RUBIFEN LA",minorista,,sí,Medicamentos
Metilfenidato 40 mg cápsulas,cápsula,2995.7597,2026-09-25,"PAMI, precio de venta al público: RUBIFEN LA",minorista,,sí,Medicamentos
Mirtazapina 30 mg comprimidos,comprimido,1582.7730,2026-09-25,"PAMI, precio de venta al público: NOXIBEL",minorista,,sí,Medicamentos
Montelukast 10 mg comprimidos,comprimido,1554.6283,2026-09-25,"PAMI, precio de venta al público: LUKAST 10",minorista,,sí,Medicamentos
Montelukast 4 mg comprimidos masticables,comprimido,1436.6033,2026-09-25,"PAMI, precio de venta al público: LUKAST 4",minorista,,sí,Medicamentos
Montelukast 4 mg sobres,sobre,1422.9457,2026-09-25,"PAMI, precio de venta al público: LUKAST 4",minorista,,sí,Medicamentos
Montelukast 5 mg comprimidos masticables,comprimido,1458.2740,2026-09-25,"PAMI, precio de venta al público: LUKAST 5",minorista,,sí,Medicamentos
Montelukast+levocetirizina 10/5 mg comprimidos,comprimido,1356.1860,2026-09-25,"PAMI, precio de venta al público: LUKAST COMPUESTO 10/5",minorista,,sí,Medicamentos
Nebivolol 10 mg comprimidos,comprimido,1355.9637,2026-09-25,"PAMI, precio de venta al público: NEBIX 10",minorista,,sí,Medicamentos
Nebivolol 5 mg comprimidos,comprimido,711.0457,2026-09-25,"PAMI, precio de venta al público: NEBIX 5",minorista,,sí,Medicamentos
Nitrofurantoína 100 mg cápsulas,cápsula,1237.5575,2026-09-25,"PAMI, precio de venta al público: FURADANTINA MC",minorista,,sí,Medicamentos
"Omeprazol+sodio,bicarbonato 20 mg cápsulas",cápsula,1141.6250,2026-09-25,"PAMI, precio de venta al público: ULCOZOL RAPID 20",minorista,,sí,Medicamentos
Orlistat 120 mg comprimidos,comprimido,2160.5463,2026-09-25,"PAMI, precio de venta al público: FRUGAL",minorista,,sí,Medicamentos
Orlistat 120 mg comprimidos,comprimido,2070.5067,2026-09-25,"PAMI, precio de venta al público: FRUGAL",minorista,,sí,Medicamentos
Penicilina g benzatínica 1200000 ui frasco ampolla,frasco ampolla,13652.7600,2026-09-25,"PAMI, precio de venta al público: PEN DI BEN 1200000",minorista,,sí,Medicamentos
Penicilina g benzatínica 2400000 ui frasco ampolla,frasco ampolla,22540.0100,2026-09-25,"PAMI, precio de venta al público: PEN DI BEN 2400000",minorista,,sí,Medicamentos
Prasterona+procaína+asoc. 5000 mcg comprimidos,comprimido,847.4920,2026-09-25,"PAMI, precio de venta al público: LONGEVITAL",minorista,,sí,Medicamentos
"Pridinol,mesilato 4 mg comprimidos",comprimido,989.0627,2026-09-25,"PAMI, precio de venta al público: RELAXEDAN 4",minorista,,sí,Medicamentos
Quetiapina 100 mg comprimidos,comprimido,3374.8607,2026-09-25,"PAMI, precio de venta al público: SEROQUEL 100",minorista,,sí,Medicamentos
Quetiapina 150 mg comprimidos,comprimido,4680.2180,2026-09-25,"PAMI, precio de venta al público: SEROQUEL XR 150",minorista,,sí,Medicamentos
Quetiapina 200 mg comprimidos,comprimido,4198.8477,2026-09-25,"PAMI, precio de venta al público: SEROQUEL 200",minorista,,sí,Medicamentos
Quetiapina 200 mg comprimidos,comprimido,4388.6643,2026-09-25,"PAMI, precio de venta al público: SEROQUEL XR 200",minorista,,sí,Medicamentos
Quetiapina 25 mg comprimidos,comprimido,198.8130,2026-09-25,"PAMI, precio de venta al público: SEROQUEL 25",minorista,,sí,Medicamentos
Quetiapina 25 mg comprimidos,comprimido,2005.9397,2026-09-25,"PAMI, precio de venta al público: SEROQUEL 25",minorista,,sí,Medicamentos
Quetiapina 300 mg comprimidos,comprimido,5844.1240,2026-09-25,"PAMI, precio de venta al público: SEROQUEL XR 300",minorista,,sí,Medicamentos
Quetiapina 300 mg comprimidos,comprimido,5228.8327,2026-09-25,"PAMI, precio de venta al público: SEROQUEL 300",minorista,,sí,Medicamentos
Quetiapina 400 mg comprimidos,comprimido,8978.1793,2026-09-25,"PAMI, precio de venta al público: SEROQUEL XR 400",minorista,,sí,Medicamentos
Quetiapina 50 mg comprimidos,comprimido,4227.1370,2026-09-25,"PAMI, precio de venta al público: SEROQUEL XR 50",minorista,,sí,Medicamentos
Rivaroxabán 10 mg comprimidos,comprimido,5801.6900,2026-09-25,"PAMI, precio de venta al público: DRINAX R 10",minorista,,sí,Medicamentos
Rivaroxabán 10 mg comprimidos,comprimido,3977.3747,2026-09-25,"PAMI, precio de venta al público: DRINAX R 10",minorista,,sí,Medicamentos
Rivaroxabán 15 mg comprimidos,comprimido,3907.5387,2026-09-25,"PAMI, precio de venta al público: DRINAX R 15",minorista,,sí,Medicamentos
Rivaroxabán 20 mg comprimidos,comprimido,4066.1283,2026-09-25,"PAMI, precio de venta al público: DRINAX R 20",minorista,,sí,Medicamentos
Rosuvastatina 10 mg comprimidos,comprimido,80.6364,2026-09-25,"PAMI, precio de venta al público: ROSUVAST",minorista,,sí,Medicamentos
Rosuvastatina 10 mg comprimidos,comprimido,1051.6086,2026-09-25,"PAMI, precio de venta al público: ROSUVAST 10",minorista,,sí,Medicamentos
Rosuvastatina 10 mg comprimidos,comprimido,875.9283,2026-09-25,"PAMI, precio de venta al público: ROSUVAST 10",minorista,,sí,Medicamentos
Rosuvastatina 10 mg comprimidos,comprimido,971.1864,2026-09-25,"PAMI, precio de venta al público: ROSUVAST 10",minorista,,sí,Medicamentos
Rosuvastatina 10 mg comprimidos,comprimido,876.7908,2026-09-25,"PAMI, precio de venta al público: ROSUVAST 10",minorista,,sí,Medicamentos
Rosuvastatina 20 mg comprimidos,comprimido,1833.9675,2026-09-25,"PAMI, precio de venta al público: ROSUVAST 20",minorista,,sí,Medicamentos
Rosuvastatina 20 mg comprimidos,comprimido,1589.0260,2026-09-25,"PAMI, precio de venta al público: ROSUVAST 20",minorista,,sí,Medicamentos
Rosuvastatina 20 mg comprimidos,comprimido,1537.2508,2026-09-25,"PAMI, precio de venta al público: ROSUVAST 20",minorista,,sí,Medicamentos
Rosuvastatina 40 mg comprimidos,comprimido,3063.9404,2026-09-25,"PAMI, precio de venta al público: ROSUVAST 40",minorista,,sí,Medicamentos
Rosuvastatina 40 mg comprimidos,comprimido,2731.1587,2026-09-25,"PAMI, precio de venta al público: ROSUVAST 40",minorista,,sí,Medicamentos
Rosuvastatina 5 mg comprimidos,comprimido,679.0821,2026-09-25,"PAMI, precio de venta al público: ROSUVAST 5",minorista,,sí,Medicamentos
Rosuvastatina 5 mg comprimidos,comprimido,587.4913,2026-09-25,"PAMI, precio de venta al público: ROSUVAST 5",minorista,,sí,Medicamentos
Rosuvastatina 5 mg comprimidos,comprimido,537.0002,2026-09-25,"PAMI, precio de venta al público: ROSUVAST 5",minorista,,sí,Medicamentos
Rosuvastatina+ezetimibe 10/10 mg comprimidos,comprimido,1060.7017,2026-09-25,"PAMI, precio de venta al público: ROSUVAST EZ 10/10",minorista,,sí,Medicamentos
Rosuvastatina+ezetimibe 20/10 mg comprimidos,comprimido,1889.5060,2026-09-25,"PAMI, precio de venta al público: ROSUVAST EZ 20/10",minorista,,sí,Medicamentos
Serenoa repens 160 mg cápsulas,cápsula,1072.8167,2026-09-25,"PAMI, precio de venta al público: PERMICAPS 160",minorista,,sí,Medicamentos
Serenoa repens 320 mg cápsulas,cápsula,2295.7863,2026-09-25,"PAMI, precio de venta al público: PERMICAPS 320",minorista,,sí,Medicamentos
"Sodio,divalproato 250 mg comprimidos",comprimido,808.5114,2026-09-25,"PAMI, precio de venta al público: EXIBRAL 250",minorista,,sí,Medicamentos
"Sodio,divalproato 500 mg comprimidos",comprimido,1600.2700,2026-09-25,"PAMI, precio de venta al público: EXIBRAL 500",minorista,,sí,Medicamentos
Telmisartán 40 mg comprimidos,comprimido,2434.2371,2026-09-25,"PAMI, precio de venta al público: GLIOSARTAN 40",minorista,,sí,Medicamentos
Telmisartán 80 mg comprimidos,comprimido,3405.4368,2026-09-25,"PAMI, precio de venta al público: GLIOSARTAN 80",minorista,,sí,Medicamentos
Telmisartán+hidroclorotiazida 40/12.5 mg comprimidos,comprimido,2434.2371,2026-09-25,"PAMI, precio de venta al público: GLIOSARTAN PLUS 40/12.5",minorista,,sí,Medicamentos
Telmisartán+hidroclorotiazida 80/12.5 mg comprimidos,comprimido,3405.4368,2026-09-25,"PAMI, precio de venta al público: GLIOSARTAN PLUS 80/12.5",minorista,,sí,Medicamentos
Teofilina anhidra 300 mg comprimidos,comprimido,612.9225,2026-09-25,"PAMI, precio de venta al público: DRILYNA",minorista,,sí,Medicamentos
Terazosina 5 mg comprimidos,comprimido,731.4311,2026-09-25,"PAMI, precio de venta al público: BENAPROST",minorista,,sí,Medicamentos
Tramadol 100 mg ampollas,ampolla,251.5640,2026-09-25,"PAMI, precio de venta al público: TRAMA KLOSIDOL",minorista,,sí,Medicamentos
Tramadol 100 mg/ml gotas,1 ml,2419.8270,2026-09-25,"PAMI, precio de venta al público: TRAMA KLOSIDOL 100",minorista,,sí,Medicamentos
Tramadol 50 mg/ml gotas,1 ml,1048.8090,2026-09-25,"PAMI, precio de venta al público: TRAMA KLOSIDOL GOTAS",minorista,,sí,Medicamentos
Tramadol+paracetamol 37.5/325mg comprimidos,comprimido,1506.0160,2026-09-25,"PAMI, precio de venta al público: TRAMA KLOSIDOL PLUS",minorista,,sí,Medicamentos
Tramadol+paracetamol 37.5/325mg comprimidos,comprimido,1263.6033,2026-09-25,"PAMI, precio de venta al público: TRAMA KLOSIDOL PLUS",minorista,,sí,Medicamentos
Vildagliptin 50 mg comprimidos,comprimido,1650.8839,2026-09-25,"PAMI, precio de venta al público: GLUCEMIX 50",minorista,,sí,Medicamentos
Vildagliptin 50 mg comprimidos,comprimido,1575.5682,2026-09-25,"PAMI, precio de venta al público: GLUCEMIX 50",minorista,,sí,Medicamentos
Vildagliptin+metformina 50/1000 mg comprimidos,comprimido,2092.5927,2026-09-25,"PAMI, precio de venta al público: GLUCEMIX MET 50/1000",minorista,,sí,Medicamentos
Vildagliptin+metformina 50/1000 mg comprimidos,comprimido,1978.0063,2026-09-25,"PAMI, precio de venta al público: GLUCEMIX MET 50/1000",minorista,,sí,Medicamentos
Vildagliptin+metformina 50/500 mg comprimidos,comprimido,1803.9707,2026-09-25,"PAMI, precio de venta al público: GLUCEMIX MET 50/500",minorista,,sí,Medicamentos
Vildagliptin+metformina 50/500 mg comprimidos,comprimido,1720.7395,2026-09-25,"PAMI, precio de venta al público: GLUCEMIX MET 50/500",minorista,,sí,Medicamentos
Vildagliptin+metformina 50/850 mg comprimidos,comprimido,1803.9273,2026-09-25,"PAMI, precio de venta al público: GLUCEMIX MET 50/850",minorista,,sí,Medicamentos
Vildagliptin+metformina 50/850 mg comprimidos,comprimido,1720.6945,2026-09-25,"PAMI, precio de venta al público: GLUCEMIX MET 50/850",minorista,,sí,Medicamentos
"Vit.b,complejo 10000 mcg frasco ampolla",frasco ampolla,13558.6500,2026-09-25,"PAMI, precio de venta al público: BAGO B1 B6 B12",minorista,,sí,Medicamentos
"Vit.b,complejo 10000 mcg frasco ampolla",frasco ampolla,13964.0267,2026-09-25,"PAMI, precio de venta al público: BAGO B1 B6 B12",minorista,,sí,Medicamentos
"Vit.b,complejo 5000 mcg comprimidos",comprimido,1599.6170,2026-09-25,"PAMI, precio de venta al público: BAGO B1 B6 B12",minorista,,sí,Medicamentos
Vonoprazan 10 mg comprimidos,comprimido,1300.0003,2026-09-25,"PAMI, precio de venta al público: ULDORAL 10",minorista,,sí,Medicamentos
Vonoprazan 20 mg comprimidos,comprimido,1870.0000,2026-09-25,"PAMI, precio de venta al público: ULDORAL 20",minorista,,sí,Medicamentos
Zolpidem 10 mg comprimidos sublinguales,comprimido,980.6893,2026-09-25,"PAMI, precio de venta al público: NOCTE 10",minorista,,sí,Medicamentos
Zolpidem 10 mg comprimidos,comprimido,536.3163,2026-09-25,"PAMI, precio de venta al público: NOCTE 10",minorista,,sí,Medicamentos
Alprazolam 0.5 mg comprimidos,comprimido,198.7513,2026-09-25,"PAMI, precio de venta al público: TENSIUM (Baliarda)",minorista,,sí,Medicamentos
Alprazolam 0.5 mg comprimidos,comprimido,175.2338,2026-09-25,"PAMI, precio de venta al público: TENSIUM (Baliarda)",minorista,,sí,Medicamentos
Alprazolam 1 mg comprimidos,comprimido,304.3233,2026-09-25,"PAMI, precio de venta al público: TENSIUM (Baliarda)",minorista,,sí,Medicamentos
Alprazolam 1 mg comprimidos,comprimido,287.7417,2026-09-25,"PAMI, precio de venta al público: TENSIUM (Baliarda)",minorista,,sí,Medicamentos
Alprazolam 2 mg comprimidos,comprimido,453.9290,2026-09-25,"PAMI, precio de venta al público: TENSIUM (Baliarda)",minorista,,sí,Medicamentos
Alverina+simeticona 60/300 mg cápsulas,cápsula,1487.2360,2026-09-25,"PAMI, precio de venta al público: EUDON AE (Baliarda)",minorista,,sí,Medicamentos
Alverina+simeticona 60/300 mg cápsulas,cápsula,1207.7872,2026-09-25,"PAMI, precio de venta al público: EUDON AE (Baliarda)",minorista,,sí,Medicamentos
Amlodipina 10 mg comprimidos,comprimido,1005.2200,2026-09-25,"PAMI, precio de venta al público: ILDUC (Baliarda)",minorista,,sí,Medicamentos
Amlodipina 10 mg comprimidos,comprimido,944.8433,2026-09-25,"PAMI, precio de venta al público: ILDUC (Baliarda)",minorista,,sí,Medicamentos
Amlodipina 5 mg comprimidos,comprimido,557.0890,2026-09-25,"PAMI, precio de venta al público: ILDUC (Baliarda)",minorista,,sí,Medicamentos
Amlodipina 5 mg comprimidos,comprimido,517.0348,2026-09-25,"PAMI, precio de venta al público: ILDUC (Baliarda)",minorista,,sí,Medicamentos
Amlodipina+benazepril 2.5/10 mg cápsulas,cápsula,626.3247,2026-09-25,"PAMI, precio de venta al público: ILDUC DUO (Baliarda)",minorista,,sí,Medicamentos
Amlodipina+benazepril 5/10 mg cápsulas,cápsula,941.3417,2026-09-25,"PAMI, precio de venta al público: ILDUC DUO (Baliarda)",minorista,,sí,Medicamentos
Amlodipina+benazepril 5/20 mg cápsulas,cápsula,1186.9947,2026-09-25,"PAMI, precio de venta al público: ILDUC DUO (Baliarda)",minorista,,sí,Medicamentos
"Amlodipina+losartán,potásico 5/100 mg cápsulas",cápsula,1278.8537,2026-09-25,"PAMI, precio de venta al público: ILDUSARTAN (Baliarda)",minorista,,sí,Medicamentos
"Amlodipina+losartán,potásico 5/50 mg cápsulas",cápsula,1158.1077,2026-09-25,"PAMI, precio de venta al público: ILDUSARTAN (Baliarda)",minorista,,sí,Medicamentos
Atorvastatín 10 mg comprimidos,comprimido,1333.3777,2026-09-25,"PAMI, precio de venta al público: TORIVAS (Baliarda)",minorista,,sí,Medicamentos
Atorvastatín 10 mg comprimidos,comprimido,1094.5572,2026-09-25,"PAMI, precio de venta al público: TORIVAS (Baliarda)",minorista,,sí,Medicamentos
Atorvastatín 20 mg comprimidos,comprimido,2141.1167,2026-09-25,"PAMI, precio de venta al público: TORIVAS (Baliarda)",minorista,,sí,Medicamentos
Atorvastatín 20 mg comprimidos,comprimido,1812.5827,2026-09-25,"PAMI, precio de venta al público: TORIVAS (Baliarda)",minorista,,sí,Medicamentos
Atorvastatín 40 mg comprimidos,comprimido,2394.6400,2026-09-25,"PAMI, precio de venta al público: TORIVAS (Baliarda)",minorista,,sí,Medicamentos
Atorvastatín 80 mg comprimidos,comprimido,3255.3197,2026-09-25,"PAMI, precio de venta al público: TORIVAS (Baliarda)",minorista,,sí,Medicamentos
Atorvastatín+ezetimibe 10/10mg comprimidos,comprimido,1014.0690,2026-09-25,"PAMI, precio de venta al público: TORIMIBE (Baliarda)",minorista,,sí,Medicamentos
Atorvastatín+ezetimibe 20/10mg comprimidos,comprimido,1453.8610,2026-09-25,"PAMI, precio de venta al público: TORIMIBE (Baliarda)",minorista,,sí,Medicamentos
Betahistina 16 mg comprimidos,comprimido,720.8553,2026-09-25,"PAMI, precio de venta al público: AUDIPAX 16 (Baliarda)",minorista,,sí,Medicamentos
Betahistina 24 mg comprimidos,comprimido,1098.7587,2026-09-25,"PAMI, precio de venta al público: AUDIPAX MULTIDOSIS (Baliarda)",minorista,,sí,Medicamentos
Betahistina 24 mg comprimidos,comprimido,1002.4445,2026-09-25,"PAMI, precio de venta al público: AUDIPAX MULTIDOSIS (Baliarda)",minorista,,sí,Medicamentos
Bisoprolol 10 mg comprimidos,comprimido,773.9083,2026-09-25,"PAMI, precio de venta al público: BICARDIL (Baliarda)",minorista,,sí,Medicamentos
Bisoprolol 10 mg comprimidos,comprimido,696.5213,2026-09-25,"PAMI, precio de venta al público: BICARDIL (Baliarda)",minorista,,sí,Medicamentos
Bisoprolol 2.5 mg comprimidos,comprimido,324.0130,2026-09-25,"PAMI, precio de venta al público: BICARDIL (Baliarda)",minorista,,sí,Medicamentos
Bisoprolol 2.5 mg comprimidos,comprimido,291.6072,2026-09-25,"PAMI, precio de venta al público: BICARDIL (Baliarda)",minorista,,sí,Medicamentos
Bisoprolol 5 mg comprimidos,comprimido,605.7827,2026-09-25,"PAMI, precio de venta al público: BICARDIL (Baliarda)",minorista,,sí,Medicamentos
Bisoprolol 5 mg comprimidos,comprimido,545.4575,2026-09-25,"PAMI, precio de venta al público: BICARDIL (Baliarda)",minorista,,sí,Medicamentos
Carvedilol 10 mg cápsulas,cápsula,528.4168,2026-09-25,"PAMI, precio de venta al público: BIDECAR CR (Baliarda)",minorista,,sí,Medicamentos
Carvedilol 12.5 mg comprimidos,comprimido,542.0632,2026-09-25,"PAMI, precio de venta al público: BIDECAR (Baliarda)",minorista,,sí,Medicamentos
Carvedilol 12.5 mg comprimidos,comprimido,503.4963,2026-09-25,"PAMI, precio de venta al público: BIDECAR (Baliarda)",minorista,,sí,Medicamentos
Carvedilol 12.5 mg comprimidos,comprimido,365.3405,2026-09-25,"PAMI, precio de venta al público: BIDECAR (Baliarda)",minorista,,sí,Medicamentos
Carvedilol 12.5 mg comprimidos,comprimido,347.8010,2026-09-25,"PAMI, precio de venta al público: BIDECAR (Baliarda)",minorista,,sí,Medicamentos
Carvedilol 20 mg cápsulas,cápsula,769.1725,2026-09-25,"PAMI, precio de venta al público: BIDECAR CR (Baliarda)",minorista,,sí,Medicamentos
Carvedilol 25 mg comprimidos,comprimido,663.1814,2026-09-25,"PAMI, precio de venta al público: BIDECAR (Baliarda)",minorista,,sí,Medicamentos
Carvedilol 25 mg comprimidos,comprimido,599.1810,2026-09-25,"PAMI, precio de venta al público: BIDECAR (Baliarda)",minorista,,sí,Medicamentos
Carvedilol 25 mg comprimidos,comprimido,463.7329,2026-09-25,"PAMI, precio de venta al público: BIDECAR (Baliarda)",minorista,,sí,Medicamentos
Carvedilol 25 mg comprimidos,comprimido,438.5125,2026-09-25,"PAMI, precio de venta al público: BIDECAR (Baliarda)",minorista,,sí,Medicamentos
Carvedilol 3.125 mg comprimidos,comprimido,250.0082,2026-09-25,"PAMI, precio de venta al público: BIDECAR (Baliarda)",minorista,,sí,Medicamentos
Carvedilol 3.125 mg comprimidos,comprimido,222.4010,2026-09-25,"PAMI, precio de venta al público: BIDECAR (Baliarda)",minorista,,sí,Medicamentos
Carvedilol 3.125 mg comprimidos,comprimido,165.8614,2026-09-25,"PAMI, precio de venta al público: BIDECAR (Baliarda)",minorista,,sí,Medicamentos
Carvedilol 3.125 mg comprimidos,comprimido,135.4120,2026-09-25,"PAMI, precio de venta al público: BIDECAR (Baliarda)",minorista,,sí,Medicamentos
Carvedilol 40 mg cápsulas,cápsula,968.5946,2026-09-25,"PAMI, precio de venta al público: BIDECAR CR (Baliarda)",minorista,,sí,Medicamentos
Carvedilol 50 mg comprimidos,comprimido,798.9350,2026-09-25,"PAMI, precio de venta al público: BIDECAR (Baliarda)",minorista,,sí,Medicamentos
Carvedilol 50 mg comprimidos,comprimido,790.5110,2026-09-25,"PAMI, precio de venta al público: BIDECAR (Baliarda)",minorista,,sí,Medicamentos
Carvedilol 6.25 mg comprimidos,comprimido,433.6532,2026-09-25,"PAMI, precio de venta al público: BIDECAR (Baliarda)",minorista,,sí,Medicamentos
Carvedilol 6.25 mg comprimidos,comprimido,393.1840,2026-09-25,"PAMI, precio de venta al público: BIDECAR (Baliarda)",minorista,,sí,Medicamentos
Carvedilol 6.25 mg comprimidos,comprimido,279.6354,2026-09-25,"PAMI, precio de venta al público: BIDECAR (Baliarda)",minorista,,sí,Medicamentos
Carvedilol 6.25 mg comprimidos,comprimido,263.1332,2026-09-25,"PAMI, precio de venta al público: BIDECAR (Baliarda)",minorista,,sí,Medicamentos
Carvedilol 80 mg cápsulas,cápsula,1207.9239,2026-09-25,"PAMI, precio de venta al público: BIDECAR CR (Baliarda)",minorista,,sí,Medicamentos
Carvedilol+hidroclorotiazida 25mg/12.5mg comprimidos,comprimido,673.5557,2026-09-25,"PAMI, precio de venta al público: BIDECAR D (Baliarda)",minorista,,sí,Medicamentos
Cilostazol 100 mg comprimidos,comprimido,1222.5587,2026-09-25,"PAMI, precio de venta al público: CILOVAS (Baliarda)",minorista,,sí,Medicamentos
Cilostazol 50 mg comprimidos,comprimido,641.1157,2026-09-25,"PAMI, precio de venta al público: CILOVAS (Baliarda)",minorista,,sí,Medicamentos
Cinitaprida 1 mg comprimidos,comprimido,715.0890,2026-09-25,"PAMI, precio de venta al público: CINIGEST (Baliarda)",minorista,,sí,Medicamentos
Citicolina 1000 mg ampollas,ampolla,10496.4800,2026-09-25,"PAMI, precio de venta al público: REAGIN 1000 (Baliarda)",minorista,,sí,Medicamentos
Citicolina 250 mg comprimidos,comprimido,1619.8475,2026-09-25,"PAMI, precio de venta al público: REAGIN 250 (Baliarda)",minorista,,sí,Medicamentos
Citicolina 250 mg comprimidos,comprimido,1702.3117,2026-09-25,"PAMI, precio de venta al público: REAGIN 250 (Baliarda)",minorista,,sí,Medicamentos
Citicolina 500 mg ampollas,ampolla,5933.7067,2026-09-25,"PAMI, precio de venta al público: REAGIN 500 (Baliarda)",minorista,,sí,Medicamentos
Claritromicina 500 mg comprimidos de liberación prolongada,comprimido,2542.4975,2026-09-25,"PAMI, precio de venta al público: CLARIBIOTIC U.D. (Baliarda)",minorista,,sí,Medicamentos
Claritromicina 500 mg comprimidos de liberación prolongada,comprimido,2484.4425,2026-09-25,"PAMI, precio de venta al público: CLARIBIOTIC U.D. (Baliarda)",minorista,,sí,Medicamentos
Claritromicina 500 mg comprimidos,comprimido,2197.9894,2026-09-25,"PAMI, precio de venta al público: CLARIBIOTIC 500 (Baliarda)",minorista,,sí,Medicamentos
Clonazepam 0.25 mg comprimidos sublinguales,comprimido,250.2213,2026-09-25,"PAMI, precio de venta al público: CLONAGIN SL (Baliarda)",minorista,,sí,Medicamentos
Clonazepam 0.25 mg comprimidos sublinguales,comprimido,218.5273,2026-09-25,"PAMI, precio de venta al público: CLONAGIN SL (Baliarda)",minorista,,sí,Medicamentos
Clonazepam 0.25 mg comprimidos,comprimido,110.8123,2026-09-25,"PAMI, precio de venta al público: CLONAGIN 0.25 (Baliarda)",minorista,,sí,Medicamentos
Clonazepam 0.5 mg comprimidos,comprimido,369.5423,2026-09-25,"PAMI, precio de venta al público: CLONAGIN 0.5 (Baliarda)",minorista,,sí,Medicamentos
Clonazepam 0.5 mg comprimidos,comprimido,283.3562,2026-09-25,"PAMI, precio de venta al público: CLONAGIN 0.5 (Baliarda)",minorista,,sí,Medicamentos
Clonazepam 0.5 mg comprimidos,comprimido,293.8297,2026-09-25,"PAMI, precio de venta al público: CLONAGIN 0.5 (Baliarda)",minorista,,sí,Medicamentos
Clonazepam 1 mg comprimidos,comprimido,372.9173,2026-09-25,"PAMI, precio de venta al público: CLONAGIN 1 (Baliarda)",minorista,,sí,Medicamentos
Clonazepam 1 mg comprimidos,comprimido,294.8050,2026-09-25,"PAMI, precio de venta al público: CLONAGIN 1 (Baliarda)",minorista,,sí,Medicamentos
Clonazepam 2 mg comprimidos,comprimido,423.6207,2026-09-25,"PAMI, precio de venta al público: CLONAGIN 2 (Baliarda)",minorista,,sí,Medicamentos
Clonazepam 2 mg comprimidos,comprimido,331.0162,2026-09-25,"PAMI, precio de venta al público: CLONAGIN 2 (Baliarda)",minorista,,sí,Medicamentos
Clonazepam 2 mg comprimidos,comprimido,294.9382,2026-09-25,"PAMI, precio de venta al público: CLONAGIN 2 (Baliarda)",minorista,,sí,Medicamentos
Clopidogrel 75 mg comprimidos,comprimido,1062.2167,2026-09-25,"PAMI, precio de venta al público: CLODREL (Baliarda)",minorista,,sí,Medicamentos
Clopidogrel 75 mg comprimidos,comprimido,2292.5177,2026-09-25,"PAMI, precio de venta al público: CLODREL (Baliarda)",minorista,,sí,Medicamentos
Dapagliflozina 10 mg comprimidos,comprimido,2345.4533,2026-09-25,"PAMI, precio de venta al público: DAPAX (Baliarda)",minorista,,sí,Medicamentos
Dapagliflozina 5 mg comprimidos,comprimido,1581.8123,2026-09-25,"PAMI, precio de venta al público: DAPAX (Baliarda)",minorista,,sí,Medicamentos
Darifenacina 15 mg comprimidos de liberación prolongada,comprimido,2579.1937,2026-09-25,"PAMI, precio de venta al público: CONTINEX (Baliarda)",minorista,,sí,Medicamentos
Darifenacina 7.5mg comprimidos de liberación prolongada,comprimido,1984.6880,2026-09-25,"PAMI, precio de venta al público: CONTINEX (Baliarda)",minorista,,sí,Medicamentos
Darifenacina 7.5mg comprimidos de liberación prolongada,comprimido,1863.6970,2026-09-25,"PAMI, precio de venta al público: CONTINEX (Baliarda)",minorista,,sí,Medicamentos
Desvenlafaxina 100mg comprimidos de liberación prolongada,comprimido,1980.3253,2026-09-25,"PAMI, precio de venta al público: DROSIX (Baliarda)",minorista,,sí,Medicamentos
Desvenlafaxina 50 mg comprimidos de liberación prolongada,comprimido,1150.2987,2026-09-25,"PAMI, precio de venta al público: DROSIX (Baliarda)",minorista,,sí,Medicamentos
Dexketoprofeno 25 mg comprimidos,comprimido,836.7135,2026-09-25,"PAMI, precio de venta al público: IDOLGINA (Baliarda)",minorista,,sí,Medicamentos
Dexketoprofeno 25 mg comprimidos,comprimido,353.5992,2026-09-25,"PAMI, precio de venta al público: IDOLGINA (Baliarda)",minorista,,sí,Medicamentos
Diclofenac sódico 100mg comprimidos,comprimido,1488.5173,2026-09-25,"PAMI, precio de venta al público: XEDENOL (Baliarda)",minorista,,sí,Medicamentos
Diclofenac sódico 50mg comprimidos,comprimido,599.5827,2026-09-25,"PAMI, precio de venta al público: XEDENOL (Baliarda)",minorista,,sí,Medicamentos
Diclofenac sódico 50mg comprimidos,comprimido,472.7150,2026-09-25,"PAMI, precio de venta al público: XEDENOL (Baliarda)",minorista,,sí,Medicamentos
Diclofenac sódico 75 mg comprimidos de liberación prolongada,comprimido,1421.0460,2026-09-25,"PAMI, precio de venta al público: XEDENOL (Baliarda)",minorista,,sí,Medicamentos
Diclofenac sódico 75 mg comprimidos de liberación prolongada,comprimido,1458.4487,2026-09-25,"PAMI, precio de venta al público: XEDENOL (Baliarda)",minorista,,sí,Medicamentos
Donepezilo 10 mg comprimidos,comprimido,1897.9453,2026-09-25,"PAMI, precio de venta al público: ENDOCLAR (Baliarda)",minorista,,sí,Medicamentos
Donepezilo 5 mg comprimidos,comprimido,1502.1737,2026-09-25,"PAMI, precio de venta al público: ENDOCLAR (Baliarda)",minorista,,sí,Medicamentos
Dutasteride 0.5 mg cápsulas,cápsula,1390.6230,2026-09-25,"PAMI, precio de venta al público: DUTAKLAR (Baliarda)",minorista,,sí,Medicamentos
Empagliflozina 10 mg comprimidos,comprimido,3096.8263,2026-09-25,"PAMI, precio de venta al público: DIFOGLIX (Baliarda)",minorista,,sí,Medicamentos
Empagliflozina 25 mg comprimidos,comprimido,3327.7690,2026-09-25,"PAMI, precio de venta al público: DIFOGLIX (Baliarda)",minorista,,sí,Medicamentos
Enalapril 10 mg comprimidos,comprimido,348.0867,2026-09-25,"PAMI, precio de venta al público: MAXEN (Baliarda)",minorista,,sí,Medicamentos
Enalapril 10 mg comprimidos,comprimido,330.1793,2026-09-25,"PAMI, precio de venta al público: MAXEN (Baliarda)",minorista,,sí,Medicamentos
Enalapril 20 mg comprimidos,comprimido,407.4640,2026-09-25,"PAMI, precio de venta al público: MAXEN (Baliarda)",minorista,,sí,Medicamentos
Enalapril 20 mg comprimidos,comprimido,406.9745,2026-09-25,"PAMI, precio de venta al público: MAXEN (Baliarda)",minorista,,sí,Medicamentos
Enalapril 5 mg comprimidos,comprimido,231.6687,2026-09-25,"PAMI, precio de venta al público: MAXEN (Baliarda)",minorista,,sí,Medicamentos
Enalapril 5 mg comprimidos,comprimido,233.0322,2026-09-25,"PAMI, precio de venta al público: MAXEN (Baliarda)",minorista,,sí,Medicamentos
Enalapril+hidroclorotiazida 10 mg/25 mg comprimidos,comprimido,433.2277,2026-09-25,"PAMI, precio de venta al público: MAXEN D (Baliarda)",minorista,,sí,Medicamentos
Escitalopram 10 mg comprimidos,comprimido,667.7460,2026-09-25,"PAMI, precio de venta al público: OPTISER 10 (Baliarda)",minorista,,sí,Medicamentos
Escitalopram 10 mg comprimidos,comprimido,1309.4703,2026-09-25,"PAMI, precio de venta al público: OPTISER 10 (Baliarda)",minorista,,sí,Medicamentos
Escitalopram 10 mg comprimidos,comprimido,1110.6012,2026-09-25,"PAMI, precio de venta al público: OPTISER 10 (Baliarda)",minorista,,sí,Medicamentos
Escitalopram 20 mg comprimidos,comprimido,1209.1447,2026-09-25,"PAMI, precio de venta al público: OPTISER 20 (Baliarda)",minorista,,sí,Medicamentos
Escitalopram 20 mg comprimidos,comprimido,2270.6843,2026-09-25,"PAMI, precio de venta al público: OPTISER 20 (Baliarda)",minorista,,sí,Medicamentos
Escitalopram 20 mg comprimidos,comprimido,1743.2298,2026-09-25,"PAMI, precio de venta al público: OPTISER 20 (Baliarda)",minorista,,sí,Medicamentos
Espironolactona 100 mg comprimidos,comprimido,499.9140,2026-09-25,"PAMI, precio de venta al público: REDIUN-E 100 (Baliarda)",minorista,,sí,Medicamentos
Espironolactona 25 mg comprimidos,comprimido,480.0197,2026-09-25,"PAMI, precio de venta al público: REDIUN-E 25 (Baliarda)",minorista,,sí,Medicamentos
Espironolactona 50 mg comprimidos,comprimido,492.9240,2026-09-25,"PAMI, precio de venta al público: REDIUN-E 50 (Baliarda)",minorista,,sí,Medicamentos
Etoricoxib 120 mg comprimidos,comprimido,2197.1820,2026-09-25,"PAMI, precio de venta al público: DOLOCOX (Baliarda)",minorista,,sí,Medicamentos
Etoricoxib 60 mg comprimidos,comprimido,1292.9783,2026-09-25,"PAMI, precio de venta al público: DOLOCOX (Baliarda)",minorista,,sí,Medicamentos
Etoricoxib 90 mg comprimidos,comprimido,2083.7920,2026-09-25,"PAMI, precio de venta al público: DOLOCOX (Baliarda)",minorista,,sí,Medicamentos
Etoricoxib 90 mg comprimidos,comprimido,1670.4207,2026-09-25,"PAMI, precio de venta al público: DOLOCOX (Baliarda)",minorista,,sí,Medicamentos
"Fenofíbrico,ác. 105 mg comprimidos",comprimido,1240.7573,2026-09-25,"PAMI, precio de venta al público: MAGNOFEN TAB (Baliarda)",minorista,,sí,Medicamentos
"Fenofíbrico,ác. 135 mg cápsulas de liberación prolongada",cápsula,1431.0147,2026-09-25,"PAMI, precio de venta al público: MAGNOFEN (Baliarda)",minorista,,sí,Medicamentos
"Fenofíbrico,ác. 45 mg cápsulas de liberación prolongada",cápsula,1213.2437,2026-09-25,"PAMI, precio de venta al público: MAGNOFEN (Baliarda)",minorista,,sí,Medicamentos
Fluconazol 150 mg comprimidos,comprimido,9490.2500,2026-09-25,"PAMI, precio de venta al público: FLUCOGINKAN (Baliarda)",minorista,,sí,Medicamentos
Fluconazol 150 mg comprimidos,comprimido,8734.4100,2026-09-25,"PAMI, precio de venta al público: FLUCOGINKAN (Baliarda)",minorista,,sí,Medicamentos
Fluconazol 150 mg comprimidos,comprimido,7119.2900,2026-09-25,"PAMI, precio de venta al público: FLUCOGINKAN (Baliarda)",minorista,,sí,Medicamentos
"Fólico,ác. 1 mg comprimidos",comprimido,254.6623,2026-09-25,"PAMI, precio de venta al público: COFLIC (Baliarda)",minorista,,sí,Medicamentos
"Fólico,ác. 10 mg comprimidos",comprimido,367.0467,2026-09-25,"PAMI, precio de venta al público: COFLIC (Baliarda)",minorista,,sí,Medicamentos
"Fólico,ác. 5 mg comprimidos",comprimido,332.1900,2026-09-25,"PAMI, precio de venta al público: COFLIC (Baliarda)",minorista,,sí,Medicamentos
Glimepiride 2 mg comprimidos,comprimido,173.3077,2026-09-25,"PAMI, precio de venta al público: GLIMEPLIC (Baliarda)",minorista,,sí,Medicamentos
Glimepiride 4 mg comprimidos,comprimido,322.1233,2026-09-25,"PAMI, precio de venta al público: GLIMEPLIC (Baliarda)",minorista,,sí,Medicamentos
"Ibandrónico,ác. 150 mg comprimidos",comprimido,38889.7300,2026-09-25,"PAMI, precio de venta al público: BANTUC (Baliarda)",minorista,,sí,Medicamentos
"Ibandrónico,ác. 150 mg comprimidos",comprimido,31503.8450,2026-09-25,"PAMI, precio de venta al público: BANTUC (Baliarda)",minorista,,sí,Medicamentos
"Ibandrónico,ác.+asoc. 150mg comprimidos",comprimido,1704.6437,2026-09-25,"PAMI, precio de venta al público: BANTUC MAX (Baliarda)",minorista,,sí,Medicamentos
Icosapento de etilo 0.5 gr. cápsulas,cápsula,1875.6543,2026-09-25,"PAMI, precio de venta al público: ICOPEN (Baliarda)",minorista,,sí,Medicamentos
Icosapento de etilo 1 gr. cápsulas,cápsula,2992.9723,2026-09-25,"PAMI, precio de venta al público: ICOPEN (Baliarda)",minorista,,sí,Medicamentos
Insaponificables 300 mg cápsulas,cápsula,1253.0853,2026-09-25,"PAMI, precio de venta al público: CONDIAR (Baliarda)",minorista,,sí,Medicamentos
Lacosamida 100 mg comprimidos,comprimido,3848.7990,2026-09-25,"PAMI, precio de venta al público: COMIL 100 (Baliarda)",minorista,,sí,Medicamentos
Lacosamida 150 mg comprimidos,comprimido,5226.1153,2026-09-25,"PAMI, precio de venta al público: COMIL 150 (Baliarda)",minorista,,sí,Medicamentos
Lacosamida 200 mg comprimidos,comprimido,6943.0817,2026-09-25,"PAMI, precio de venta al público: COMIL 200 (Baliarda)",minorista,,sí,Medicamentos
Lacosamida 50 mg comprimidos,comprimido,1810.7070,2026-09-25,"PAMI, precio de venta al público: COMIL 50 (Baliarda)",minorista,,sí,Medicamentos
Levetiracetam 1000mg comprimidos,comprimido,5012.6690,2026-09-25,"PAMI, precio de venta al público: LEVECOM 1000 (Baliarda)",minorista,,sí,Medicamentos
Levetiracetam 1000mg comprimidos,comprimido,3489.3860,2026-09-25,"PAMI, precio de venta al público: LEVECOM 1000 (Baliarda)",minorista,,sí,Medicamentos
Levetiracetam 500 mg comprimidos de liberación prolongada,comprimido,2832.2027,2026-09-25,"PAMI, precio de venta al público: LEVECOM XR 500 (Baliarda)",minorista,,sí,Medicamentos
Levetiracetam 500 mg comprimidos,comprimido,2955.4245,2026-09-25,"PAMI, precio de venta al público: LEVECOM 500 (Baliarda)",minorista,,sí,Medicamentos
Levetiracetam 500 mg comprimidos,comprimido,2503.2763,2026-09-25,"PAMI, precio de venta al público: LEVECOM 500 (Baliarda)",minorista,,sí,Medicamentos
Levetiracetam 500 mg comprimidos,comprimido,2305.6072,2026-09-25,"PAMI, precio de venta al público: LEVECOM 500 (Baliarda)",minorista,,sí,Medicamentos
Levetiracetam 750 mg comprimidos de liberación prolongada,comprimido,4095.1893,2026-09-25,"PAMI, precio de venta al público: LEVECOM XR 750 (Baliarda)",minorista,,sí,Medicamentos
Levofloxacina 500 mg comprimidos,comprimido,2661.4186,2026-09-25,"PAMI, precio de venta al público: VALIFLOX 500 (Baliarda)",minorista,,sí,Medicamentos
Levofloxacina 750 mg comprimidos,comprimido,4156.9360,2026-09-25,"PAMI, precio de venta al público: VALIFLOX 750 (Baliarda)",minorista,,sí,Medicamentos
Meloxicam 15 mg comprimidos,comprimido,862.3200,2026-09-25,"PAMI, precio de venta al público: MIOLOX (Baliarda)",minorista,,sí,Medicamentos
Meloxicam 15 mg comprimidos,comprimido,724.5263,2026-09-25,"PAMI, precio de venta al público: MIOLOX (Baliarda)",minorista,,sí,Medicamentos
Memantine 10 mg comprimidos,comprimido,1205.8290,2026-09-25,"PAMI, precio de venta al público: NEUROPLUS (Baliarda)",minorista,,sí,Medicamentos
Memantine 10 mg comprimidos,comprimido,1211.5523,2026-09-25,"PAMI, precio de venta al público: NEUROPLUS (Baliarda)",minorista,,sí,Medicamentos
Memantine 10 mg comprimidos,comprimido,1499.7740,2026-09-25,"PAMI, precio de venta al público: NEUROPLUS (Baliarda)",minorista,,sí,Medicamentos
Memantine 10 mg comprimidos,comprimido,1152.4993,2026-09-25,"PAMI, precio de venta al público: NEUROPLUS (Baliarda)",minorista,,sí,Medicamentos
Memantine 14mg comprimidos,comprimido,1681.2143,2026-09-25,"PAMI, precio de venta al público: NEUROPLUS XR (Baliarda)",minorista,,sí,Medicamentos
Memantine 20 mg comprimidos,comprimido,1557.6313,2026-09-25,"PAMI, precio de venta al público: NEUROPLUS (Baliarda)",minorista,,sí,Medicamentos
Memantine 21mg comprimidos,comprimido,1950.9193,2026-09-25,"PAMI, precio de venta al público: NEUROPLUS XR (Baliarda)",minorista,,sí,Medicamentos
Memantine 28mg comprimidos,comprimido,2307.3463,2026-09-25,"PAMI, precio de venta al público: NEUROPLUS XR (Baliarda)",minorista,,sí,Medicamentos
Memantine 7mg comprimidos,comprimido,967.7113,2026-09-25,"PAMI, precio de venta al público: NEUROPLUS XR (Baliarda)",minorista,,sí,Medicamentos
Memantine+donepezilo 14/10mg comprimidos de liberación prolongada,comprimido,2808.3480,2026-09-25,"PAMI, precio de venta al público: ENDOCLAR PLUS (Baliarda)",minorista,,sí,Medicamentos
Memantine+donepezilo 28/10mg comprimidos de liberación prolongada,comprimido,2984.2513,2026-09-25,"PAMI, precio de venta al público: ENDOCLAR PLUS (Baliarda)",minorista,,sí,Medicamentos
Metformina 1000 mg comprimidos,comprimido,643.5573,2026-09-25,"PAMI, precio de venta al público: BALIGLUC AP 1000 (Baliarda)",minorista,,sí,Medicamentos
Metformina 500 mg comprimidos,comprimido,217.8737,2026-09-25,"PAMI, precio de venta al público: BALIGLUC 500 (Baliarda)",minorista,,sí,Medicamentos
Metformina 850 mg comprimidos,comprimido,482.0793,2026-09-25,"PAMI, precio de venta al público: BALIGLUC AP 850 (Baliarda)",minorista,,sí,Medicamentos
Nebivolol 10 mg comprimidos,comprimido,1313.7454,2026-09-25,"PAMI, precio de venta al público: NIDIB (Baliarda)",minorista,,sí,Medicamentos
Nebivolol 10 mg comprimidos,comprimido,1289.4623,2026-09-25,"PAMI, precio de venta al público: NIDIB (Baliarda)",minorista,,sí,Medicamentos
Nebivolol 2.5 mg comprimidos,comprimido,332.7970,2026-09-25,"PAMI, precio de venta al público: NIDIB (Baliarda)",minorista,,sí,Medicamentos
Nebivolol 5 mg comprimidos,comprimido,744.9325,2026-09-25,"PAMI, precio de venta al público: NIDIB (Baliarda)",minorista,,sí,Medicamentos
Nebivolol 5 mg comprimidos,comprimido,679.3980,2026-09-25,"PAMI, precio de venta al público: NIDIB (Baliarda)",minorista,,sí,Medicamentos
Pantoprazol 40 mg frasco ampolla,frasco ampolla,58945.0300,2026-09-25,"PAMI, precio de venta al público: PANTUS IV (Baliarda)",minorista,,sí,Medicamentos
Paroxetina 10 mg comprimidos,comprimido,669.8000,2026-09-25,"PAMI, precio de venta al público: MEPLAR 10 (Baliarda)",minorista,,sí,Medicamentos
Paroxetina 12.5mg comprimidos,comprimido,1186.8540,2026-09-25,"PAMI, precio de venta al público: MEPLAR LC 12.5 (Baliarda)",minorista,,sí,Medicamentos
Paroxetina 20 mg comprimidos,comprimido,791.7110,2026-09-25,"PAMI, precio de venta al público: MEPLAR 20 (Baliarda)",minorista,,sí,Medicamentos
Paroxetina 20 mg comprimidos,comprimido,1551.2317,2026-09-25,"PAMI, precio de venta al público: MEPLAR 20 (Baliarda)",minorista,,sí,Medicamentos
Paroxetina 25 mg comprimidos,comprimido,1311.5523,2026-09-25,"PAMI, precio de venta al público: MEPLAR LC 25 (Baliarda)",minorista,,sí,Medicamentos
Paroxetina 30 mg comprimidos,comprimido,1629.2590,2026-09-25,"PAMI, precio de venta al público: MEPLAR 30 (Baliarda)",minorista,,sí,Medicamentos
Pramipexol 0.25 mg comprimidos,comprimido,575.6070,2026-09-25,"PAMI, precio de venta al público: NULIPAR (Baliarda)",minorista,,sí,Medicamentos
Pramipexol 0.25 mg comprimidos,comprimido,613.1322,2026-09-25,"PAMI, precio de venta al público: NULIPAR (Baliarda)",minorista,,sí,Medicamentos
Pramipexol 0.375mg comprimidos de liberación prolongada,comprimido,979.7490,2026-09-25,"PAMI, precio de venta al público: NULIPAR LP (Baliarda)",minorista,,sí,Medicamentos
Pramipexol 0.5 mg comprimidos,comprimido,1150.5857,2026-09-25,"PAMI, precio de venta al público: NULIPAR (Baliarda)",minorista,,sí,Medicamentos
Pramipexol 0.75mg comprimidos de liberación prolongada,comprimido,1639.2660,2026-09-25,"PAMI, precio de venta al público: NULIPAR LP (Baliarda)",minorista,,sí,Medicamentos
Pramipexol 1 mg comprimidos,comprimido,2224.3417,2026-09-25,"PAMI, precio de venta al público: NULIPAR (Baliarda)",minorista,,sí,Medicamentos
Pramipexol 1 mg comprimidos,comprimido,2067.4568,2026-09-25,"PAMI, precio de venta al público: NULIPAR (Baliarda)",minorista,,sí,Medicamentos
Pramipexol 1.5 mg comprimidos de liberación prolongada,comprimido,3032.5683,2026-09-25,"PAMI, precio de venta al público: NULIPAR LP (Baliarda)",minorista,,sí,Medicamentos
Pramipexol 3 mg comprimidos de liberación prolongada,comprimido,6065.3133,2026-09-25,"PAMI, precio de venta al público: NULIPAR LP (Baliarda)",minorista,,sí,Medicamentos
Pregabalina 150 mg cápsulas,cápsula,2208.2804,2026-09-25,"PAMI, precio de venta al público: LINPREL 150 (Baliarda)",minorista,,sí,Medicamentos
Pregabalina 150 mg cápsulas,cápsula,2124.9160,2026-09-25,"PAMI, precio de venta al público: LINPREL 150 (Baliarda)",minorista,,sí,Medicamentos
Pregabalina 25 mg cápsulas,cápsula,489.9236,2026-09-25,"PAMI, precio de venta al público: LINPREL 25 (Baliarda)",minorista,,sí,Medicamentos
Pregabalina 25 mg cápsulas,cápsula,422.9830,2026-09-25,"PAMI, precio de venta al público: LINPREL 25 (Baliarda)",minorista,,sí,Medicamentos
Pregabalina 300 mg cápsulas,cápsula,3279.3696,2026-09-25,"PAMI, precio de venta al público: LINPREL 300 (Baliarda)",minorista,,sí,Medicamentos
Pregabalina 300 mg cápsulas,cápsula,2859.7267,2026-09-25,"PAMI, precio de venta al público: LINPREL 300 (Baliarda)",minorista,,sí,Medicamentos
Pregabalina 50 mg cápsulas,cápsula,950.6100,2026-09-25,"PAMI, precio de venta al público: LINPREL 50 (Baliarda)",minorista,,sí,Medicamentos
Pregabalina 50 mg cápsulas,cápsula,961.1800,2026-09-25,"PAMI, precio de venta al público: LINPREL 50 (Baliarda)",minorista,,sí,Medicamentos
Pregabalina 75 mg comprimidos,comprimido,678.7787,2026-09-25,"PAMI, precio de venta al público: LINPREL MULTIDOSIS (Baliarda)",minorista,,sí,Medicamentos
Pregabalina 75 mg comprimidos,comprimido,1467.1193,2026-09-25,"PAMI, precio de venta al público: LINPREL MULTIDOSIS (Baliarda)",minorista,,sí,Medicamentos
Pregabalina 75 mg comprimidos,comprimido,1349.2823,2026-09-25,"PAMI, precio de venta al público: LINPREL MULTIDOSIS (Baliarda)",minorista,,sí,Medicamentos
Pregabalina 75 mg cápsulas,cápsula,1467.7161,2026-09-25,"PAMI, precio de venta al público: LINPREL 75 (Baliarda)",minorista,,sí,Medicamentos
Pregabalina 75 mg cápsulas,cápsula,1413.1280,2026-09-25,"PAMI, precio de venta al público: LINPREL 75 (Baliarda)",minorista,,sí,Medicamentos
Quetiapina 100 mg comprimidos,comprimido,3388.5400,2026-09-25,"PAMI, precio de venta al público: BIATRIX 100 (Baliarda)",minorista,,sí,Medicamentos
Quetiapina 100 mg comprimidos,comprimido,2638.9115,2026-09-25,"PAMI, precio de venta al público: BIATRIX 100 (Baliarda)",minorista,,sí,Medicamentos
Quetiapina 200 mg comprimidos,comprimido,4190.3533,2026-09-25,"PAMI, precio de venta al público: BIATRIX 200 (Baliarda)",minorista,,sí,Medicamentos
Quetiapina 200 mg comprimidos,comprimido,3413.4508,2026-09-25,"PAMI, precio de venta al público: BIATRIX 200 (Baliarda)",minorista,,sí,Medicamentos
Quetiapina 200mg comprimidos de liberación prolongada,comprimido,4195.5420,2026-09-25,"PAMI, precio de venta al público: BIATRIX XR 200 (Baliarda)",minorista,,sí,Medicamentos
Quetiapina 25 mg comprimidos,comprimido,885.9640,2026-09-25,"PAMI, precio de venta al público: BIATRIX 25 (Baliarda)",minorista,,sí,Medicamentos
Quetiapina 25 mg comprimidos,comprimido,1998.7227,2026-09-25,"PAMI, precio de venta al público: BIATRIX 25 (Baliarda)",minorista,,sí,Medicamentos
Quetiapina 25 mg comprimidos,comprimido,1588.9055,2026-09-25,"PAMI, precio de venta al público: BIATRIX 25 (Baliarda)",minorista,,sí,Medicamentos
Quetiapina 300 mg comprimidos,comprimido,4951.0183,2026-09-25,"PAMI, precio de venta al público: BIATRIX 300 (Baliarda)",minorista,,sí,Medicamentos
Quetiapina 300mg comprimidos de liberación prolongada,comprimido,5590.8250,2026-09-25,"PAMI, precio de venta al público: BIATRIX XR 300 (Baliarda)",minorista,,sí,Medicamentos
Quetiapina 400mg comprimidos de liberación prolongada,comprimido,8591.2477,2026-09-25,"PAMI, precio de venta al público: BIATRIX XR 400 (Baliarda)",minorista,,sí,Medicamentos
Quetiapina 50 mg comprimidos de liberación prolongada,comprimido,3915.4913,2026-09-25,"PAMI, precio de venta al público: BIATRIX XR 50 (Baliarda)",minorista,,sí,Medicamentos
Rasagilina 1 mg comprimidos,comprimido,1091.1267,2026-09-25,"PAMI, precio de venta al público: RAGIPAR (Baliarda)",minorista,,sí,Medicamentos
Risedronato 35 mg comprimidos,comprimido,2902.4900,2026-09-25,"PAMI, precio de venta al público: RIDRON (Baliarda)",minorista,,sí,Medicamentos
Risperidona 0.25 mg comprimidos,comprimido,172.4945,2026-09-25,"PAMI, precio de venta al público: RIATUL 0.25 (Baliarda)",minorista,,sí,Medicamentos
Risperidona 0.5 mg comprimidos,comprimido,428.5145,2026-09-25,"PAMI, precio de venta al público: RIATUL 0.5 (Baliarda)",minorista,,sí,Medicamentos
Risperidona 0.5 mg comprimidos,comprimido,392.5023,2026-09-25,"PAMI, precio de venta al público: RIATUL 0.5 (Baliarda)",minorista,,sí,Medicamentos
Risperidona 1 mg comprimidos,comprimido,697.3220,2026-09-25,"PAMI, precio de venta al público: RIATUL 1 (Baliarda)",minorista,,sí,Medicamentos
Risperidona 1 mg comprimidos,comprimido,533.3963,2026-09-25,"PAMI, precio de venta al público: RIATUL 1 (Baliarda)",minorista,,sí,Medicamentos
Risperidona 1 mg/ml solución oral,1 ml,1076.2707,2026-09-25,"PAMI, precio de venta al público: RIATUL 1 (Baliarda)",minorista,,sí,Medicamentos
Risperidona 2 mg comprimidos,comprimido,1428.9570,2026-09-25,"PAMI, precio de venta al público: RIATUL 2 (Baliarda)",minorista,,sí,Medicamentos
Risperidona 2 mg comprimidos,comprimido,1403.1955,2026-09-25,"PAMI, precio de venta al público: RIATUL 2 (Baliarda)",minorista,,sí,Medicamentos
Risperidona 3 mg comprimidos,comprimido,1342.5870,2026-09-25,"PAMI, precio de venta al público: RIATUL 3 (Baliarda)",minorista,,sí,Medicamentos
Rivaroxabán 10 mg comprimidos,comprimido,5519.0213,2026-09-25,"PAMI, precio de venta al público: RIXATYL (Baliarda)",minorista,,sí,Medicamentos
Rivaroxabán 10 mg comprimidos,comprimido,3577.9940,2026-09-25,"PAMI, precio de venta al público: RIXATYL (Baliarda)",minorista,,sí,Medicamentos
Rivaroxabán 15 mg comprimidos,comprimido,3618.0453,2026-09-25,"PAMI, precio de venta al público: RIXATYL (Baliarda)",minorista,,sí,Medicamentos
Rivaroxabán 2.5 mg comprimidos,comprimido,2052.0402,2026-09-25,"PAMI, precio de venta al público: RIXATYL (Baliarda)",minorista,,sí,Medicamentos
Rivaroxabán 20 mg comprimidos,comprimido,3853.4460,2026-09-25,"PAMI, precio de venta al público: RIXATYL (Baliarda)",minorista,,sí,Medicamentos
Rosuvastatina 10 mg comprimidos,comprimido,899.0990,2026-09-25,"PAMI, precio de venta al público: REOVEX 10 (Baliarda)",minorista,,sí,Medicamentos
Rosuvastatina 10 mg comprimidos,comprimido,883.2000,2026-09-25,"PAMI, precio de venta al público: REOVEX 10 (Baliarda)",minorista,,sí,Medicamentos
Rosuvastatina 20 mg comprimidos,comprimido,1593.1297,2026-09-25,"PAMI, precio de venta al público: REOVEX 20 (Baliarda)",minorista,,sí,Medicamentos
Rosuvastatina 20 mg comprimidos,comprimido,1537.4722,2026-09-25,"PAMI, precio de venta al público: REOVEX 20 (Baliarda)",minorista,,sí,Medicamentos
Rosuvastatina 40 mg comprimidos,comprimido,2720.0097,2026-09-25,"PAMI, precio de venta al público: REOVEX 40 (Baliarda)",minorista,,sí,Medicamentos
Rosuvastatina 5 mg comprimidos,comprimido,588.7697,2026-09-25,"PAMI, precio de venta al público: REOVEX 5 (Baliarda)",minorista,,sí,Medicamentos
Rosuvastatina 5 mg comprimidos,comprimido,554.4413,2026-09-25,"PAMI, precio de venta al público: REOVEX 5 (Baliarda)",minorista,,sí,Medicamentos
Rosuvastatina+ezetimibe 10/10 comprimidos,comprimido,1150.6413,2026-09-25,"PAMI, precio de venta al público: REOVEX EZ (Baliarda)",minorista,,sí,Medicamentos
Rosuvastatina+ezetimibe 20/10 comprimidos,comprimido,1980.1067,2026-09-25,"PAMI, precio de venta al público: REOVEX EZ (Baliarda)",minorista,,sí,Medicamentos
Sertralina 100 mg comprimidos,comprimido,1589.5043,2026-09-25,"PAMI, precio de venta al público: INSERTEC 100 (Baliarda)",minorista,,sí,Medicamentos
Sertralina 100 mg comprimidos,comprimido,1409.0432,2026-09-25,"PAMI, precio de venta al público: INSERTEC 100 (Baliarda)",minorista,,sí,Medicamentos
Sertralina 25 mg comprimidos,comprimido,370.7950,2026-09-25,"PAMI, precio de venta al público: INSERTEC 25 (Baliarda)",minorista,,sí,Medicamentos
Sertralina 50 mg comprimidos,comprimido,984.8793,2026-09-25,"PAMI, precio de venta al público: INSERTEC 50 (Baliarda)",minorista,,sí,Medicamentos
Sertralina 50 mg comprimidos,comprimido,842.3285,2026-09-25,"PAMI, precio de venta al público: INSERTEC 50 (Baliarda)",minorista,,sí,Medicamentos
Sitagliptina 100 mg comprimidos,comprimido,3472.4623,2026-09-25,"PAMI, precio de venta al público: SIAGLIX (Baliarda)",minorista,,sí,Medicamentos
Sitagliptina 25 mg comprimidos,comprimido,2748.3280,2026-09-25,"PAMI, precio de venta al público: SIAGLIX (Baliarda)",minorista,,sí,Medicamentos
Sitagliptina 50 mg comprimidos,comprimido,3237.6043,2026-09-25,"PAMI, precio de venta al público: SIAGLIX (Baliarda)",minorista,,sí,Medicamentos
"Sitagliptina+metformina,clorh. 50/1000 mg comprimidos",comprimido,2249.9910,2026-09-25,"PAMI, precio de venta al público: SIAGLIX MET (Baliarda)",minorista,,sí,Medicamentos
"Sitagliptina+metformina,clorh. 50/1000 mg comprimidos",comprimido,2114.4947,2026-09-25,"PAMI, precio de venta al público: SIAGLIX MET (Baliarda)",minorista,,sí,Medicamentos
"Sitagliptina+metformina,clorh. 50/500 mg comprimidos",comprimido,1926.0787,2026-09-25,"PAMI, precio de venta al público: SIAGLIX MET (Baliarda)",minorista,,sí,Medicamentos
"Sitagliptina+metformina,clorh. 50/850 mg comprimidos",comprimido,1880.6570,2026-09-25,"PAMI, precio de venta al público: SIAGLIX MET (Baliarda)",minorista,,sí,Medicamentos
"Sitagliptina+metformina,clorh. 50/850 mg comprimidos",comprimido,1900.3940,2026-09-25,"PAMI, precio de venta al público: SIAGLIX MET (Baliarda)",minorista,,sí,Medicamentos
"Sodio,divalproato 250mg comprimidos",comprimido,631.0608,2026-09-25,"PAMI, precio de venta al público: DIPROVAL (Baliarda)",minorista,,sí,Medicamentos
"Sodio,divalproato 500mg comprimidos",comprimido,1115.3283,2026-09-25,"PAMI, precio de venta al público: DIPROVAL (Baliarda)",minorista,,sí,Medicamentos
"Sodio,divalproato 500mg comprimidos",comprimido,1065.4002,2026-09-25,"PAMI, precio de venta al público: DIPROVAL (Baliarda)",minorista,,sí,Medicamentos
Solifenacina+tamsulosina 6mg/0.4mg comprimidos,comprimido,1888.9020,2026-09-25,"PAMI, precio de venta al público: URIFEX (Baliarda)",minorista,,sí,Medicamentos
Tadalafilo 20 mg comprimidos,comprimido,12393.8600,2026-09-25,"PAMI, precio de venta al público: DROTAQ (Baliarda)",minorista,,sí,Medicamentos
Tadalafilo 20 mg comprimidos,comprimido,12268.9200,2026-09-25,"PAMI, precio de venta al público: DROTAQ (Baliarda)",minorista,,sí,Medicamentos
Tadalafilo 20 mg comprimidos,comprimido,12393.9540,2026-09-25,"PAMI, precio de venta al público: DROTAQ HP (Baliarda)",minorista,,sí,Medicamentos
Tadalafilo 20 mg comprimidos,comprimido,12150.0975,2026-09-25,"PAMI, precio de venta al público: DROTAQ (Baliarda)",minorista,,sí,Medicamentos
Tadalafilo 20 mg comprimidos,comprimido,9597.6738,2026-09-25,"PAMI, precio de venta al público: DROTAQ HP (Baliarda)",minorista,,sí,Medicamentos
Tadalafilo 5 mg comprimidos,comprimido,3607.6630,2026-09-25,"PAMI, precio de venta al público: DROTAQ (Baliarda)",minorista,,sí,Medicamentos
Tamsulosina 0.4 mg comprimidos de liberación prolongada,comprimido,1465.0120,2026-09-25,"PAMI, precio de venta al público: PROSTOKLAR (Baliarda)",minorista,,sí,Medicamentos
Tamsulosina 0.4 mg comprimidos de liberación prolongada,comprimido,1177.6002,2026-09-25,"PAMI, precio de venta al público: PROSTOKLAR (Baliarda)",minorista,,sí,Medicamentos
Telmisartán 40 mg comprimidos,comprimido,2242.9673,2026-09-25,"PAMI, precio de venta al público: MISARTAL (Baliarda)",minorista,,sí,Medicamentos
Telmisartán 80 mg comprimidos,comprimido,3237.7480,2026-09-25,"PAMI, precio de venta al público: MISARTAL (Baliarda)",minorista,,sí,Medicamentos
Terazosina 10 mg comprimidos,comprimido,988.0007,2026-09-25,"PAMI, precio de venta al público: BLAVIN (Baliarda)",minorista,,sí,Medicamentos
Terazosina 10 mg comprimidos,comprimido,963.0228,2026-09-25,"PAMI, precio de venta al público: BLAVIN (Baliarda)",minorista,,sí,Medicamentos
Terazosina 2 mg comprimidos,comprimido,626.9017,2026-09-25,"PAMI, precio de venta al público: BLAVIN (Baliarda)",minorista,,sí,Medicamentos
Terazosina 2 mg comprimidos,comprimido,602.7377,2026-09-25,"PAMI, precio de venta al público: BLAVIN (Baliarda)",minorista,,sí,Medicamentos
Terazosina 5 mg comprimidos,comprimido,793.3387,2026-09-25,"PAMI, precio de venta al público: BLAVIN (Baliarda)",minorista,,sí,Medicamentos
Terazosina 5 mg comprimidos,comprimido,743.3558,2026-09-25,"PAMI, precio de venta al público: BLAVIN (Baliarda)",minorista,,sí,Medicamentos
Trimebutina 200 mg comprimidos,comprimido,511.9625,2026-09-25,"PAMI, precio de venta al público: EUMOTIL (Baliarda)",minorista,,sí,Medicamentos
Trimebutina 200 mg comprimidos,comprimido,550.0520,2026-09-25,"PAMI, precio de venta al público: EUMOTIL (Baliarda)",minorista,,sí,Medicamentos
Trimebutina 200 mg comprimidos,comprimido,494.2055,2026-09-25,"PAMI, precio de venta al público: EUMOTIL (Baliarda)",minorista,,sí,Medicamentos
Trimebutina 300 mg comprimidos de liberación prolongada,comprimido,672.9513,2026-09-25,"PAMI, precio de venta al público: EUMOTIL 300 (Baliarda)",minorista,,sí,Medicamentos
Valsartán 160 mg comprimidos,comprimido,1366.6033,2026-09-25,"PAMI, precio de venta al público: SARVAL (Baliarda)",minorista,,sí,Medicamentos
Valsartán 160 mg comprimidos,comprimido,1284.7517,2026-09-25,"PAMI, precio de venta al público: SARVAL (Baliarda)",minorista,,sí,Medicamentos
Valsartán 160 mg comprimidos,comprimido,999.6127,2026-09-25,"PAMI, precio de venta al público: SARVAL (Baliarda)",minorista,,sí,Medicamentos
Valsartán 320 mg comprimidos,comprimido,1443.0163,2026-09-25,"PAMI, precio de venta al público: SARVAL (Baliarda)",minorista,,sí,Medicamentos
Valsartán 80 mg comprimidos,comprimido,1053.3647,2026-09-25,"PAMI, precio de venta al público: SARVAL (Baliarda)",minorista,,sí,Medicamentos
Valsartán 80 mg comprimidos,comprimido,1036.3800,2026-09-25,"PAMI, precio de venta al público: SARVAL (Baliarda)",minorista,,sí,Medicamentos
Valsartán 80 mg comprimidos,comprimido,761.9463,2026-09-25,"PAMI, precio de venta al público: SARVAL (Baliarda)",minorista,,sí,Medicamentos
Valsartán+amlodipina 160/10 mg comprimidos,comprimido,1668.6690,2026-09-25,"PAMI, precio de venta al público: DISARVAL (Baliarda)",minorista,,sí,Medicamentos
Valsartán+amlodipina 160/10 mg comprimidos,comprimido,1325.4545,2026-09-25,"PAMI, precio de venta al público: DISARVAL (Baliarda)",minorista,,sí,Medicamentos
Valsartán+amlodipina 160/5 mg comprimidos,comprimido,1613.7577,2026-09-25,"PAMI, precio de venta al público: DISARVAL (Baliarda)",minorista,,sí,Medicamentos
Valsartán+amlodipina 160/5 mg comprimidos,comprimido,1279.4282,2026-09-25,"PAMI, precio de venta al público: DISARVAL (Baliarda)",minorista,,sí,Medicamentos
Valsartán+amlodipina 320/10 mg comprimidos,comprimido,1973.3723,2026-09-25,"PAMI, precio de venta al público: DISARVAL (Baliarda)",minorista,,sí,Medicamentos
Valsartán+amlodipina 320/5 mg comprimidos,comprimido,1908.9710,2026-09-25,"PAMI, precio de venta al público: DISARVAL (Baliarda)",minorista,,sí,Medicamentos
Valsartán+hidrocloroti.+amlodip. 160/12.5/10 mg comprimidos,comprimido,2043.3503,2026-09-25,"PAMI, precio de venta al público: DISARVAL D (Baliarda)",minorista,,sí,Medicamentos
Valsartán+hidrocloroti.+amlodip. 160/12.5/5 mg comprimidos,comprimido,2013.9427,2026-09-25,"PAMI, precio de venta al público: DISARVAL D (Baliarda)",minorista,,sí,Medicamentos
Valsartán+hidrocloroti.+amlodip. 160/25/10mg comprimidos,comprimido,1839.0163,2026-09-25,"PAMI, precio de venta al público: DISARVAL D (Baliarda)",minorista,,sí,Medicamentos
Valsartán+hidrocloroti.+amlodip. 160/25/5 mg comprimidos,comprimido,1812.5490,2026-09-25,"PAMI, precio de venta al público: DISARVAL D (Baliarda)",minorista,,sí,Medicamentos
Valsartán+hidrocloroti.+amlodip. 320/25/10 mg comprimidos,comprimido,2076.3267,2026-09-25,"PAMI, precio de venta al público: DISARVAL D (Baliarda)",minorista,,sí,Medicamentos
Valsartán+hidroclorotiazida 160/12.5 mg comprimidos,comprimido,1154.8257,2026-09-25,"PAMI, precio de venta al público: SARVAL D 160/12.5 (Baliarda)",minorista,,sí,Medicamentos
Valsartán+hidroclorotiazida 160/12.5 mg comprimidos,comprimido,1039.3425,2026-09-25,"PAMI, precio de venta al público: SARVAL D 160/12.5 (Baliarda)",minorista,,sí,Medicamentos
Valsartán+hidroclorotiazida 160/25 mg comprimidos,comprimido,1542.1897,2026-09-25,"PAMI, precio de venta al público: SARVAL D 160/25 (Baliarda)",minorista,,sí,Medicamentos
Valsartán+hidroclorotiazida 160/25 mg comprimidos,comprimido,1354.1172,2026-09-25,"PAMI, precio de venta al público: SARVAL D 160/25 (Baliarda)",minorista,,sí,Medicamentos
Valsartán+hidroclorotiazida 320/12.5 mg comprimidos,comprimido,1586.5987,2026-09-25,"PAMI, precio de venta al público: SARVAL D 320/12.5 (Baliarda)",minorista,,sí,Medicamentos
Valsartán+hidroclorotiazida 320/25 mg comprimidos,comprimido,1597.3953,2026-09-25,"PAMI, precio de venta al público: SARVAL D 320/25 (Baliarda)",minorista,,sí,Medicamentos
Valsartán+hidroclorotiazida 320/25 mg comprimidos,comprimido,1437.6353,2026-09-25,"PAMI, precio de venta al público: SARVAL D 320/25 (Baliarda)",minorista,,sí,Medicamentos
Valsartán+hidroclorotiazida 80/12.5 mg comprimidos,comprimido,1035.8300,2026-09-25,"PAMI, precio de venta al público: SARVAL D 80/12.5 (Baliarda)",minorista,,sí,Medicamentos
Venlafaxina 150 mg cápsulas de liberación prolongada,cápsula,1435.1968,2026-09-25,"PAMI, precio de venta al público: VENLIFAX XR 150 (Baliarda)",minorista,,sí,Medicamentos
Venlafaxina 37.5mg cápsulas de liberación prolongada,cápsula,1033.4614,2026-09-25,"PAMI, precio de venta al público: VENLIFAX XR 37.5 (Baliarda)",minorista,,sí,Medicamentos
Venlafaxina 75 mg cápsulas de liberación prolongada,cápsula,1073.8768,2026-09-25,"PAMI, precio de venta al público: VENLIFAX XR 75 (Baliarda)",minorista,,sí,Medicamentos
Vildagliptin+metformina 50/1000 mg comprimidos,comprimido,1817.3047,2026-09-25,"PAMI, precio de venta al público: VI-BALIGLUC (Baliarda)",minorista,,sí,Medicamentos
Vildagliptin+metformina 50/1000 mg comprimidos,comprimido,1733.4338,2026-09-25,"PAMI, precio de venta al público: VI-BALIGLUC (Baliarda)",minorista,,sí,Medicamentos
Vildagliptin+metformina 50/500 mg comprimidos,comprimido,1599.2327,2026-09-25,"PAMI, precio de venta al público: VI-BALIGLUC (Baliarda)",minorista,,sí,Medicamentos
Vildagliptin+metformina 50/500 mg comprimidos,comprimido,1526.5390,2026-09-25,"PAMI, precio de venta al público: VI-BALIGLUC (Baliarda)",minorista,,sí,Medicamentos
Vildagliptin+metformina 50/850 mg comprimidos,comprimido,1565.6837,2026-09-25,"PAMI, precio de venta al público: VI-BALIGLUC (Baliarda)",minorista,,sí,Medicamentos
Vildagliptin+metformina 50/850 mg comprimidos,comprimido,1509.7653,2026-09-25,"PAMI, precio de venta al público: VI-BALIGLUC (Baliarda)",minorista,,sí,Medicamentos
Vonoprazan 10 mg comprimidos,comprimido,1323.0270,2026-09-25,"PAMI, precio de venta al público: PRAVOX (Baliarda)",minorista,,sí,Medicamentos
Vonoprazan 20 mg comprimidos,comprimido,1902.8280,2026-09-25,"PAMI, precio de venta al público: PRAVOX (Baliarda)",minorista,,sí,Medicamentos
Zolpidem 10 mg comprimidos,comprimido,519.1667,2026-09-25,"PAMI, precio de venta al público: DORMILAN (Baliarda)",minorista,,sí,Medicamentos
Ciprofloxacina 1000 mg comprimidos,comprimido,109.7357,2026-09-25,"PAMI, precio de venta al público: CIPRO XR (Bayer (PH))",minorista,,sí,Medicamentos
Ciprofloxacina 50 mg/ml suspensión oral,1 ml,761.2711,2026-09-25,"PAMI, precio de venta al público: CIPRO (Bayer (PH))",minorista,,sí,Medicamentos
Isoconazol 600 mg blist. óvulos,óvulo,1457.9800,2026-09-25,"PAMI, precio de venta al público: MUPATEN VAGINAL (Bayer (PH))",minorista,,sí,Medicamentos
Moxifloxacina 400 mg comprimidos,comprimido,478.6400,2026-09-25,"PAMI, precio de venta al público: AVELOX (Bayer (PH))",minorista,,sí,Medicamentos
Moxifloxacina 400 mg comprimidos,comprimido,6423.8314,2026-09-25,"PAMI, precio de venta al público: AVELOX (Bayer (PH))",minorista,,sí,Medicamentos
Nifedipina 20 mg comprimidos,comprimido,15.6617,2026-09-25,"PAMI, precio de venta al público: ADALAT OROS (Bayer (PH))",minorista,,sí,Medicamentos
Nifedipina 60 mg comprimidos,comprimido,25.2820,2026-09-25,"PAMI, precio de venta al público: ADALAT OROS (Bayer (PH))",minorista,,sí,Medicamentos
Nimodipina 30 mg comprimidos,comprimido,8.9010,2026-09-25,"PAMI, precio de venta al público: NIMOTOP (Bayer (PH))",minorista,,sí,Medicamentos
Rivaroxabán 10 mg comprimidos,comprimido,13910.2530,2026-09-25,"PAMI, precio de venta al público: XARELTO (Bayer (PH))",minorista,,sí,Medicamentos
Rivaroxabán 15 mg comprimidos,comprimido,351.4243,2026-09-25,"PAMI, precio de venta al público: XARELTO (Bayer (PH))",minorista,,sí,Medicamentos
Rivaroxabán 15 mg comprimidos,comprimido,6457.9021,2026-09-25,"PAMI, precio de venta al público: XARELTO (Bayer (PH))",minorista,,sí,Medicamentos
Rivaroxabán 20 mg comprimidos,comprimido,842.5536,2026-09-25,"PAMI, precio de venta al público: XARELTO (Bayer (PH))",minorista,,sí,Medicamentos
Rivaroxabán 20 mg comprimidos,comprimido,6786.7739,2026-09-25,"PAMI, precio de venta al público: XARELTO (Bayer (PH))",minorista,,sí,Medicamentos
Vardenafil 20 mg comprimidos,comprimido,233.9900,2026-09-25,"PAMI, precio de venta al público: LEVITRA (Bayer (PH))",minorista,,sí,Medicamentos
Vardenafil 20 mg comprimidos,comprimido,217.4200,2026-09-25,"PAMI, precio de venta al público: LEVITRA (Bayer (PH))",minorista,,sí,Medicamentos
Acetilcarnitina 500 mg comprimidos,comprimido,1794.4290,2026-09-25,"PAMI, precio de venta al público: NEUREX (Beta)",minorista,,sí,Medicamentos
Acetilcisteína 600 mg comprimidos dispersables,comprimido,1760.9870,2026-09-25,"PAMI, precio de venta al público: DOSOMUK (Beta)",minorista,,sí,Medicamentos
Acetilcisteína 600 mg comprimidos dispersables,comprimido,1436.8675,2026-09-25,"PAMI, precio de venta al público: DOSOMUK (Beta)",minorista,,sí,Medicamentos
Aripiprazol 10 mg comprimidos,comprimido,1141.5603,2026-09-25,"PAMI, precio de venta al público: SIBLIX (Beta)",minorista,,sí,Medicamentos
Aripiprazol 15 mg comprimidos,comprimido,1665.4303,2026-09-25,"PAMI, precio de venta al público: SIBLIX (Beta)",minorista,,sí,Medicamentos
Aripiprazol 5 mg comprimidos,comprimido,897.2113,2026-09-25,"PAMI, precio de venta al público: SIBLIX (Beta)",minorista,,sí,Medicamentos
Atorvastatín 10 mg comprimidos,comprimido,1361.8900,2026-09-25,"PAMI, precio de venta al público: ATEROCLAR (Beta)",minorista,,sí,Medicamentos
Atorvastatín 10 mg comprimidos,comprimido,28.9730,2026-09-25,"PAMI, precio de venta al público: ATEROCLAR (Beta)",minorista,,sí,Medicamentos
Atorvastatín 20 mg comprimidos,comprimido,2041.1243,2026-09-25,"PAMI, precio de venta al público: ATEROCLAR (Beta)",minorista,,sí,Medicamentos
Atorvastatín 40 mg comprimidos,comprimido,2460.2110,2026-09-25,"PAMI, precio de venta al público: ATEROCLAR (Beta)",minorista,,sí,Medicamentos
Atorvastatín+ezetimibe 10/10 mg comprimidos,comprimido,1416.5747,2026-09-25,"PAMI, precio de venta al público: ATEROCLAR COMBI (Beta)",minorista,,sí,Medicamentos
Atorvastatín+ezetimibe 20/10 mg comprimidos,comprimido,1829.3517,2026-09-25,"PAMI, precio de venta al público: ATEROCLAR COMBI (Beta)",minorista,,sí,Medicamentos
Azitromicina 500 mg comprimidos,comprimido,5352.9267,2026-09-25,"PAMI, precio de venta al público: TRIAMID (Beta)",minorista,,sí,Medicamentos
Azitromicina 500 mg comprimidos,comprimido,4091.6760,2026-09-25,"PAMI, precio de venta al público: TRIAMID (Beta)",minorista,,sí,Medicamentos
Azitromicina 500 mg comprimidos,comprimido,4057.4000,2026-09-25,"PAMI, precio de venta al público: TRIAMID (Beta)",minorista,,sí,Medicamentos
Cabergolina 0.5 mg comprimidos,comprimido,10066.5000,2026-09-25,"PAMI, precio de venta al público: LACTAMAX (Beta)",minorista,,sí,Medicamentos
Cabergolina 0.5 mg comprimidos,comprimido,7964.3975,2026-09-25,"PAMI, precio de venta al público: LACTAMAX (Beta)",minorista,,sí,Medicamentos
"Calcio,carbonato+vit.d3 400 mg comprimidos masticables",comprimido,299.2007,2026-09-25,"PAMI, precio de venta al público: TAXUS 400 (Beta)",minorista,,sí,Medicamentos
Claritromicina 500 mg comprimidos de liberación prolongada,comprimido,2562.2300,2026-09-25,"PAMI, precio de venta al público: CLAROVIL UD (Beta)",minorista,,sí,Medicamentos
Claritromicina 500 mg comprimidos de liberación prolongada,comprimido,2441.0525,2026-09-25,"PAMI, precio de venta al público: CLAROVIL UD (Beta)",minorista,,sí,Medicamentos
Claritromicina 500 mg comprimidos,comprimido,2210.8762,2026-09-25,"PAMI, precio de venta al público: CLAROVIL (Beta)",minorista,,sí,Medicamentos
Claritromicina 500 mg comprimidos,comprimido,2291.8750,2026-09-25,"PAMI, precio de venta al público: CLAROVIL (Beta)",minorista,,sí,Medicamentos
Clonazepam 0.25 mg comprimidos sublinguales,comprimido,194.3630,2026-09-25,"PAMI, precio de venta al público: CLONAX RAPID (Beta)",minorista,,sí,Medicamentos
Clonazepam 0.5 mg comprimidos,comprimido,387.0953,2026-09-25,"PAMI, precio de venta al público: CLONAX (Beta)",minorista,,sí,Medicamentos
Clonazepam 0.5 mg comprimidos,comprimido,357.1228,2026-09-25,"PAMI, precio de venta al público: CLONAX (Beta)",minorista,,sí,Medicamentos
Clonazepam 1 mg comprimidos,comprimido,457.0707,2026-09-25,"PAMI, precio de venta al público: CLONAX (Beta)",minorista,,sí,Medicamentos
Clonazepam 1 mg comprimidos,comprimido,357.1228,2026-09-25,"PAMI, precio de venta al público: CLONAX (Beta)",minorista,,sí,Medicamentos
Clonazepam 2 mg comprimidos,comprimido,468.6527,2026-09-25,"PAMI, precio de venta al público: CLONAX (Beta)",minorista,,sí,Medicamentos
Clonazepam 2 mg comprimidos,comprimido,357.1228,2026-09-25,"PAMI, precio de venta al público: CLONAX (Beta)",minorista,,sí,Medicamentos
Dapagliflozina 10 mg comprimidos,comprimido,2526.5132,2026-09-25,"PAMI, precio de venta al público: GLICINAL (Beta)",minorista,,sí,Medicamentos
Diclofenac potásico 50 mg comprimidos,comprimido,576.6520,2026-09-25,"PAMI, precio de venta al público: OXA 50 (Beta)",minorista,,sí,Medicamentos
Diclofenac potásico 50 mg comprimidos,comprimido,528.6617,2026-09-25,"PAMI, precio de venta al público: OXA 50 (Beta)",minorista,,sí,Medicamentos
Donepezilo 10 mg comprimidos,comprimido,1608.8387,2026-09-25,"PAMI, precio de venta al público: CRISTACLAR (Beta)",minorista,,sí,Medicamentos
Donepezilo 5 mg comprimidos,comprimido,1371.2193,2026-09-25,"PAMI, precio de venta al público: CRISTACLAR (Beta)",minorista,,sí,Medicamentos
Duloxetina 30 mg comprimidos,comprimido,1985.8253,2026-09-25,"PAMI, precio de venta al público: DOXALINE (Beta)",minorista,,sí,Medicamentos
Duloxetina 60 mg comprimidos,comprimido,2118.2240,2026-09-25,"PAMI, precio de venta al público: DOXALINE (Beta)",minorista,,sí,Medicamentos
Dutasteride 0.5 mg cápsulas,cápsula,1519.9800,2026-09-25,"PAMI, precio de venta al público: DOXATEN (Beta)",minorista,,sí,Medicamentos
Empagliflozina 10 mg comprimidos,comprimido,3311.0290,2026-09-25,"PAMI, precio de venta al público: ETACRIL (Beta)",minorista,,sí,Medicamentos
Empagliflozina 25 mg comprimidos,comprimido,3581.4613,2026-09-25,"PAMI, precio de venta al público: ETACRIL (Beta)",minorista,,sí,Medicamentos
Escitalopram 10 mg comprimidos,comprimido,1410.6050,2026-09-25,"PAMI, precio de venta al público: AXIOMAT (Beta)",minorista,,sí,Medicamentos
Escitalopram 20 mg comprimidos,comprimido,2439.5143,2026-09-25,"PAMI, precio de venta al público: AXIOMAT (Beta)",minorista,,sí,Medicamentos
Etoricoxib 120 mg comprimidos,comprimido,2475.6143,2026-09-25,"PAMI, precio de venta al público: COXAL (Beta)",minorista,,sí,Medicamentos
Etoricoxib 60 mg comprimidos,comprimido,1401.0364,2026-09-25,"PAMI, precio de venta al público: COXAL (Beta)",minorista,,sí,Medicamentos
Etoricoxib 90 mg comprimidos,comprimido,2149.8514,2026-09-25,"PAMI, precio de venta al público: COXAL (Beta)",minorista,,sí,Medicamentos
Etoricoxib 90 mg comprimidos,comprimido,1744.2196,2026-09-25,"PAMI, precio de venta al público: COXAL (Beta)",minorista,,sí,Medicamentos
"Fenofíbrico,ác. 135mg comprimidos de liberación prolongada",comprimido,78.3983,2026-09-25,"PAMI, precio de venta al público: LIPO PLUS C (Beta)",minorista,,sí,Medicamentos
Gliclazida 60 mg comprimidos,comprimido,1101.7793,2026-09-25,"PAMI, precio de venta al público: AGLUCIDE MR 60 (Beta)",minorista,,sí,Medicamentos
Gliclazida 60 mg comprimidos,comprimido,1054.6035,2026-09-25,"PAMI, precio de venta al público: AGLUCIDE MR 60 (Beta)",minorista,,sí,Medicamentos
Glucosamina 1500 mg gran. sobres,sobre,448.3497,2026-09-25,"PAMI, precio de venta al público: MECANYL (Beta)",minorista,,sí,Medicamentos
"Glucosamina,potásica 1500 mg gran. sobres",sobre,414.1777,2026-09-25,"PAMI, precio de venta al público: MECANYL K (Beta)",minorista,,sí,Medicamentos
"Ibandrónico,ác. 150 mg comprimidos",comprimido,4823.5600,2026-09-25,"PAMI, precio de venta al público: MODIFICAL (Beta)",minorista,,sí,Medicamentos
Lamotrigina 100 mg comprimidos dispersables,comprimido,36.8193,2026-09-25,"PAMI, precio de venta al público: LAGOTRAN (Beta)",minorista,,sí,Medicamentos
Lamotrigina 100 mg comprimidos dispersables,comprimido,1953.0930,2026-09-25,"PAMI, precio de venta al público: LAGOTRAN (Beta)",minorista,,sí,Medicamentos
Lamotrigina 200 mg comprimidos dispersables,comprimido,3216.9387,2026-09-25,"PAMI, precio de venta al público: LAGOTRAN (Beta)",minorista,,sí,Medicamentos
Lamotrigina 25 mg comprimidos dispersables,comprimido,615.6783,2026-09-25,"PAMI, precio de venta al público: LAGOTRAN (Beta)",minorista,,sí,Medicamentos
Lamotrigina 50 mg comprimidos dispersables,comprimido,1100.9890,2026-09-25,"PAMI, precio de venta al público: LAGOTRAN (Beta)",minorista,,sí,Medicamentos
Leflunomida 20 mg comprimidos,comprimido,1298.1360,2026-09-25,"PAMI, precio de venta al público: INMUNOARTRO (Beta)",minorista,,sí,Medicamentos
Levetiracetam 1000 mg comprimidos,comprimido,4632.8940,2026-09-25,"PAMI, precio de venta al público: LEPTAM (Beta)",minorista,,sí,Medicamentos
Memantine 20 mg comprimidos,comprimido,1780.9707,2026-09-25,"PAMI, precio de venta al público: CONEXINE 20 (Beta)",minorista,,sí,Medicamentos
Metformina+pioglitazona 15/500 mg comprimidos,comprimido,1858.7663,2026-09-25,"PAMI, precio de venta al público: CERELUC MET (Beta)",minorista,,sí,Medicamentos
Metformina+pioglitazona 15/850 mg comprimidos,comprimido,1940.6033,2026-09-25,"PAMI, precio de venta al público: CERELUC MET (Beta)",minorista,,sí,Medicamentos
Modafinilo 200 mg comprimidos,comprimido,2578.8213,2026-09-25,"PAMI, precio de venta al público: VIGICER (Beta)",minorista,,sí,Medicamentos
Modafinilo 200 mg comprimidos,comprimido,2431.4333,2026-09-25,"PAMI, precio de venta al público: VIGICER (Beta)",minorista,,sí,Medicamentos
Mosapride 5 mg comprimidos,comprimido,687.0893,2026-09-25,"PAMI, precio de venta al público: INTESUL (Beta)",minorista,,sí,Medicamentos
Mosapride 5 mg comprimidos,comprimido,591.3448,2026-09-25,"PAMI, precio de venta al público: INTESUL (Beta)",minorista,,sí,Medicamentos
Olanzapina 10 mg comprimidos,comprimido,5512.3929,2026-09-25,"PAMI, precio de venta al público: TREXOL (Beta)",minorista,,sí,Medicamentos
Olanzapina 5 mg comprimidos,comprimido,2710.2596,2026-09-25,"PAMI, precio de venta al público: TREXOL (Beta)",minorista,,sí,Medicamentos
"Otilonio,bromuro 40 mg comprimidos",comprimido,471.6158,2026-09-25,"PAMI, precio de venta al público: PASMINOX (Beta)",minorista,,sí,Medicamentos
Paroxetina 10 mg comprimidos,comprimido,847.5833,2026-09-25,"PAMI, precio de venta al público: PSICOASTEN 10 MG (Beta)",minorista,,sí,Medicamentos
Paroxetina 12.5 mg comprimidos,comprimido,1338.2383,2026-09-25,"PAMI, precio de venta al público: PSICOASTEN LC (Beta)",minorista,,sí,Medicamentos
Paroxetina 20 mg comprimidos,comprimido,1611.3560,2026-09-25,"PAMI, precio de venta al público: PSICOASTEN (Beta)",minorista,,sí,Medicamentos
Paroxetina 25 mg comprimidos,comprimido,1536.5203,2026-09-25,"PAMI, precio de venta al público: PSICOASTEN LC (Beta)",minorista,,sí,Medicamentos
Paroxetina 37.5 mg comprimidos,comprimido,1225.0650,2026-09-25,"PAMI, precio de venta al público: PSICOASTEN LC (Beta)",minorista,,sí,Medicamentos
Paroxetina 40 mg comprimidos,comprimido,2036.7530,2026-09-25,"PAMI, precio de venta al público: PSICOASTEN 40 MG (Beta)",minorista,,sí,Medicamentos
Pioglitazona 15 mg comprimidos,comprimido,966.8500,2026-09-25,"PAMI, precio de venta al público: CERELUC (Beta)",minorista,,sí,Medicamentos
Pioglitazona 30 mg comprimidos,comprimido,1898.6870,2026-09-25,"PAMI, precio de venta al público: CERELUC (Beta)",minorista,,sí,Medicamentos
Pioglitazona 45 mg comprimidos,comprimido,1183.6323,2026-09-25,"PAMI, precio de venta al público: CERELUC (Beta)",minorista,,sí,Medicamentos
Pramipexol 0.25 mg comprimidos,comprimido,599.9020,2026-09-25,"PAMI, precio de venta al público: NEUROSOMAT 0.25 MG (Beta)",minorista,,sí,Medicamentos
Pramipexol 0.25 mg comprimidos,comprimido,16.2091,2026-09-25,"PAMI, precio de venta al público: NEUROSOMAT 0.25 MG (Beta)",minorista,,sí,Medicamentos
Pramipexol 1 mg comprimidos,comprimido,2224.7387,2026-09-25,"PAMI, precio de venta al público: NEUROSOMAT 1 MG (Beta)",minorista,,sí,Medicamentos
Pramipexol 1 mg comprimidos,comprimido,54.1229,2026-09-25,"PAMI, precio de venta al público: NEUROSOMAT 1 MG (Beta)",minorista,,sí,Medicamentos
Quetiapina 100 mg comprimidos,comprimido,3277.9863,2026-09-25,"PAMI, precio de venta al público: DOMINIUM (Beta)",minorista,,sí,Medicamentos
Quetiapina 200 mg comprimidos,comprimido,3709.2353,2026-09-25,"PAMI, precio de venta al público: DOMINIUM (Beta)",minorista,,sí,Medicamentos
Quetiapina 25 mg comprimidos,comprimido,1884.8793,2026-09-25,"PAMI, precio de venta al público: DOMINIUM (Beta)",minorista,,sí,Medicamentos
Rasagilina 1 mg comprimidos,comprimido,68.6577,2026-09-25,"PAMI, precio de venta al público: AGILINE (Beta)",minorista,,sí,Medicamentos
Repaglinida 0.5 mg comprimidos,comprimido,887.6020,2026-09-25,"PAMI, precio de venta al público: SESTRINE (Beta)",minorista,,sí,Medicamentos
Repaglinida 1 mg comprimidos,comprimido,887.6020,2026-09-25,"PAMI, precio de venta al público: SESTRINE (Beta)",minorista,,sí,Medicamentos
Repaglinida 1 mg comprimidos,comprimido,835.3446,2026-09-25,"PAMI, precio de venta al público: SESTRINE (Beta)",minorista,,sí,Medicamentos
Repaglinida 2 mg comprimidos,comprimido,733.2343,2026-09-25,"PAMI, precio de venta al público: SESTRINE (Beta)",minorista,,sí,Medicamentos
Repaglinida 2 mg comprimidos,comprimido,826.0992,2026-09-25,"PAMI, precio de venta al público: SESTRINE (Beta)",minorista,,sí,Medicamentos
Risperidona 0.5 mg comprimidos,comprimido,392.1305,2026-09-25,"PAMI, precio de venta al público: DROPICINE (Beta)",minorista,,sí,Medicamentos
Risperidona 1 mg comprimidos,comprimido,590.7505,2026-09-25,"PAMI, precio de venta al público: DROPICINE (Beta)",minorista,,sí,Medicamentos
Risperidona 1 mg comprimidos,comprimido,470.5012,2026-09-25,"PAMI, precio de venta al público: DROPICINE (Beta)",minorista,,sí,Medicamentos
Risperidona 2 mg comprimidos,comprimido,1143.9330,2026-09-25,"PAMI, precio de venta al público: DROPICINE (Beta)",minorista,,sí,Medicamentos
Risperidona 2 mg comprimidos,comprimido,1301.0117,2026-09-25,"PAMI, precio de venta al público: DROPICINE (Beta)",minorista,,sí,Medicamentos
Risperidona 3 mg comprimidos,comprimido,1616.7820,2026-09-25,"PAMI, precio de venta al público: DROPICINE (Beta)",minorista,,sí,Medicamentos
Risperidona 3 mg comprimidos,comprimido,1683.5563,2026-09-25,"PAMI, precio de venta al público: DROPICINE (Beta)",minorista,,sí,Medicamentos
Rosiglitazona 4 mg comprimidos,comprimido,1798.5147,2026-09-25,"PAMI, precio de venta al público: GLIMIDE (Beta)",minorista,,sí,Medicamentos
Rosiglitazona 8 mg comprimidos,comprimido,1923.0900,2026-09-25,"PAMI, precio de venta al público: GLIMIDE (Beta)",minorista,,sí,Medicamentos
Rosuvastatina 10 mg comprimidos,comprimido,877.5967,2026-09-25,"PAMI, precio de venta al público: ATERONOVA (Beta)",minorista,,sí,Medicamentos
Rosuvastatina 20 mg comprimidos,comprimido,1594.9663,2026-09-25,"PAMI, precio de venta al público: ATERONOVA (Beta)",minorista,,sí,Medicamentos
Rosuvastatina 40 mg comprimidos,comprimido,2196.7487,2026-09-25,"PAMI, precio de venta al público: ATERONOVA (Beta)",minorista,,sí,Medicamentos
Rosuvastatina 5 mg comprimidos,comprimido,405.4183,2026-09-25,"PAMI, precio de venta al público: ATERONOVA (Beta)",minorista,,sí,Medicamentos
Selegilina 5 mg comprimidos,comprimido,27.6570,2026-09-25,"PAMI, precio de venta al público: BRINTENAL (Beta)",minorista,,sí,Medicamentos
Selegilina 5 mg comprimidos,comprimido,437.9053,2026-09-25,"PAMI, precio de venta al público: BRINTENAL (Beta)",minorista,,sí,Medicamentos
Sitagliptina 100 mg comprimidos,comprimido,3447.5421,2026-09-25,"PAMI, precio de venta al público: SIFEL (Beta)",minorista,,sí,Medicamentos
Sitagliptina 50 mg comprimidos,comprimido,3185.7043,2026-09-25,"PAMI, precio de venta al público: SIFEL (Beta)",minorista,,sí,Medicamentos
Tamsulosina 0.4 mg cápsulas de liberación prolongada,cápsula,28.0233,2026-09-25,"PAMI, precio de venta al público: TOLOXANE (Beta)",minorista,,sí,Medicamentos
Tibolona 1.25 mg comprimidos,comprimido,943.7197,2026-09-25,"PAMI, precio de venta al público: DISCRETAL 1.25 (Beta)",minorista,,sí,Medicamentos
"Tióctico,ác. 600 mg comprimidos",comprimido,51.9510,2026-09-25,"PAMI, precio de venta al público: NEUTRACOL (Beta)",minorista,,sí,Medicamentos
"Tióctico,ác. 600 mg comprimidos",comprimido,37.0675,2026-09-25,"PAMI, precio de venta al público: NEUTRACOL (Beta)",minorista,,sí,Medicamentos
"Tolfenámico,ác. 200 mg cápsulas",cápsula,1745.8905,2026-09-25,"PAMI, precio de venta al público: FLOCUR (Beta)",minorista,,sí,Medicamentos
Ergonovina 0.2 mg comprimidos,comprimido,670.6485,2026-09-25,"PAMI, precio de venta al público: METRERGINA (Biol)",minorista,,sí,Medicamentos
Fluconazol 150 mg cápsulas,cápsula,59.8000,2026-09-25,"PAMI, precio de venta al público: DAMICOL (Biol)",minorista,,sí,Medicamentos
Fluconazol 150 mg cápsulas,cápsula,322.9900,2026-09-25,"PAMI, precio de venta al público: DAMICOL (Biol)",minorista,,sí,Medicamentos
Fluconazol 150 mg cápsulas,cápsula,258.9125,2026-09-25,"PAMI, precio de venta al público: DAMICOL (Biol)",minorista,,sí,Medicamentos
Hexoprenalina 25 mcg/5 ml ampollas,ampolla,2491.0360,2026-09-25,"PAMI, precio de venta al público: ARGOCIAN (Biol)",minorista,,sí,Medicamentos
Labetalol 200 mg comprimidos,comprimido,885.6075,2026-09-25,"PAMI, precio de venta al público: BIASCOR (Biol)",minorista,,sí,Medicamentos
Labetalol 200 mg comprimidos,comprimido,737.1505,2026-09-25,"PAMI, precio de venta al público: BIASCOR (Biol)",minorista,,sí,Medicamentos
Metronidazol 500 mg comprimidos,comprimido,611.5880,2026-09-25,"PAMI, precio de venta al público: METRONIDAZOL BIOL (Biol)",minorista,,sí,Medicamentos
Metronidazol 500 mg óvulos,óvulo,1079.3730,2026-09-25,"PAMI, precio de venta al público: METRONIDAZOL BIOL (Biol)",minorista,,sí,Medicamentos
"Trospio,cloruro 15 mg comprimidos",comprimido,1122.4417,2026-09-25,"PAMI, precio de venta al público: SPASMEX 15 (Biol)",minorista,,sí,Medicamentos
"Trospio,cloruro 30 mg comprimidos",comprimido,1895.3020,2026-09-25,"PAMI, precio de venta al público: SPASMEX 30 (Biol)",minorista,,sí,Medicamentos
Bromazepam 3 mg comprimidos,comprimido,19.8560,2026-09-25,"PAMI, precio de venta al público: LEXOTANIL (Biopas Argentin)",minorista,,sí,Medicamentos
Bromazepam 3 mg comprimidos,comprimido,246.8313,2026-09-25,"PAMI, precio de venta al público: LEXOTANIL (Biopas Argentin)",minorista,,sí,Medicamentos
Bromazepam 3 mg comprimidos,comprimido,15.8564,2026-09-25,"PAMI, precio de venta al público: LEXOTANIL (Biopas Argentin)",minorista,,sí,Medicamentos
Bromazepam 6 mg comprimidos,comprimido,358.4070,2026-09-25,"PAMI, precio de venta al público: LEXOTANIL (Biopas Argentin)",minorista,,sí,Medicamentos
Bromazepam 6 mg comprimidos,comprimido,507.8942,2026-09-25,"PAMI, precio de venta al público: LEXOTANIL (Biopas Argentin)",minorista,,sí,Medicamentos
Candesartán cilexetil 16 mg comprimidos,comprimido,3007.1850,2026-09-25,"PAMI, precio de venta al público: ATACAND (Biopas Argentin)",minorista,,sí,Medicamentos
Candesartán cilexetil 32 mg comprimidos,comprimido,4646.9971,2026-09-25,"PAMI, precio de venta al público: ATACAND (Biopas Argentin)",minorista,,sí,Medicamentos
Candesartán cilexetil 8 mg comprimidos,comprimido,2184.9325,2026-09-25,"PAMI, precio de venta al público: ATACAND (Biopas Argentin)",minorista,,sí,Medicamentos
Candesartán+hidroclorotiazida 16 mg comprimidos,comprimido,3006.1189,2026-09-25,"PAMI, precio de venta al público: ATACAND D (Biopas Argentin)",minorista,,sí,Medicamentos
Candesartán+hidroclorotiazida 8 mg comprimidos,comprimido,2254.5236,2026-09-25,"PAMI, precio de venta al público: ATACAND D (Biopas Argentin)",minorista,,sí,Medicamentos
Clonazepam 0.25 mg subl. comprimidos,comprimido,26.0160,2026-09-25,"PAMI, precio de venta al público: RIVOTRIL (Biopas Argentin)",minorista,,sí,Medicamentos
Clonazepam 0.25 mg comprimidos,comprimido,8.4023,2026-09-25,"PAMI, precio de venta al público: RIVOTRIL (Biopas Argentin)",minorista,,sí,Medicamentos
Clonazepam 0.25% gotas,1 ml,16.2190,2026-09-25,"PAMI, precio de venta al público: RIVOTRIL (Biopas Argentin)",minorista,,sí,Medicamentos
Clonazepam 0.5 mg comprimidos,comprimido,494.7510,2026-09-25,"PAMI, precio de venta al público: RIVOTRIL (Biopas Argentin)",minorista,,sí,Medicamentos
Clonazepam 0.5 mg comprimidos,comprimido,376.1208,2026-09-25,"PAMI, precio de venta al público: RIVOTRIL (Biopas Argentin)",minorista,,sí,Medicamentos
Clonazepam 0.5 mg comprimidos,comprimido,328.9577,2026-09-25,"PAMI, precio de venta al público: RIVOTRIL (Biopas Argentin)",minorista,,sí,Medicamentos
Clonazepam 2 mg comprimidos,comprimido,467.8980,2026-09-25,"PAMI, precio de venta al público: RIVOTRIL (Biopas Argentin)",minorista,,sí,Medicamentos
Clonazepam 2 mg comprimidos,comprimido,349.4950,2026-09-25,"PAMI, precio de venta al público: RIVOTRIL (Biopas Argentin)",minorista,,sí,Medicamentos
Clonazepam 2 mg comprimidos,comprimido,305.8762,2026-09-25,"PAMI, precio de venta al público: RIVOTRIL (Biopas Argentin)",minorista,,sí,Medicamentos
Flunitrazepam 1 mg comprimidos,comprimido,438.4677,2026-09-25,"PAMI, precio de venta al público: ROHYPNOL (Biopas Argentin)",minorista,,sí,Medicamentos
Lacosamida 100 mg comprimidos,comprimido,3649.7675,2026-09-25,"PAMI, precio de venta al público: VIMPAT (Biopas Argentin)",minorista,,sí,Medicamentos
Lacosamida 150 mg comprimidos,comprimido,5198.1232,2026-09-25,"PAMI, precio de venta al público: VIMPAT (Biopas Argentin)",minorista,,sí,Medicamentos
Lacosamida 200 mg comprimidos,comprimido,6579.2754,2026-09-25,"PAMI, precio de venta al público: VIMPAT (Biopas Argentin)",minorista,,sí,Medicamentos
Lacosamida 50 mg comprimidos,comprimido,1812.2014,2026-09-25,"PAMI, precio de venta al público: VIMPAT (Biopas Argentin)",minorista,,sí,Medicamentos
Buprenorfina 10 mg parches,parche,42812.1800,2026-09-25,"PAMI, precio de venta al público: RESTIVA (Biosidus Argent)",minorista,,sí,Medicamentos
Buprenorfina 20 mg parches,parche,51954.1400,2026-09-25,"PAMI, precio de venta al público: RESTIVA (Biosidus Argent)",minorista,,sí,Medicamentos
Buprenorfina 5 mg parches,parche,33046.2500,2026-09-25,"PAMI, precio de venta al público: RESTIVA (Biosidus Argent)",minorista,,sí,Medicamentos
Clomipramina 75 mg comprimidos,comprimido,1375.2390,2026-09-25,"PAMI, precio de venta al público: ANAFRANIL 75 DIVITABS (Biosidus Argent)",minorista,,sí,Medicamentos
Levodopa+carbidopa+entacapone 100 mg comprimidos,comprimido,2843.6030,2026-09-25,"PAMI, precio de venta al público: STALEVO 100 (Biosidus Argent)",minorista,,sí,Medicamentos
Levodopa+carbidopa+entacapone 100 mg comprimidos,comprimido,3191.9063,2026-09-25,"PAMI, precio de venta al público: STALEVO 100 (Biosidus Argent)",minorista,,sí,Medicamentos
Levodopa+carbidopa+entacapone 125 mg comprimidos,comprimido,3191.9063,2026-09-25,"PAMI, precio de venta al público: STALEVO 125 (Biosidus Argent)",minorista,,sí,Medicamentos
Levodopa+carbidopa+entacapone 150 mg comprimidos,comprimido,2843.6030,2026-09-25,"PAMI, precio de venta al público: STALEVO 150 (Biosidus Argent)",minorista,,sí,Medicamentos
Levodopa+carbidopa+entacapone 150 mg comprimidos,comprimido,3191.9063,2026-09-25,"PAMI, precio de venta al público: STALEVO 150 (Biosidus Argent)",minorista,,sí,Medicamentos
Levodopa+carbidopa+entacapone 200 mg comprimidos,comprimido,3253.9000,2026-09-25,"PAMI, precio de venta al público: STALEVO 200 (Biosidus Argent)",minorista,,sí,Medicamentos
Levodopa+carbidopa+entacapone 50 mg comprimidos,comprimido,3191.9063,2026-09-25,"PAMI, precio de venta al público: STALEVO 50 (Biosidus Argent)",minorista,,sí,Medicamentos
Levodopa+carbidopa+entacapone 75 mg comprimidos,comprimido,3191.9063,2026-09-25,"PAMI, precio de venta al público: STALEVO 75 (Biosidus Argent)",minorista,,sí,Medicamentos
Diclofenac sódico 75 mg comprimidos,comprimido,866.4667,2026-09-25,"PAMI, precio de venta al público: VENZIDIAK (Biosintex)",minorista,,sí,Medicamentos
Ketoconazol 2% crema,1 g,670.5333,2026-09-25,"PAMI, precio de venta al público: KETOLEF (Biosintex)",minorista,,sí,Medicamentos
Ketorolac trometamina 10 mg comprimidos sublinguales,comprimido,942.9750,2026-09-25,"PAMI, precio de venta al público: DIROLAC SL (Biosintex)",minorista,,sí,Medicamentos
Sildenafil 50 mg comprimidos masticables,comprimido,2227.2750,2026-09-25,"PAMI, precio de venta al público: FORZAK (Biosintex)",minorista,,sí,Medicamentos
Sildenafil 50 mg comprimidos masticables,comprimido,1974.7375,2026-09-25,"PAMI, precio de venta al público: FORZAK (Biosintex)",minorista,,sí,Medicamentos
"Timolol,maleato 0.5% colirio",1 ml,20.6000,2026-09-25,"PAMI, precio de venta al público: ATIGLAUC (Biosintex)",minorista,,sí,Medicamentos
Amoxicilina 500 mg comprimidos,comprimido,506.1612,2026-09-25,"PAMI, precio de venta al público: BIOXILINA (Biosintex Retai)",minorista,,sí,Medicamentos
Amoxicilina 500mg/5ml suspensión oral,1 ml,122.9870,2026-09-25,"PAMI, precio de venta al público: BIOXILINA (Biosintex Retai)",minorista,,sí,Medicamentos
Amoxicilina 750 mg/5 ml suspensión oral,1 ml,3.7500,2026-09-25,"PAMI, precio de venta al público: BIOXILINA DUO (Biosintex Retai)",minorista,,sí,Medicamentos
Amoxicilina 875 mg comprimidos,comprimido,866.2386,2026-09-25,"PAMI, precio de venta al público: BIOXILINA DUO (Biosintex Retai)",minorista,,sí,Medicamentos
"Amoxicilina+clavulánico,ác. 1 g comprimidos",comprimido,1411.3664,2026-09-25,"PAMI, precio de venta al público: BIOXILINA PLUS DUO (Biosintex Retai)",minorista,,sí,Medicamentos
Azitromicina 500 mg comprimidos,comprimido,4132.3100,2026-09-25,"PAMI, precio de venta al público: NOVOZITRON (Biosintex Retai)",minorista,,sí,Medicamentos
Azitromicina 500 mg comprimidos,comprimido,2859.3400,2026-09-25,"PAMI, precio de venta al público: NOVOZITRON (Biosintex Retai)",minorista,,sí,Medicamentos
Carvedilol 12.5 mg comprimidos,comprimido,6.1250,2026-09-25,"PAMI, precio de venta al público: CLORATEN (Biosintex Retai)",minorista,,sí,Medicamentos
Carvedilol 6.25 mg comprimidos,comprimido,4.7321,2026-09-25,"PAMI, precio de venta al público: CLORATEN (Biosintex Retai)",minorista,,sí,Medicamentos
Cefalexina 500 g comprimidos,comprimido,779.4937,2026-09-25,"PAMI, precio de venta al público: CEFAGRAND (Biosintex Retai)",minorista,,sí,Medicamentos
Ciprofloxacina 500 comprimidos,comprimido,1437.8740,2026-09-25,"PAMI, precio de venta al público: CIAPAR (Biosintex Retai)",minorista,,sí,Medicamentos
Difenhidramina 2.5 mg/ml jarabe,1 ml,86.7150,2026-09-25,"PAMI, precio de venta al público: FADALEX (Biosintex Retai)",minorista,,sí,Medicamentos
Difenhidramina 50 mg comprimidos,comprimido,8.3500,2026-09-25,"PAMI, precio de venta al público: FADALEX (Biosintex Retai)",minorista,,sí,Medicamentos
Ibuprofeno 600 mg comprimidos,comprimido,452.4000,2026-09-25,"PAMI, precio de venta al público: IBUZIDINE (Biosintex Retai)",minorista,,sí,Medicamentos
Ibuprofeno 600 mg comprimidos,comprimido,385.5000,2026-09-25,"PAMI, precio de venta al público: IBUZIDINE (Biosintex Retai)",minorista,,sí,Medicamentos
Loperamida 2 mg comprimidos,comprimido,9.1500,2026-09-25,"PAMI, precio de venta al público: DOTALSEC (Biosintex Retai)",minorista,,sí,Medicamentos
Alprazolam 0.5 mg comprimidos,comprimido,45.9687,2026-09-25,"PAMI, precio de venta al público: ALPRIM (Biotechno Pharm)",minorista,,sí,Medicamentos
Alprazolam 0.5 mg comprimidos,comprimido,45.8018,2026-09-25,"PAMI, precio de venta al público: ALPRIM (Biotechno Pharm)",minorista,,sí,Medicamentos
Alprazolam 1 mg comprimidos,comprimido,77.3953,2026-09-25,"PAMI, precio de venta al público: ALPRIM (Biotechno Pharm)",minorista,,sí,Medicamentos
Alprazolam 2 mg comprimidos,comprimido,119.5920,2026-09-25,"PAMI, precio de venta al público: ALPRIM (Biotechno Pharm)",minorista,,sí,Medicamentos
Alprazolam 2 mg comprimidos,comprimido,118.3823,2026-09-25,"PAMI, precio de venta al público: ALPRIM (Biotechno Pharm)",minorista,,sí,Medicamentos
Memantine 10 mg comprimidos,comprimido,333.7813,2026-09-25,"PAMI, precio de venta al público: EXEM (Biotechno Pharm)",minorista,,sí,Medicamentos
Zolpidem 10 mg comprimidos,comprimido,14.4413,2026-09-25,"PAMI, precio de venta al público: ZOLDEM (Biotechno Pharm)",minorista,,sí,Medicamentos
Acetilcisteína 600 mg comprimidos,comprimido,1697.1990,2026-09-25,"PAMI, precio de venta al público: PULMONIX MUK 600 (Biotenk)",minorista,,sí,Medicamentos
Allopurinol 300 mg comprimidos,comprimido,395.5770,2026-09-25,"PAMI, precio de venta al público: PURITENK (Biotenk)",minorista,,sí,Medicamentos
Allopurinol 300 mg comprimidos,comprimido,321.1537,2026-09-25,"PAMI, precio de venta al público: PURITENK (Biotenk)",minorista,,sí,Medicamentos
Amlodipina 10 mg comprimidos,comprimido,786.7510,2026-09-25,"PAMI, precio de venta al público: MITOKOR (Biotenk)",minorista,,sí,Medicamentos
Amlodipina 5 mg comprimidos,comprimido,472.4857,2026-09-25,"PAMI, precio de venta al público: MITOKOR (Biotenk)",minorista,,sí,Medicamentos
Amoxicilina 500 mg comprimidos,comprimido,466.8969,2026-09-25,"PAMI, precio de venta al público: AMOXITENK (Biotenk)",minorista,,sí,Medicamentos
"Amoxicilina+clavulánico,ác. 500/125 mg comprimidos",comprimido,45.3950,2026-09-25,"PAMI, precio de venta al público: AMOXITENK PLUS (Biotenk)",minorista,,sí,Medicamentos
"Amoxicilina+clavulánico,ác. 875/125 mg comprimidos",comprimido,64.8129,2026-09-25,"PAMI, precio de venta al público: AMOXITENK PLUS 1 GR (Biotenk)",minorista,,sí,Medicamentos
Atenolol 100 mg comprimidos,comprimido,17.0257,2026-09-25,"PAMI, precio de venta al público: ATENOLOL (Biotenk)",minorista,,sí,Medicamentos
Atorvastatín 10 mg comprimidos,comprimido,1112.3437,2026-09-25,"PAMI, precio de venta al público: ATORVASTAN (Biotenk)",minorista,,sí,Medicamentos
Atorvastatín 20 mg comprimidos,comprimido,1836.6810,2026-09-25,"PAMI, precio de venta al público: ATORVASTAN (Biotenk)",minorista,,sí,Medicamentos
Azitromicina 500 mg comprimidos,comprimido,4132.6533,2026-09-25,"PAMI, precio de venta al público: SITROX (Biotenk)",minorista,,sí,Medicamentos
Azitromicina 500 mg comprimidos,comprimido,2832.3440,2026-09-25,"PAMI, precio de venta al público: SITROX (Biotenk)",minorista,,sí,Medicamentos
Azitromicina 500 mg comprimidos,comprimido,2631.6183,2026-09-25,"PAMI, precio de venta al público: SITROX (Biotenk)",minorista,,sí,Medicamentos
Calcio 500 mg comprimidos masticables,comprimido,11.7000,2026-09-25,"PAMI, precio de venta al público: CALCIO ACIDO (Biotenk)",minorista,,sí,Medicamentos
Carvedilol 12.5 mg comprimidos,comprimido,539.4604,2026-09-25,"PAMI, precio de venta al público: CARVEDILOL BIOTENK (Biotenk)",minorista,,sí,Medicamentos
Carvedilol 25 mg comprimidos,comprimido,641.9800,2026-09-25,"PAMI, precio de venta al público: CARVEDILOL BIOTENK (Biotenk)",minorista,,sí,Medicamentos
Carvedilol 6.25 mg comprimidos,comprimido,421.2682,2026-09-25,"PAMI, precio de venta al público: CARVEDILOL BIOTENK (Biotenk)",minorista,,sí,Medicamentos
Ciprofloxacina 500 mg comprimidos,comprimido,1783.7320,2026-09-25,"PAMI, precio de venta al público: CIPROTENK (Biotenk)",minorista,,sí,Medicamentos
Claritromicina 500 mg comprimidos de liberación prolongada,comprimido,2386.2875,2026-09-25,"PAMI, precio de venta al público: CORIXA UD (Biotenk)",minorista,,sí,Medicamentos
Claritromicina 500 mg comprimidos de liberación prolongada,comprimido,2337.6475,2026-09-25,"PAMI, precio de venta al público: CORIXA UD (Biotenk)",minorista,,sí,Medicamentos
Claritromicina 500 mg comprimidos,comprimido,2070.2681,2026-09-25,"PAMI, precio de venta al público: CORIXA (Biotenk)",minorista,,sí,Medicamentos
Claritromicina 500 mg comprimidos,comprimido,2293.3313,2026-09-25,"PAMI, precio de venta al público: CORIXA (Biotenk)",minorista,,sí,Medicamentos
Diclofenac potásico 75 mg comprimidos,comprimido,1046.5270,2026-09-25,"PAMI, precio de venta al público: BEFOL (Biotenk)",minorista,,sí,Medicamentos
Diclofenac potásico 75 mg comprimidos,comprimido,941.8720,2026-09-25,"PAMI, precio de venta al público: BEFOL (Biotenk)",minorista,,sí,Medicamentos
Diclofenac potásico 75 mg comprimidos,comprimido,837.2180,2026-09-25,"PAMI, precio de venta al público: BEFOL (Biotenk)",minorista,,sí,Medicamentos
Enalapril 10 mg comprimidos,comprimido,341.8233,2026-09-25,"PAMI, precio de venta al público: PRILTENK (Biotenk)",minorista,,sí,Medicamentos
Enalapril 10 mg comprimidos,comprimido,57.7600,2026-09-25,"PAMI, precio de venta al público: PRILTENK (Biotenk)",minorista,,sí,Medicamentos
Enalapril 10 mg comprimidos,comprimido,311.9913,2026-09-25,"PAMI, precio de venta al público: PRILTENK (Biotenk)",minorista,,sí,Medicamentos
Fenitoína 100 mg comprimidos,comprimido,127.7733,2026-09-25,"PAMI, precio de venta al público: FENITENK (Biotenk)",minorista,,sí,Medicamentos
Fenitoína 100 mg comprimidos,comprimido,720.2858,2026-09-25,"PAMI, precio de venta al público: FENITENK (Biotenk)",minorista,,sí,Medicamentos
Finasteride 5 mg comprimidos,comprimido,1152.6147,2026-09-25,"PAMI, precio de venta al público: PROSMIN (Biotenk)",minorista,,sí,Medicamentos
Fluconazol 150 mg comprimidos,comprimido,6175.6150,2026-09-25,"PAMI, precio de venta al público: NIPAR 150 (Biotenk)",minorista,,sí,Medicamentos
Furosemida 40 mg comprimidos,comprimido,182.6598,2026-09-25,"PAMI, precio de venta al público: FURTENK (Biotenk)",minorista,,sí,Medicamentos
Furosemida 40 mg comprimidos,comprimido,154.6137,2026-09-25,"PAMI, precio de venta al público: FURTENK (Biotenk)",minorista,,sí,Medicamentos
Glimepiride 4 mg comprimidos,comprimido,712.9550,2026-09-25,"PAMI, precio de venta al público: GLUCOPIRIDA (Biotenk)",minorista,,sí,Medicamentos
Ibuprofeno 800 mg comprimidos,comprimido,1143.6100,2026-09-25,"PAMI, precio de venta al público: IBUTENK (Biotenk)",minorista,,sí,Medicamentos
Itraconazol 100 mg comprimidos,comprimido,61.6667,2026-09-25,"PAMI, precio de venta al público: MICOTENK (Biotenk)",minorista,,sí,Medicamentos
Itraconazol 100 mg comprimidos,comprimido,51.0000,2026-09-25,"PAMI, precio de venta al público: MICOTENK (Biotenk)",minorista,,sí,Medicamentos
Ketorolac trometamina 10 mg comprimidos,comprimido,1130.4640,2026-09-25,"PAMI, precio de venta al público: TENKDOL SL (Biotenk)",minorista,,sí,Medicamentos
Ketorolac trometamina 20 mg comprimidos,comprimido,1254.9060,2026-09-25,"PAMI, precio de venta al público: TENKDOL (Biotenk)",minorista,,sí,Medicamentos
Ketorolac trometamina 20 mg comprimidos,comprimido,1019.7860,2026-09-25,"PAMI, precio de venta al público: TENKDOL (Biotenk)",minorista,,sí,Medicamentos
Levofloxacina 500 mg comprimidos,comprimido,2371.9014,2026-09-25,"PAMI, precio de venta al público: FLOXLEVO (Biotenk)",minorista,,sí,Medicamentos
Levofloxacina 750 mg comprimidos,comprimido,3613.8620,2026-09-25,"PAMI, precio de venta al público: FLOXLEVO (Biotenk)",minorista,,sí,Medicamentos
Loratadina 10 mg comprimidos,comprimido,668.9280,2026-09-25,"PAMI, precio de venta al público: HISPLEX (Biotenk)",minorista,,sí,Medicamentos
Losartán 100 mg comprimidos,comprimido,1072.6363,2026-09-25,"PAMI, precio de venta al público: LOCTENK (Biotenk)",minorista,,sí,Medicamentos
Losartán 50 mg comprimidos,comprimido,877.2927,2026-09-25,"PAMI, precio de venta al público: LOCTENK (Biotenk)",minorista,,sí,Medicamentos
Losartán 50 mg comprimidos,comprimido,764.6843,2026-09-25,"PAMI, precio de venta al público: LOCTENK (Biotenk)",minorista,,sí,Medicamentos
Meloxicam 15 mg comprimidos,comprimido,1326.6620,2026-09-25,"PAMI, precio de venta al público: LOXITENK (Biotenk)",minorista,,sí,Medicamentos
Meloxicam 15 mg comprimidos,comprimido,1283.7705,2026-09-25,"PAMI, precio de venta al público: LOXITENK (Biotenk)",minorista,,sí,Medicamentos
Meloxicam 15 mg comprimidos,comprimido,1240.0210,2026-09-25,"PAMI, precio de venta al público: LOXITENK (Biotenk)",minorista,,sí,Medicamentos
Meprednisona 4 mg comprimidos,comprimido,382.5565,2026-09-25,"PAMI, precio de venta al público: LA MEPREDNISONA (Biotenk)",minorista,,sí,Medicamentos
Meprednisona 4 mg/ml solución oral,1 ml,569.3853,2026-09-25,"PAMI, precio de venta al público: LA MEPREDNISONA (Biotenk)",minorista,,sí,Medicamentos
Meprednisona 40 mg comprimidos,comprimido,2295.1830,2026-09-25,"PAMI, precio de venta al público: LA MEPREDNISONA (Biotenk)",minorista,,sí,Medicamentos
Meprednisona 8 mg comprimidos,comprimido,834.2380,2026-09-25,"PAMI, precio de venta al público: LA MEPREDNISONA (Biotenk)",minorista,,sí,Medicamentos
Metformina 1000 mg comprimidos,comprimido,523.8440,2026-09-25,"PAMI, precio de venta al público: MTF (Biotenk)",minorista,,sí,Medicamentos
Metformina 500 mg comprimidos,comprimido,271.9687,2026-09-25,"PAMI, precio de venta al público: MTF (Biotenk)",minorista,,sí,Medicamentos
Metformina 500 mg comprimidos,comprimido,271.9245,2026-09-25,"PAMI, precio de venta al público: MTF (Biotenk)",minorista,,sí,Medicamentos
Metformina 850 mg comprimidos,comprimido,515.4467,2026-09-25,"PAMI, precio de venta al público: MTF AP (Biotenk)",minorista,,sí,Medicamentos
Metformina 850 mg comprimidos,comprimido,197.8710,2026-09-25,"PAMI, precio de venta al público: MTF AP (Biotenk)",minorista,,sí,Medicamentos
Metformina 850 mg comprimidos,comprimido,514.6943,2026-09-25,"PAMI, precio de venta al público: MTF (Biotenk)",minorista,,sí,Medicamentos
Metformina 850 mg comprimidos,comprimido,197.8710,2026-09-25,"PAMI, precio de venta al público: MTF (Biotenk)",minorista,,sí,Medicamentos
Metoclopramida 0.5% gotas,1 ml,371.2760,2026-09-25,"PAMI, precio de venta al público: MIDATENK (Biotenk)",minorista,,sí,Medicamentos
Metoclopramida 10 mg comprimidos,comprimido,28.6450,2026-09-25,"PAMI, precio de venta al público: MIDATENK (Biotenk)",minorista,,sí,Medicamentos
Montelukast 10 mg comprimidos,comprimido,1254.1430,2026-09-25,"PAMI, precio de venta al público: MONTAIR (Biotenk)",minorista,,sí,Medicamentos
Montelukast 5 mg comprimidos masticables,comprimido,1191.2290,2026-09-25,"PAMI, precio de venta al público: MONTAIR (Biotenk)",minorista,,sí,Medicamentos
Nimodipina 30 mg comprimidos,comprimido,19.0093,2026-09-25,"PAMI, precio de venta al público: AC VASCULAR (Biotenk)",minorista,,sí,Medicamentos
Orlistat 120 mg cápsulas,cápsula,1866.5133,2026-09-25,"PAMI, precio de venta al público: LIPOSOL (Biotenk)",minorista,,sí,Medicamentos
Orlistat 60 mg cápsulas,cápsula,1135.9198,2026-09-25,"PAMI, precio de venta al público: LIPOSOL (Biotenk)",minorista,,sí,Medicamentos
Rosuvastatina 10 mg comprimidos,comprimido,830.2023,2026-09-25,"PAMI, precio de venta al público: ROSTAN (Biotenk)",minorista,,sí,Medicamentos
Rosuvastatina 20 mg comprimidos,comprimido,1405.7617,2026-09-25,"PAMI, precio de venta al público: ROSTAN (Biotenk)",minorista,,sí,Medicamentos
Rosuvastatina 5 mg comprimidos,comprimido,547.6847,2026-09-25,"PAMI, precio de venta al público: ROSTAN (Biotenk)",minorista,,sí,Medicamentos
Sildenafil 100 mg comprimidos,comprimido,3485.5000,2026-09-25,"PAMI, precio de venta al público: SUPER-O (Biotenk)",minorista,,sí,Medicamentos
Sildenafil 50 mg comprimidos,comprimido,1566.9000,2026-09-25,"PAMI, precio de venta al público: SUPER-O (Biotenk)",minorista,,sí,Medicamentos
Tadalafilo 20 mg comprimidos,comprimido,11850.8550,2026-09-25,"PAMI, precio de venta al público: SUPER-O 36 (Biotenk)",minorista,,sí,Medicamentos
Tadalafilo 5 mg comprimidos,comprimido,2605.0667,2026-09-25,"PAMI, precio de venta al público: SUPER-O 36 (Biotenk)",minorista,,sí,Medicamentos
Tamsulosina 0.4 mg cápsulas de liberación prolongada,cápsula,1389.4077,2026-09-25,"PAMI, precio de venta al público: TAMPROST (Biotenk)",minorista,,sí,Medicamentos
Tramadol 50 mg comprimidos,comprimido,837.5000,2026-09-25,"PAMI, precio de venta al público: TRAMADOL BIOTENK (Biotenk)",minorista,,sí,Medicamentos
Tramadol 50 mg comprimidos,comprimido,828.7737,2026-09-25,"PAMI, precio de venta al público: TRAMADOL BIOTENK (Biotenk)",minorista,,sí,Medicamentos
Mesalazina 500 mg comprimidos,comprimido,85.5632,2026-09-25,"PAMI, precio de venta al público: SALOFALK (Biotoscana)",minorista,,sí,Medicamentos
Mesalazina 500 mg granul.lp sobres,sobre,115.0430,2026-09-25,"PAMI, precio de venta al público: SALOFALK (Biotoscana)",minorista,,sí,Medicamentos
"Ursodesoxicólico,ác. 500 mg comprimidos",comprimido,121.6156,2026-09-25,"PAMI, precio de venta al público: URSOFALK (Biotoscana)",minorista,,sí,Medicamentos
Dabigatrán 110 mg cápsulas,cápsula,9140.4380,2026-09-25,"PAMI, precio de venta al público: PRADAXA (Boehringer Inge)",minorista,,sí,Medicamentos
Dabigatrán 110 mg cápsulas,cápsula,4349.0310,2026-09-25,"PAMI, precio de venta al público: PRADAXA (Boehringer Inge)",minorista,,sí,Medicamentos
Dabigatrán 110 mg cápsulas,cápsula,4028.0593,2026-09-25,"PAMI, precio de venta al público: PRADAXA (Boehringer Inge)",minorista,,sí,Medicamentos
Dabigatrán 150 mg cápsulas,cápsula,4349.0310,2026-09-25,"PAMI, precio de venta al público: PRADAXA (Boehringer Inge)",minorista,,sí,Medicamentos
Dabigatrán 150 mg cápsulas,cápsula,4028.0593,2026-09-25,"PAMI, precio de venta al público: PRADAXA (Boehringer Inge)",minorista,,sí,Medicamentos
Dabigatrán 75 mg cápsulas,cápsula,9140.4380,2026-09-25,"PAMI, precio de venta al público: PRADAXA (Boehringer Inge)",minorista,,sí,Medicamentos
Dabigatrán 75 mg cápsulas,cápsula,5567.3923,2026-09-25,"PAMI, precio de venta al público: PRADAXA (Boehringer Inge)",minorista,,sí,Medicamentos
Empagliflozina 10 mg comprimidos,comprimido,6198.5647,2026-09-25,"PAMI, precio de venta al público: JARDIANCE (Boehringer Inge)",minorista,,sí,Medicamentos
Empagliflozina 25 mg comprimidos,comprimido,6662.3080,2026-09-25,"PAMI, precio de venta al público: JARDIANCE (Boehringer Inge)",minorista,,sí,Medicamentos
Linagliptina 5 mg comprimidos,comprimido,4781.6233,2026-09-25,"PAMI, precio de venta al público: TRAYENTA (Boehringer Inge)",minorista,,sí,Medicamentos
Meloxicam 15 mg comprimidos,comprimido,138.2970,2026-09-25,"PAMI, precio de venta al público: MOBIC (Boehringer Inge)",minorista,,sí,Medicamentos
Meloxicam 15 mg comprimidos,comprimido,213.9830,2026-09-25,"PAMI, precio de venta al público: MOBIC (Boehringer Inge)",minorista,,sí,Medicamentos
Pramipexol 0.250 mg comprimidos,comprimido,859.3966,2026-09-25,"PAMI, precio de venta al público: SIFROL (Boehringer Inge)",minorista,,sí,Medicamentos
Pramipexol 0.250 mg comprimidos,comprimido,960.4890,2026-09-25,"PAMI, precio de venta al público: SIFROL (Boehringer Inge)",minorista,,sí,Medicamentos
Pramipexol 0.375mg comprimidos de liberación prolongada,comprimido,1162.0847,2026-09-25,"PAMI, precio de venta al público: SIFROL ER (Boehringer Inge)",minorista,,sí,Medicamentos
Pramipexol 0.75mg comprimidos de liberación prolongada,comprimido,2549.7017,2026-09-25,"PAMI, precio de venta al público: SIFROL ER (Boehringer Inge)",minorista,,sí,Medicamentos
Pramipexol 1 mg comprimidos,comprimido,3024.2794,2026-09-25,"PAMI, precio de venta al público: SIFROL (Boehringer Inge)",minorista,,sí,Medicamentos
Pramipexol 1 mg comprimidos,comprimido,3426.3767,2026-09-25,"PAMI, precio de venta al público: SIFROL (Boehringer Inge)",minorista,,sí,Medicamentos
Pramipexol 1.5mg comprimidos de liberación prolongada,comprimido,4716.9750,2026-09-25,"PAMI, precio de venta al público: SIFROL ER (Boehringer Inge)",minorista,,sí,Medicamentos
Pramipexol 3 mg comprimidos de liberación prolongada,comprimido,9434.0367,2026-09-25,"PAMI, precio de venta al público: SIFROL ER (Boehringer Inge)",minorista,,sí,Medicamentos
Tamsulosina 0.4 mg comprimidos,comprimido,411.4467,2026-09-25,"PAMI, precio de venta al público: SECOTEX OCAS (Boehringer Inge)",minorista,,sí,Medicamentos
Telmisartán 40 mg comprimidos,comprimido,2763.4432,2026-09-25,"PAMI, precio de venta al público: MICARDIS (Boehringer Inge)",minorista,,sí,Medicamentos
Telmisartán 80 mg comprimidos,comprimido,3881.8954,2026-09-25,"PAMI, precio de venta al público: MICARDIS (Boehringer Inge)",minorista,,sí,Medicamentos
Telmisartán+amlodipina 40/5 mg comprimidos,comprimido,3104.8696,2026-09-25,"PAMI, precio de venta al público: MICARDIS AMLO (Boehringer Inge)",minorista,,sí,Medicamentos
Telmisartán+amlodipina 80/10 mg comprimidos,comprimido,4015.4811,2026-09-25,"PAMI, precio de venta al público: MICARDIS AMLO (Boehringer Inge)",minorista,,sí,Medicamentos
Telmisartán+amlodipina 80/5 mg comprimidos,comprimido,3904.0607,2026-09-25,"PAMI, precio de venta al público: MICARDIS AMLO (Boehringer Inge)",minorista,,sí,Medicamentos
Telmisartán+hidroclorotiazida 40/12.5 mg comprimidos,comprimido,2764.6221,2026-09-25,"PAMI, precio de venta al público: MICARDIS PLUS (Boehringer Inge)",minorista,,sí,Medicamentos
Telmisartán+hidroclorotiazida 80/12.5 mg comprimidos,comprimido,3881.8954,2026-09-25,"PAMI, precio de venta al público: MICARDIS PLUS (Boehringer Inge)",minorista,,sí,Medicamentos
Telmisartán+hidroclorotiazida 80/25 mg comprimidos,comprimido,3961.5514,2026-09-25,"PAMI, precio de venta al público: MICARDIS PLUS (Boehringer Inge)",minorista,,sí,Medicamentos
Acetilcisteína 600 mg sobres,sobre,1729.0370,2026-09-25,"PAMI, precio de venta al público: TOFLUX (Casasco)",minorista,,sí,Medicamentos
Acetilcisteína 600 mg sobres,sobre,1404.2175,2026-09-25,"PAMI, precio de venta al público: TOFLUX (Casasco)",minorista,,sí,Medicamentos
Adapaleno 0.3% gel,1 g,1031.5213,2026-09-25,"PAMI, precio de venta al público: EXOGEL (Casasco)",minorista,,sí,Medicamentos
Alprazolam 0.5 mg comprimidos,comprimido,52.7630,2026-09-25,"PAMI, precio de venta al público: ALPRAZOL (Casasco)",minorista,,sí,Medicamentos
Alprazolam 0.5 mg comprimidos,comprimido,164.7337,2026-09-25,"PAMI, precio de venta al público: ALPRAZOL (Casasco)",minorista,,sí,Medicamentos
Alprazolam 1 mg comprimidos,comprimido,47.9197,2026-09-25,"PAMI, precio de venta al público: ALPRAZOL (Casasco)",minorista,,sí,Medicamentos
Alprazolam 1 mg comprimidos,comprimido,255.2155,2026-09-25,"PAMI, precio de venta al público: ALPRAZOL (Casasco)",minorista,,sí,Medicamentos
Alprazolam 2 mg comprimidos,comprimido,411.7960,2026-09-25,"PAMI, precio de venta al público: ALPRAZOL (Casasco)",minorista,,sí,Medicamentos
Alverina+simeticona 300/60 mg cápsulas,cápsula,1530.7703,2026-09-25,"PAMI, precio de venta al público: FACTOR AG PLUS (Casasco)",minorista,,sí,Medicamentos
Alverina+simeticona 300/60 mg cápsulas,cápsula,1240.6008,2026-09-25,"PAMI, precio de venta al público: FACTOR AG PLUS (Casasco)",minorista,,sí,Medicamentos
Amlodipina 10 mg comprimidos,comprimido,1017.8233,2026-09-25,"PAMI, precio de venta al público: PELMEC (Casasco)",minorista,,sí,Medicamentos
Amlodipina 10 mg comprimidos,comprimido,961.0463,2026-09-25,"PAMI, precio de venta al público: PELMEC (Casasco)",minorista,,sí,Medicamentos
Amlodipina 5 mg comprimidos,comprimido,554.5033,2026-09-25,"PAMI, precio de venta al público: PELMEC (Casasco)",minorista,,sí,Medicamentos
Amlodipina 5 mg comprimidos,comprimido,524.3253,2026-09-25,"PAMI, precio de venta al público: PELMEC (Casasco)",minorista,,sí,Medicamentos
Amlodipina+atorvastatín 10/10 mg comprimidos,comprimido,1315.8040,2026-09-25,"PAMI, precio de venta al público: PELMEC PLUS (Casasco)",minorista,,sí,Medicamentos
Amlodipina+atorvastatín 5/10 mg comprimidos,comprimido,1080.2503,2026-09-25,"PAMI, precio de venta al público: PELMEC PLUS (Casasco)",minorista,,sí,Medicamentos
Amlodipina+benazepril 2.5/10 mg cápsulas,cápsula,618.3897,2026-09-25,"PAMI, precio de venta al público: PELMEC DUO (Casasco)",minorista,,sí,Medicamentos
Amlodipina+benazepril 5/10 mg cápsulas,cápsula,967.7290,2026-09-25,"PAMI, precio de venta al público: PELMEC DUO (Casasco)",minorista,,sí,Medicamentos
Amlodipina+benazepril 5/20 mg cápsulas,cápsula,1203.1377,2026-09-25,"PAMI, precio de venta al público: PELMEC DUO (Casasco)",minorista,,sí,Medicamentos
"Amlodipina+losartán,potásico 5/100 mg comprimidos",comprimido,1284.5093,2026-09-25,"PAMI, precio de venta al público: PELMEC AT (Casasco)",minorista,,sí,Medicamentos
"Amlodipina+losartán,potásico 5/100 mg comprimidos",comprimido,408.5415,2026-09-25,"PAMI, precio de venta al público: PELMEC AT (Casasco)",minorista,,sí,Medicamentos
"Amlodipina+losartán,potásico 5/100 mg comprimidos",comprimido,504.3727,2026-09-25,"PAMI, precio de venta al público: PELMEC MAX (Casasco)",minorista,,sí,Medicamentos
"Amlodipina+losartán,potásico 5/50 mg comprimidos",comprimido,1158.2437,2026-09-25,"PAMI, precio de venta al público: PELMEC AT (Casasco)",minorista,,sí,Medicamentos
"Amlodipina+losartán,potásico 5/50 mg comprimidos",comprimido,404.6175,2026-09-25,"PAMI, precio de venta al público: PELMEC AT (Casasco)",minorista,,sí,Medicamentos
"Amlodipina+losartán,potásico 5/50 mg comprimidos",comprimido,499.5318,2026-09-25,"PAMI, precio de venta al público: PELMEC MAX (Casasco)",minorista,,sí,Medicamentos
"Amoxicilina+clavulánico,ác. 1 g comprimidos",comprimido,1796.2507,2026-09-25,"PAMI, precio de venta al público: AMOCLAV DUO (Casasco)",minorista,,sí,Medicamentos
Aripiprazol 10 mg comprimidos,comprimido,1090.8307,2026-09-25,"PAMI, precio de venta al público: LEMIDAL (Casasco)",minorista,,sí,Medicamentos
Aripiprazol 15 mg comprimidos,comprimido,1592.0807,2026-09-25,"PAMI, precio de venta al público: LEMIDAL (Casasco)",minorista,,sí,Medicamentos
Aripiprazol 5 mg comprimidos,comprimido,988.3347,2026-09-25,"PAMI, precio de venta al público: LEMIDAL (Casasco)",minorista,,sí,Medicamentos
Atorvastatín 10 mg comprimidos,comprimido,1385.1420,2026-09-25,"PAMI, precio de venta al público: AMPLIAR (Casasco)",minorista,,sí,Medicamentos
Atorvastatín 10 mg comprimidos,comprimido,1152.7492,2026-09-25,"PAMI, precio de venta al público: AMPLIAR (Casasco)",minorista,,sí,Medicamentos
Atorvastatín 20 mg comprimidos,comprimido,2301.3090,2026-09-25,"PAMI, precio de venta al público: AMPLIAR (Casasco)",minorista,,sí,Medicamentos
Atorvastatín 20 mg comprimidos,comprimido,1986.5770,2026-09-25,"PAMI, precio de venta al público: AMPLIAR (Casasco)",minorista,,sí,Medicamentos
Atorvastatín 40 mg comprimidos,comprimido,2605.4520,2026-09-25,"PAMI, precio de venta al público: AMPLIAR (Casasco)",minorista,,sí,Medicamentos
Atorvastatín 80 mg comprimidos,comprimido,3255.3197,2026-09-25,"PAMI, precio de venta al público: AMPLIAR (Casasco)",minorista,,sí,Medicamentos
Atorvastatín+ezetimibe 10/10 mg comprimidos,comprimido,1612.2633,2026-09-25,"PAMI, precio de venta al público: AMPLIAR PLUS (Casasco)",minorista,,sí,Medicamentos
Atorvastatín+ezetimibe 10/10 mg comprimidos,comprimido,735.1953,2026-09-25,"PAMI, precio de venta al público: AMPLIAR DUO (Casasco)",minorista,,sí,Medicamentos
Atorvastatín+ezetimibe 20/10 mg comprimidos,comprimido,2184.9443,2026-09-25,"PAMI, precio de venta al público: AMPLIAR PLUS (Casasco)",minorista,,sí,Medicamentos
Atorvastatín+ezetimibe 20/10 mg comprimidos,comprimido,862.7412,2026-09-25,"PAMI, precio de venta al público: AMPLIAR DUO (Casasco)",minorista,,sí,Medicamentos
Azitromicina 500 mg comprimidos,comprimido,4132.6567,2026-09-25,"PAMI, precio de venta al público: TREXBIOTIC (Casasco)",minorista,,sí,Medicamentos
Azitromicina 500 mg comprimidos,comprimido,2790.8733,2026-09-25,"PAMI, precio de venta al público: TREXBIOTIC (Casasco)",minorista,,sí,Medicamentos
Baclofeno 10 mg comprimidos,comprimido,476.7448,2026-09-25,"PAMI, precio de venta al público: BALTIC (Casasco)",minorista,,sí,Medicamentos
Betahistina 16 mg comprimidos,comprimido,707.1537,2026-09-25,"PAMI, precio de venta al público: OTEVIL (Casasco)",minorista,,sí,Medicamentos
Betahistina 16 mg comprimidos,comprimido,625.7980,2026-09-25,"PAMI, precio de venta al público: OTEVIL (Casasco)",minorista,,sí,Medicamentos
Betahistina 24 mg comprimidos,comprimido,1078.2700,2026-09-25,"PAMI, precio de venta al público: OTEVIL (Casasco)",minorista,,sí,Medicamentos
Betahistina 24 mg comprimidos,comprimido,984.0463,2026-09-25,"PAMI, precio de venta al público: OTEVIL (Casasco)",minorista,,sí,Medicamentos
Betametasona 0.6 mg comprimidos,comprimido,374.7733,2026-09-25,"PAMI, precio de venta al público: CORTICAS (Casasco)",minorista,,sí,Medicamentos
Betametasona 1.2 mg comprimidos,comprimido,657.7843,2026-09-25,"PAMI, precio de venta al público: CORTICAS (Casasco)",minorista,,sí,Medicamentos
Bisoprolol 10 mg comprimidos,comprimido,759.5080,2026-09-25,"PAMI, precio de venta al público: CARDIPLEN (Casasco)",minorista,,sí,Medicamentos
Bisoprolol 2.5 mg comprimidos,comprimido,287.4983,2026-09-25,"PAMI, precio de venta al público: CARDIPLEN (Casasco)",minorista,,sí,Medicamentos
Bisoprolol 5 mg comprimidos,comprimido,600.7063,2026-09-25,"PAMI, precio de venta al público: CARDIPLEN (Casasco)",minorista,,sí,Medicamentos
Bisoprolol+hidroclorotiazida 5/12.5 mg comprimidos,comprimido,688.0610,2026-09-25,"PAMI, precio de venta al público: CARDIPLEN D (Casasco)",minorista,,sí,Medicamentos
Bisoprolol+hidroclorotiazida 5/12.5 mg comprimidos,comprimido,564.6727,2026-09-25,"PAMI, precio de venta al público: CARDIPLEN D (Casasco)",minorista,,sí,Medicamentos
Carvedilol 12.5 mg comprimidos,comprimido,569.8077,2026-09-25,"PAMI, precio de venta al público: ISOBLOC (Casasco)",minorista,,sí,Medicamentos
Carvedilol 12.5 mg comprimidos,comprimido,430.7520,2026-09-25,"PAMI, precio de venta al público: ISOBLOC (Casasco)",minorista,,sí,Medicamentos
Carvedilol 20 mg cápsulas,cápsula,797.8890,2026-09-25,"PAMI, precio de venta al público: ISOBLOC CR 20 MG (Casasco)",minorista,,sí,Medicamentos
Carvedilol 25 mg comprimidos,comprimido,683.0470,2026-09-25,"PAMI, precio de venta al público: ISOBLOC (Casasco)",minorista,,sí,Medicamentos
Carvedilol 25 mg comprimidos,comprimido,541.5992,2026-09-25,"PAMI, precio de venta al público: ISOBLOC (Casasco)",minorista,,sí,Medicamentos
Carvedilol 3.125 mg comprimidos,comprimido,209.3670,2026-09-25,"PAMI, precio de venta al público: ISOBLOC (Casasco)",minorista,,sí,Medicamentos
Carvedilol 3.125 mg comprimidos,comprimido,131.0112,2026-09-25,"PAMI, precio de venta al público: ISOBLOC (Casasco)",minorista,,sí,Medicamentos
Carvedilol 40 mg cápsulas,cápsula,999.6087,2026-09-25,"PAMI, precio de venta al público: ISOBLOC CR 40 MG (Casasco)",minorista,,sí,Medicamentos
Carvedilol 6.25 mg comprimidos,comprimido,341.8467,2026-09-25,"PAMI, precio de venta al público: ISOBLOC (Casasco)",minorista,,sí,Medicamentos
Carvedilol 6.25 mg comprimidos,comprimido,293.6215,2026-09-25,"PAMI, precio de venta al público: ISOBLOC (Casasco)",minorista,,sí,Medicamentos
Cilostazol 100 mg comprimidos,comprimido,1403.8373,2026-09-25,"PAMI, precio de venta al público: ACLUSIN (Casasco)",minorista,,sí,Medicamentos
Cilostazol 100 mg comprimidos,comprimido,1239.2127,2026-09-25,"PAMI, precio de venta al público: ACLUSIN (Casasco)",minorista,,sí,Medicamentos
Cilostazol 50 mg comprimidos,comprimido,730.4880,2026-09-25,"PAMI, precio de venta al público: ACLUSIN (Casasco)",minorista,,sí,Medicamentos
Ciprofloxacina 1000 mg comprimidos,comprimido,3296.8929,2026-09-25,"PAMI, precio de venta al público: REXNER XR (Casasco)",minorista,,sí,Medicamentos
Ciprofloxacina 500 mg comprimidos,comprimido,2058.0090,2026-09-25,"PAMI, precio de venta al público: REXNER (Casasco)",minorista,,sí,Medicamentos
Ciprofloxacina 500 mg comprimidos,comprimido,1876.6075,2026-09-25,"PAMI, precio de venta al público: REXNER (Casasco)",minorista,,sí,Medicamentos
Ciprofloxacina 500 mg comprimidos,comprimido,201.6900,2026-09-25,"PAMI, precio de venta al público: REXNER XR (Casasco)",minorista,,sí,Medicamentos
Ciprofloxacina 500 mg comprimidos,comprimido,129.5700,2026-09-25,"PAMI, precio de venta al público: REXNER (Casasco)",minorista,,sí,Medicamentos
Claritromicina 250 mg comprimidos,comprimido,1285.2000,2026-09-25,"PAMI, precio de venta al público: ISET (Casasco)",minorista,,sí,Medicamentos
Claritromicina 250 mg/5 ml jarabe,1 ml,500.1638,2026-09-25,"PAMI, precio de venta al público: ISET (Casasco)",minorista,,sí,Medicamentos
Claritromicina 500 mg comprimidos,comprimido,2210.4025,2026-09-25,"PAMI, precio de venta al público: ISET (Casasco)",minorista,,sí,Medicamentos
Claritromicina 500 mg comprimidos,comprimido,2539.5075,2026-09-25,"PAMI, precio de venta al público: ISET U.D. (Casasco)",minorista,,sí,Medicamentos
Claritromicina 500 mg comprimidos,comprimido,2489.5525,2026-09-25,"PAMI, precio de venta al público: ISET U.D. (Casasco)",minorista,,sí,Medicamentos
Claritromicina+ambroxol 500/60 mg comprimidos,comprimido,1874.7675,2026-09-25,"PAMI, precio de venta al público: ISET RESPIRATORIO (Casasco)",minorista,,sí,Medicamentos
Clindamicina 300 mg cápsulas,cápsula,1173.3444,2026-09-25,"PAMI, precio de venta al público: RESBIOTIC (Casasco)",minorista,,sí,Medicamentos
Clindamicina 300 mg cápsulas,cápsula,1107.4317,2026-09-25,"PAMI, precio de venta al público: RESBIOTIC (Casasco)",minorista,,sí,Medicamentos
Clonazepam 0.25 mg comprimidos sublinguales,comprimido,196.6797,2026-09-25,"PAMI, precio de venta al público: QUAZEMIC SL (Casasco)",minorista,,sí,Medicamentos
Clonazepam 0.25 mg comprimidos,comprimido,142.9637,2026-09-25,"PAMI, precio de venta al público: QUAZEMIC (Casasco)",minorista,,sí,Medicamentos
Clonazepam 0.5 mg comprimidos,comprimido,333.6897,2026-09-25,"PAMI, precio de venta al público: QUAZEMIC (Casasco)",minorista,,sí,Medicamentos
Clonazepam 0.5 mg comprimidos,comprimido,268.5768,2026-09-25,"PAMI, precio de venta al público: QUAZEMIC (Casasco)",minorista,,sí,Medicamentos
Clonazepam 1 mg comprimidos,comprimido,335.6213,2026-09-25,"PAMI, precio de venta al público: QUAZEMIC (Casasco)",minorista,,sí,Medicamentos
Clonazepam 1 mg comprimidos,comprimido,265.3197,2026-09-25,"PAMI, precio de venta al público: QUAZEMIC (Casasco)",minorista,,sí,Medicamentos
Clonazepam 2 mg comprimidos,comprimido,355.3897,2026-09-25,"PAMI, precio de venta al público: QUAZEMIC (Casasco)",minorista,,sí,Medicamentos
Clonazepam 2 mg comprimidos,comprimido,252.3225,2026-09-25,"PAMI, precio de venta al público: QUAZEMIC (Casasco)",minorista,,sí,Medicamentos
Clopidogrel 75 mg comprimidos,comprimido,2518.3007,2026-09-25,"PAMI, precio de venta al público: PLEYAR (Casasco)",minorista,,sí,Medicamentos
Clortalidona 25 mg comprimidos,comprimido,518.4360,2026-09-25,"PAMI, precio de venta al público: EURETICO (Casasco)",minorista,,sí,Medicamentos
Clortalidona 50 mg comprimidos,comprimido,325.2237,2026-09-25,"PAMI, precio de venta al público: EURETICO (Casasco)",minorista,,sí,Medicamentos
Dapagliflozina 10 mg comprimidos,comprimido,2343.8160,2026-09-25,"PAMI, precio de venta al público: NEDAL (Casasco)",minorista,,sí,Medicamentos
Desvenlafaxina 50 mg comprimidos,comprimido,1187.7737,2026-09-25,"PAMI, precio de venta al público: VELDEX (Casasco)",minorista,,sí,Medicamentos
Dexketoprofeno 25 mg comprimidos,comprimido,923.3215,2026-09-25,"PAMI, precio de venta al público: ALGICUR (Casasco)",minorista,,sí,Medicamentos
Dexketoprofeno 25 mg comprimidos,comprimido,774.4478,2026-09-25,"PAMI, precio de venta al público: ALGICUR (Casasco)",minorista,,sí,Medicamentos
Dexlansoprazol 30 mg cápsulas,cápsula,1280.6167,2026-09-25,"PAMI, precio de venta al público: OXODROL (Casasco)",minorista,,sí,Medicamentos
Dexlansoprazol 60 mg cápsulas,cápsula,1823.2940,2026-09-25,"PAMI, precio de venta al público: OXODROL (Casasco)",minorista,,sí,Medicamentos
Diacereína 50 mg cápsulas,cápsula,1323.7290,2026-09-25,"PAMI, precio de venta al público: COMINAR (Casasco)",minorista,,sí,Medicamentos
Diacereína 50 mg cápsulas,cápsula,1027.9112,2026-09-25,"PAMI, precio de venta al público: COMINAR (Casasco)",minorista,,sí,Medicamentos
Diclofenac potásico+paracetamol 50/400 mg comprimidos,comprimido,1061.3393,2026-09-25,"PAMI, precio de venta al público: BLOKIUM GESIC (Casasco)",minorista,,sí,Medicamentos
Diclofenac potásico+paracetamol 50/400 mg comprimidos,comprimido,838.1860,2026-09-25,"PAMI, precio de venta al público: BLOKIUM GESIC (Casasco)",minorista,,sí,Medicamentos
Diclofenac potásico+paracetamol 50/500 mg comprimidos,comprimido,1192.1000,2026-09-25,"PAMI, precio de venta al público: BLOKIUM GESIC FORTE (Casasco)",minorista,,sí,Medicamentos
Diclofenac potásico+paracetamol 50/500 mg comprimidos,comprimido,1140.2877,2026-09-25,"PAMI, precio de venta al público: BLOKIUM GESIC FORTE (Casasco)",minorista,,sí,Medicamentos
Diclofenac sódico 100mg comprimidos de liberación prolongada,comprimido,1287.3173,2026-09-25,"PAMI, precio de venta al público: BLOKIUM (Casasco)",minorista,,sí,Medicamentos
Diclofenac sódico 50 mg comprimidos,comprimido,488.5113,2026-09-25,"PAMI, precio de venta al público: BLOKIUM (Casasco)",minorista,,sí,Medicamentos
Diclofenac sódico 50 mg comprimidos,comprimido,388.7277,2026-09-25,"PAMI, precio de venta al público: BLOKIUM (Casasco)",minorista,,sí,Medicamentos
Diclofenac sódico 75 mg comprimidos,comprimido,1140.8487,2026-09-25,"PAMI, precio de venta al público: BLOKIUM (Casasco)",minorista,,sí,Medicamentos
Diclofenac sódico 75 mg comprimidos,comprimido,1201.4973,2026-09-25,"PAMI, precio de venta al público: BLOKIUM (Casasco)",minorista,,sí,Medicamentos
Donepezilo 10 mg comprimidos,comprimido,1923.7093,2026-09-25,"PAMI, precio de venta al público: LIRPAN (Casasco)",minorista,,sí,Medicamentos
Donepezilo 5 mg comprimidos,comprimido,1522.8100,2026-09-25,"PAMI, precio de venta al público: LIRPAN (Casasco)",minorista,,sí,Medicamentos
Dutasteride 0.5 mg comprimidos,comprimido,1561.4740,2026-09-25,"PAMI, precio de venta al público: PLENUR (Casasco)",minorista,,sí,Medicamentos
Dutasteride+tamsulosina 0.5/0.4 mg cápsulas,cápsula,2297.3133,2026-09-25,"PAMI, precio de venta al público: URALOS PLUS (Casasco)",minorista,,sí,Medicamentos
Empagliflozina 10 mg comprimidos,comprimido,3101.0393,2026-09-25,"PAMI, precio de venta al público: SAGLOX (Casasco)",minorista,,sí,Medicamentos
Empagliflozina 25 mg comprimidos,comprimido,3330.4827,2026-09-25,"PAMI, precio de venta al público: SAGLOX (Casasco)",minorista,,sí,Medicamentos
Enalapril 10 mg comprimidos,comprimido,369.0863,2026-09-25,"PAMI, precio de venta al público: TENCAS (Casasco)",minorista,,sí,Medicamentos
Enalapril 10 mg comprimidos,comprimido,299.3174,2026-09-25,"PAMI, precio de venta al público: TENCAS (Casasco)",minorista,,sí,Medicamentos
Enalapril 10 mg comprimidos,comprimido,343.8348,2026-09-25,"PAMI, precio de venta al público: TENCAS (Casasco)",minorista,,sí,Medicamentos
Enalapril 20 mg comprimidos,comprimido,438.4350,2026-09-25,"PAMI, precio de venta al público: TENCAS (Casasco)",minorista,,sí,Medicamentos
Enalapril 20 mg comprimidos,comprimido,358.2254,2026-09-25,"PAMI, precio de venta al público: TENCAS (Casasco)",minorista,,sí,Medicamentos
Enalapril 5 mg comprimidos,comprimido,208.5433,2026-09-25,"PAMI, precio de venta al público: TENCAS (Casasco)",minorista,,sí,Medicamentos
Enalapril 5 mg comprimidos,comprimido,194.0934,2026-09-25,"PAMI, precio de venta al público: TENCAS (Casasco)",minorista,,sí,Medicamentos
Enalapril 5 mg comprimidos,comprimido,196.0378,2026-09-25,"PAMI, precio de venta al público: TENCAS (Casasco)",minorista,,sí,Medicamentos
Enalapril+hidroclorotiazida 10/25 mg comprimidos,comprimido,561.9077,2026-09-25,"PAMI, precio de venta al público: TENCAS D (Casasco)",minorista,,sí,Medicamentos
Enalapril+hidroclorotiazida 20/12.5 mg comprimidos,comprimido,570.9297,2026-09-25,"PAMI, precio de venta al público: TENCAS D (Casasco)",minorista,,sí,Medicamentos
Escitalopram 10 mg comprimidos,comprimido,1368.8060,2026-09-25,"PAMI, precio de venta al público: LEXTOR (Casasco)",minorista,,sí,Medicamentos
Escitalopram 10 mg comprimidos,comprimido,1121.4125,2026-09-25,"PAMI, precio de venta al público: LEXTOR (Casasco)",minorista,,sí,Medicamentos
Escitalopram 20 mg comprimidos,comprimido,2427.6997,2026-09-25,"PAMI, precio de venta al público: LEXTOR (Casasco)",minorista,,sí,Medicamentos
Escitalopram 20 mg comprimidos,comprimido,1936.9222,2026-09-25,"PAMI, precio de venta al público: LEXTOR (Casasco)",minorista,,sí,Medicamentos
Eszopiclona 2 mg comprimidos,comprimido,659.5277,2026-09-25,"PAMI, precio de venta al público: MIAPAX (Casasco)",minorista,,sí,Medicamentos
Eszopiclona 3 mg comprimidos,comprimido,828.1473,2026-09-25,"PAMI, precio de venta al público: MIAPAX (Casasco)",minorista,,sí,Medicamentos
Etoricoxib 120 mg comprimidos,comprimido,2224.5257,2026-09-25,"PAMI, precio de venta al público: BLOKIUM COX (Casasco)",minorista,,sí,Medicamentos
Etoricoxib 60 mg comprimidos,comprimido,1337.5079,2026-09-25,"PAMI, precio de venta al público: BLOKIUM COX (Casasco)",minorista,,sí,Medicamentos
Etoricoxib 90 mg comprimidos,comprimido,2070.2614,2026-09-25,"PAMI, precio de venta al público: BLOKIUM COX (Casasco)",minorista,,sí,Medicamentos
Etoricoxib 90 mg comprimidos,comprimido,1679.5396,2026-09-25,"PAMI, precio de venta al público: BLOKIUM COX (Casasco)",minorista,,sí,Medicamentos
Ezetimibe 10 mg comprimidos,comprimido,728.9340,2026-09-25,"PAMI, precio de venta al público: NALECOL (Casasco)",minorista,,sí,Medicamentos
Fenofibrato micronizado 200 mg cápsulas,cápsula,1470.4767,2026-09-25,"PAMI, precio de venta al público: SEGREN (Casasco)",minorista,,sí,Medicamentos
Fexofenadina 180 mg comprimidos,comprimido,2209.5620,2026-09-25,"PAMI, precio de venta al público: ALERCAS (Casasco)",minorista,,sí,Medicamentos
Fluconazol 150 mg comprimidos,comprimido,9605.2050,2026-09-25,"PAMI, precio de venta al público: ANTIMICON (Casasco)",minorista,,sí,Medicamentos
Fluconazol 150 mg comprimidos,comprimido,8375.9475,2026-09-25,"PAMI, precio de venta al público: ANTIMICON (Casasco)",minorista,,sí,Medicamentos
Gabapentin 100 mg comprimidos,comprimido,713.5267,2026-09-25,"PAMI, precio de venta al público: ELIFER (Casasco)",minorista,,sí,Medicamentos
Gabapentin 300 mg comprimidos,comprimido,1300.3963,2026-09-25,"PAMI, precio de venta al público: ELIFER (Casasco)",minorista,,sí,Medicamentos
Gabapentin 300 mg comprimidos,comprimido,1160.1338,2026-09-25,"PAMI, precio de venta al público: ELIFER (Casasco)",minorista,,sí,Medicamentos
Gabapentin 600 mg comprimidos,comprimido,1546.0560,2026-09-25,"PAMI, precio de venta al público: ELIFER (Casasco)",minorista,,sí,Medicamentos
Haloperidol 10 mg comprimidos,comprimido,653.2633,2026-09-25,"PAMI, precio de venta al público: ENABRAN (Casasco)",minorista,,sí,Medicamentos
Haloperidol 2 mg/ml gotas,1 ml,357.7087,2026-09-25,"PAMI, precio de venta al público: ENABRAN (Casasco)",minorista,,sí,Medicamentos
Itopride 50 mg comprimidos,comprimido,838.7510,2026-09-25,"PAMI, precio de venta al público: IDELIS (Casasco)",minorista,,sí,Medicamentos
Ketorolac 10 mg comprimidos sublinguales,comprimido,1232.8240,2026-09-25,"PAMI, precio de venta al público: TELEDOL SL (Casasco)",minorista,,sí,Medicamentos
Ketorolac 20 mg comprimidos,comprimido,1292.5480,2026-09-25,"PAMI, precio de venta al público: TELEDOL (Casasco)",minorista,,sí,Medicamentos
Ketorolac 20 mg comprimidos,comprimido,1045.5100,2026-09-25,"PAMI, precio de venta al público: TELEDOL (Casasco)",minorista,,sí,Medicamentos
Lamotrigina 100 mg comprimidos dispersables,comprimido,1628.6600,2026-09-25,"PAMI, precio de venta al público: LAMOCAS (Casasco)",minorista,,sí,Medicamentos
Lamotrigina 100 mg comprimidos dispersables,comprimido,1561.4855,2026-09-25,"PAMI, precio de venta al público: LAMOCAS (Casasco)",minorista,,sí,Medicamentos
Lamotrigina 100 mg comprimidos,comprimido,1863.4117,2026-09-25,"PAMI, precio de venta al público: LAMOCAS XR (Casasco)",minorista,,sí,Medicamentos
Lamotrigina 100 mg comprimidos,comprimido,1856.8470,2026-09-25,"PAMI, precio de venta al público: LAMOCAS XR (Casasco)",minorista,,sí,Medicamentos
Lamotrigina 200 mg comprimidos dispersables,comprimido,2649.3990,2026-09-25,"PAMI, precio de venta al público: LAMOCAS (Casasco)",minorista,,sí,Medicamentos
Lamotrigina 25 mg comprimidos dispersables,comprimido,624.2353,2026-09-25,"PAMI, precio de venta al público: LAMOCAS (Casasco)",minorista,,sí,Medicamentos
Lamotrigina 50 mg comprimidos dispersables,comprimido,970.2757,2026-09-25,"PAMI, precio de venta al público: LAMOCAS (Casasco)",minorista,,sí,Medicamentos
Levetiracetam 1000 mg comprimidos,comprimido,5067.7487,2026-09-25,"PAMI, precio de venta al público: CALLEXE (Casasco)",minorista,,sí,Medicamentos
Levetiracetam 1000 mg comprimidos,comprimido,3546.0890,2026-09-25,"PAMI, precio de venta al público: CALLEXE (Casasco)",minorista,,sí,Medicamentos
Levetiracetam 1000 mg comprimidos,comprimido,3530.0405,2026-09-25,"PAMI, precio de venta al público: CALLEXE (Casasco)",minorista,,sí,Medicamentos
Levetiracetam 500 mg comprimidos,comprimido,2534.8897,2026-09-25,"PAMI, precio de venta al público: CALLEXE (Casasco)",minorista,,sí,Medicamentos
Levetiracetam 500 mg comprimidos,comprimido,2357.1500,2026-09-25,"PAMI, precio de venta al público: CALLEXE (Casasco)",minorista,,sí,Medicamentos
Levetiracetam 500 mg comprimidos,comprimido,2330.8973,2026-09-25,"PAMI, precio de venta al público: CALLEXE (Casasco)",minorista,,sí,Medicamentos
Levetiracetam 500 mg comprimidos,comprimido,2962.0973,2026-09-25,"PAMI, precio de venta al público: CALLEXE XR (Casasco)",minorista,,sí,Medicamentos
Levetiracetam 500 mg ampollas,ampolla,17570.1860,2026-09-25,"PAMI, precio de venta al público: CALLEXE (Casasco)",minorista,,sí,Medicamentos
Levetiracetam 750 mg comprimidos,comprimido,4299.1450,2026-09-25,"PAMI, precio de venta al público: CALLEXE XR (Casasco)",minorista,,sí,Medicamentos
Levofloxacina 500 mg comprimidos,comprimido,2779.2286,2026-09-25,"PAMI, precio de venta al público: FENTAXINA (Casasco)",minorista,,sí,Medicamentos
Levofloxacina 750 mg comprimidos,comprimido,4478.6120,2026-09-25,"PAMI, precio de venta al público: FENTAXINA (Casasco)",minorista,,sí,Medicamentos
Linagliptina 5 mg comprimidos,comprimido,4303.4610,2026-09-25,"PAMI, precio de venta al público: GLIMAREL (Casasco)",minorista,,sí,Medicamentos
Losartán 100 mg comprimidos,comprimido,1245.7200,2026-09-25,"PAMI, precio de venta al público: LOPLAC (Casasco)",minorista,,sí,Medicamentos
Losartán 100 mg comprimidos,comprimido,1881.9930,2026-09-25,"PAMI, precio de venta al público: LOPLAC XR (Casasco)",minorista,,sí,Medicamentos
Losartán 100 mg comprimidos,comprimido,998.2867,2026-09-25,"PAMI, precio de venta al público: LOPLAC (Casasco)",minorista,,sí,Medicamentos
Losartán 50 mg comprimidos,comprimido,1020.5733,2026-09-25,"PAMI, precio de venta al público: LOPLAC (Casasco)",minorista,,sí,Medicamentos
Losartán 50 mg comprimidos,comprimido,965.2837,2026-09-25,"PAMI, precio de venta al público: LOPLAC (Casasco)",minorista,,sí,Medicamentos
Losartán+hidroclorotiazida 100 mg/25 mg comprimidos,comprimido,1296.6410,2026-09-25,"PAMI, precio de venta al público: LOPLAC D (Casasco)",minorista,,sí,Medicamentos
Losartán+hidroclorotiazida 50 mg/12.5 mg comprimidos,comprimido,1194.8527,2026-09-25,"PAMI, precio de venta al público: LOPLAC D (Casasco)",minorista,,sí,Medicamentos
Memantine 14 mg comprimidos,comprimido,1501.7433,2026-09-25,"PAMI, precio de venta al público: CARRIER XR (Casasco)",minorista,,sí,Medicamentos
Memantine 20 mg comprimidos,comprimido,1552.2237,2026-09-25,"PAMI, precio de venta al público: CARRIER (Casasco)",minorista,,sí,Medicamentos
Memantine 21 mg comprimidos,comprimido,1781.5290,2026-09-25,"PAMI, precio de venta al público: CARRIER XR (Casasco)",minorista,,sí,Medicamentos
Memantine 28 mg comprimidos,comprimido,2065.6163,2026-09-25,"PAMI, precio de venta al público: CARRIER XR (Casasco)",minorista,,sí,Medicamentos
Memantine 7 mg comprimidos,comprimido,883.6960,2026-09-25,"PAMI, precio de venta al público: CARRIER XR (Casasco)",minorista,,sí,Medicamentos
Memantine+donepezilo 14/10mg cápsulas,cápsula,3092.9747,2026-09-25,"PAMI, precio de venta al público: LIRPAN PLUS (Casasco)",minorista,,sí,Medicamentos
Memantine+donepezilo 28/10mg cápsulas,cápsula,3416.1937,2026-09-25,"PAMI, precio de venta al público: LIRPAN PLUS (Casasco)",minorista,,sí,Medicamentos
Mesalazina 1200 mg comprimidos,comprimido,5147.0483,2026-09-25,"PAMI, precio de venta al público: CONDUCTASA (Casasco)",minorista,,sí,Medicamentos
Mesalazina 500 mg comprimidos,comprimido,2391.7042,2026-09-25,"PAMI, precio de venta al público: CONDUCTASA (Casasco)",minorista,,sí,Medicamentos
Mesalazina 800 mg comprimidos,comprimido,3839.6930,2026-09-25,"PAMI, precio de venta al público: CONDUCTASA (Casasco)",minorista,,sí,Medicamentos
Metformina 1000 mg comprimidos,comprimido,523.8427,2026-09-25,"PAMI, precio de venta al público: IMECOT AP FORTE (Casasco)",minorista,,sí,Medicamentos
Metformina 1000 mg comprimidos,comprimido,481.5328,2026-09-25,"PAMI, precio de venta al público: IMECOT AP FORTE (Casasco)",minorista,,sí,Medicamentos
Metformina 500 mg comprimidos,comprimido,193.4890,2026-09-25,"PAMI, precio de venta al público: IMECOT (Casasco)",minorista,,sí,Medicamentos
Metformina 500 mg comprimidos,comprimido,332.0347,2026-09-25,"PAMI, precio de venta al público: IMECOT AP (Casasco)",minorista,,sí,Medicamentos
Metformina 500 mg comprimidos,comprimido,316.1880,2026-09-25,"PAMI, precio de venta al público: IMECOT AP (Casasco)",minorista,,sí,Medicamentos
Metformina 500 mg comprimidos,comprimido,192.7733,2026-09-25,"PAMI, precio de venta al público: IMECOT (Casasco)",minorista,,sí,Medicamentos
Metformina 850 mg comprimidos,comprimido,395.7337,2026-09-25,"PAMI, precio de venta al público: IMECOT AP (Casasco)",minorista,,sí,Medicamentos
Metformina 850 mg comprimidos,comprimido,389.3152,2026-09-25,"PAMI, precio de venta al público: IMECOT AP (Casasco)",minorista,,sí,Medicamentos
Minociclina 50 mg comprimidos,comprimido,673.5790,2026-09-25,"PAMI, precio de venta al público: LIMAFIL 50 (Casasco)",minorista,,sí,Medicamentos
Montelukast 10 mg comprimidos,comprimido,1451.4123,2026-09-25,"PAMI, precio de venta al público: MONTRATE (Casasco)",minorista,,sí,Medicamentos
Montelukast 10 mg comprimidos,comprimido,1132.1088,2026-09-25,"PAMI, precio de venta al público: MONTRATE (Casasco)",minorista,,sí,Medicamentos
Montelukast 4 mg comprimidos masticables,comprimido,1366.9643,2026-09-25,"PAMI, precio de venta al público: MONTRATE (Casasco)",minorista,,sí,Medicamentos
Montelukast 5 mg comprimidos masticables,comprimido,1390.4733,2026-09-25,"PAMI, precio de venta al público: MONTRATE (Casasco)",minorista,,sí,Medicamentos
Nebivolol 10 mg comprimidos,comprimido,1383.0171,2026-09-25,"PAMI, precio de venta al público: NIRPOL (Casasco)",minorista,,sí,Medicamentos
Nebivolol 10 mg comprimidos,comprimido,1443.6054,2026-09-25,"PAMI, precio de venta al público: NIRPOL (Casasco)",minorista,,sí,Medicamentos
Nebivolol 5 mg comprimidos,comprimido,738.4482,2026-09-25,"PAMI, precio de venta al público: NIRPOL (Casasco)",minorista,,sí,Medicamentos
Nebivolol 5 mg comprimidos,comprimido,680.3513,2026-09-25,"PAMI, precio de venta al público: NIRPOL (Casasco)",minorista,,sí,Medicamentos
Nebivolol 5 mg comprimidos,comprimido,764.8064,2026-09-25,"PAMI, precio de venta al público: NIRPOL (Casasco)",minorista,,sí,Medicamentos
Nebivolol+hidroclorotiazida 5/12.5 mg comprimidos,comprimido,1030.6604,2026-09-25,"PAMI, precio de venta al público: NIRPOL D (Casasco)",minorista,,sí,Medicamentos
Nimodipina 120 mg comprimidos,comprimido,1015.3030,2026-09-25,"PAMI, precio de venta al público: EXPLANER LP (Casasco)",minorista,,sí,Medicamentos
Nimodipina 30 mg comprimidos,comprimido,458.8497,2026-09-25,"PAMI, precio de venta al público: EXPLANER (Casasco)",minorista,,sí,Medicamentos
Nimodipina 30 mg comprimidos,comprimido,381.2358,2026-09-25,"PAMI, precio de venta al público: EXPLANER (Casasco)",minorista,,sí,Medicamentos
Nimodipina 60 mg comprimidos,comprimido,750.0477,2026-09-25,"PAMI, precio de venta al público: EXPLANER 60 (Casasco)",minorista,,sí,Medicamentos
Nimodipina 60 mg comprimidos,comprimido,571.7562,2026-09-25,"PAMI, precio de venta al público: EXPLANER 60 (Casasco)",minorista,,sí,Medicamentos
Olanzapina 10 mg comprimidos,comprimido,6845.3668,2026-09-25,"PAMI, precio de venta al público: ENOLEX (Casasco)",minorista,,sí,Medicamentos
Olanzapina 5 mg comprimidos,comprimido,3475.6136,2026-09-25,"PAMI, precio de venta al público: ENOLEX (Casasco)",minorista,,sí,Medicamentos
"Omeprazol+sodio,bicarbonato 20 mg cápsulas",cápsula,1170.6873,2026-09-25,"PAMI, precio de venta al público: DANLOX RAPIDO (Casasco)",minorista,,sí,Medicamentos
"Omeprazol+sodio,bicarbonato 40 mg cápsulas",cápsula,2543.9840,2026-09-25,"PAMI, precio de venta al público: DANLOX RAPIDO (Casasco)",minorista,,sí,Medicamentos
Orlistat 120 mg cápsulas,cápsula,2091.4950,2026-09-25,"PAMI, precio de venta al público: OLEOFIN (Casasco)",minorista,,sí,Medicamentos
Orlistat 120 mg cápsulas,cápsula,1938.1865,2026-09-25,"PAMI, precio de venta al público: OLEOFIN (Casasco)",minorista,,sí,Medicamentos
Orlistat 60 mg cápsulas,cápsula,1259.0400,2026-09-25,"PAMI, precio de venta al público: OLEOFIN (Casasco)",minorista,,sí,Medicamentos
Paroxetina 10 mg comprimidos,comprimido,668.0160,2026-09-25,"PAMI, precio de venta al público: TIARIX 10 (Casasco)",minorista,,sí,Medicamentos
Paroxetina 12.5 mg comprimidos,comprimido,1139.3440,2026-09-25,"PAMI, precio de venta al público: TIARIX CR (Casasco)",minorista,,sí,Medicamentos
Paroxetina 20 mg comprimidos,comprimido,1572.2307,2026-09-25,"PAMI, precio de venta al público: TIARIX (Casasco)",minorista,,sí,Medicamentos
Paroxetina 20 mg comprimidos,comprimido,1395.7998,2026-09-25,"PAMI, precio de venta al público: TIARIX (Casasco)",minorista,,sí,Medicamentos
Paroxetina 25 mg comprimidos,comprimido,1283.0777,2026-09-25,"PAMI, precio de venta al público: TIARIX CR (Casasco)",minorista,,sí,Medicamentos
Pramipexol 0.25 mg comprimidos,comprimido,773.4549,2026-09-25,"PAMI, precio de venta al público: NOXOPRAN (Casasco)",minorista,,sí,Medicamentos
Pramipexol 0.25 mg comprimidos,comprimido,602.1557,2026-09-25,"PAMI, precio de venta al público: NOXOPRAN (Casasco)",minorista,,sí,Medicamentos
Pramipexol 0.25 mg comprimidos,comprimido,613.1775,2026-09-25,"PAMI, precio de venta al público: NOXOPRAN (Casasco)",minorista,,sí,Medicamentos
Pramipexol 1 mg comprimidos,comprimido,2721.8336,2026-09-25,"PAMI, precio de venta al público: NOXOPRAN (Casasco)",minorista,,sí,Medicamentos
Pramipexol 1 mg comprimidos,comprimido,2341.4193,2026-09-25,"PAMI, precio de venta al público: NOXOPRAN (Casasco)",minorista,,sí,Medicamentos
Pramipexol 1 mg comprimidos,comprimido,2429.4580,2026-09-25,"PAMI, precio de venta al público: NOXOPRAN (Casasco)",minorista,,sí,Medicamentos
Prasugrel 10 mg comprimidos,comprimido,1418.7150,2026-09-25,"PAMI, precio de venta al público: ENIPRAX (Casasco)",minorista,,sí,Medicamentos
Pregabalina 150 mg cápsulas,cápsula,2327.8583,2026-09-25,"PAMI, precio de venta al público: NEURISTAN (Casasco)",minorista,,sí,Medicamentos
Pregabalina 25 mg cápsulas,cápsula,469.1183,2026-09-25,"PAMI, precio de venta al público: NEURISTAN (Casasco)",minorista,,sí,Medicamentos
Pregabalina 50 mg cápsulas,cápsula,964.0603,2026-09-25,"PAMI, precio de venta al público: NEURISTAN (Casasco)",minorista,,sí,Medicamentos
Pregabalina 75 mg comprimidos,comprimido,1607.6380,2026-09-25,"PAMI, precio de venta al público: NEURISTAN MULTIDOSIS (Casasco)",minorista,,sí,Medicamentos
Pregabalina 75 mg comprimidos,comprimido,1387.1967,2026-09-25,"PAMI, precio de venta al público: NEURISTAN MULTIDOSIS (Casasco)",minorista,,sí,Medicamentos
Pregabalina 75 mg cápsulas,cápsula,1522.0380,2026-09-25,"PAMI, precio de venta al público: NEURISTAN (Casasco)",minorista,,sí,Medicamentos
Quetiapina 100 mg comprimidos,comprimido,3397.2263,2026-09-25,"PAMI, precio de venta al público: ROSTRUM (Casasco)",minorista,,sí,Medicamentos
Quetiapina 100 mg comprimidos,comprimido,2388.3023,2026-09-25,"PAMI, precio de venta al público: ROSTRUM (Casasco)",minorista,,sí,Medicamentos
Quetiapina 200 mg comprimidos,comprimido,4381.9140,2026-09-25,"PAMI, precio de venta al público: ROSTRUM XR (Casasco)",minorista,,sí,Medicamentos
Quetiapina 200 mg comprimidos,comprimido,4248.7867,2026-09-25,"PAMI, precio de venta al público: ROSTRUM (Casasco)",minorista,,sí,Medicamentos
Quetiapina 200 mg comprimidos,comprimido,3072.0903,2026-09-25,"PAMI, precio de venta al público: ROSTRUM (Casasco)",minorista,,sí,Medicamentos
Quetiapina 25 mg comprimidos,comprimido,1556.9330,2026-09-25,"PAMI, precio de venta al público: ROSTRUM (Casasco)",minorista,,sí,Medicamentos
Quetiapina 25 mg comprimidos,comprimido,2008.6687,2026-09-25,"PAMI, precio de venta al público: ROSTRUM (Casasco)",minorista,,sí,Medicamentos
Quetiapina 25 mg comprimidos,comprimido,1217.5822,2026-09-25,"PAMI, precio de venta al público: ROSTRUM (Casasco)",minorista,,sí,Medicamentos
Quetiapina 300 mg comprimidos,comprimido,5727.1390,2026-09-25,"PAMI, precio de venta al público: ROSTRUM XR (Casasco)",minorista,,sí,Medicamentos
Quetiapina 50 mg comprimidos,comprimido,4227.1457,2026-09-25,"PAMI, precio de venta al público: ROSTRUM XR (Casasco)",minorista,,sí,Medicamentos
Rivaroxabán 10 mg comprimidos,comprimido,5130.1170,2026-09-25,"PAMI, precio de venta al público: REMEXAL (Casasco)",minorista,,sí,Medicamentos
Rivaroxabán 10 mg comprimidos,comprimido,3578.9343,2026-09-25,"PAMI, precio de venta al público: REMEXAL (Casasco)",minorista,,sí,Medicamentos
Rivaroxabán 15 mg comprimidos,comprimido,3828.2464,2026-09-25,"PAMI, precio de venta al público: REMEXAL (Casasco)",minorista,,sí,Medicamentos
Rivaroxabán 15 mg comprimidos,comprimido,3618.1393,2026-09-25,"PAMI, precio de venta al público: REMEXAL (Casasco)",minorista,,sí,Medicamentos
Rivaroxabán 20 mg comprimidos,comprimido,4044.3250,2026-09-25,"PAMI, precio de venta al público: REMEXAL (Casasco)",minorista,,sí,Medicamentos
Rivaroxabán 20 mg comprimidos,comprimido,3853.0090,2026-09-25,"PAMI, precio de venta al público: REMEXAL (Casasco)",minorista,,sí,Medicamentos
Roflumilast 0.5 mg comprimidos,comprimido,2001.3980,2026-09-25,"PAMI, precio de venta al público: LEMAST (Casasco)",minorista,,sí,Medicamentos
Rosuvastatina 10 mg comprimidos,comprimido,924.0857,2026-09-25,"PAMI, precio de venta al público: HIPOLIPOL (Casasco)",minorista,,sí,Medicamentos
Rosuvastatina 10 mg comprimidos,comprimido,886.7893,2026-09-25,"PAMI, precio de venta al público: HIPOLIPOL (Casasco)",minorista,,sí,Medicamentos
Rosuvastatina 10 mg comprimidos,comprimido,896.0737,2026-09-25,"PAMI, precio de venta al público: HIPOLIPOL (Casasco)",minorista,,sí,Medicamentos
Rosuvastatina 20 mg comprimidos,comprimido,1656.6371,2026-09-25,"PAMI, precio de venta al público: HIPOLIPOL (Casasco)",minorista,,sí,Medicamentos
Rosuvastatina 20 mg comprimidos,comprimido,1574.3317,2026-09-25,"PAMI, precio de venta al público: HIPOLIPOL (Casasco)",minorista,,sí,Medicamentos
Rosuvastatina 20 mg comprimidos,comprimido,1579.4302,2026-09-25,"PAMI, precio de venta al público: HIPOLIPOL (Casasco)",minorista,,sí,Medicamentos
Rosuvastatina 40 mg comprimidos,comprimido,2844.7596,2026-09-25,"PAMI, precio de venta al público: HIPOLIPOL (Casasco)",minorista,,sí,Medicamentos
Rosuvastatina 40 mg comprimidos,comprimido,2674.4970,2026-09-25,"PAMI, precio de venta al público: HIPOLIPOL (Casasco)",minorista,,sí,Medicamentos
Rosuvastatina 5 mg comprimidos,comprimido,617.7450,2026-09-25,"PAMI, precio de venta al público: HIPOLIPOL (Casasco)",minorista,,sí,Medicamentos
Rosuvastatina 5 mg comprimidos,comprimido,580.0843,2026-09-25,"PAMI, precio de venta al público: HIPOLIPOL (Casasco)",minorista,,sí,Medicamentos
Rosuvastatina 5 mg comprimidos,comprimido,593.6496,2026-09-25,"PAMI, precio de venta al público: HIPOLIPOL (Casasco)",minorista,,sí,Medicamentos
Rosuvastatina+ezetimibe 10/10 mg comprimidos,comprimido,1197.7633,2026-09-25,"PAMI, precio de venta al público: HIPOLIPOL EZ (Casasco)",minorista,,sí,Medicamentos
Rosuvastatina+ezetimibe 20/10 mg comprimidos,comprimido,2064.5257,2026-09-25,"PAMI, precio de venta al público: HIPOLIPOL EZ (Casasco)",minorista,,sí,Medicamentos
Rosuvastatina+ezetimibe 5/10 mg comprimidos,comprimido,1048.7637,2026-09-25,"PAMI, precio de venta al público: HIPOLIPOL EZ (Casasco)",minorista,,sí,Medicamentos
Sertralina 100 mg comprimidos,comprimido,1765.7943,2026-09-25,"PAMI, precio de venta al público: ZOXX 100 (Casasco)",minorista,,sí,Medicamentos
Sertralina 100 mg comprimidos,comprimido,1268.1343,2026-09-25,"PAMI, precio de venta al público: ZOXX 100 (Casasco)",minorista,,sí,Medicamentos
Sertralina 50 mg comprimidos,comprimido,1050.7547,2026-09-25,"PAMI, precio de venta al público: ZOXX 50 (Casasco)",minorista,,sí,Medicamentos
Sertralina 50 mg comprimidos,comprimido,833.9033,2026-09-25,"PAMI, precio de venta al público: ZOXX 50 (Casasco)",minorista,,sí,Medicamentos
Sildenafil 50 mg comprimidos masticables,comprimido,3132.5700,2026-09-25,"PAMI, precio de venta al público: ACTIVIL MASTICABLE (Casasco)",minorista,,sí,Medicamentos
Simeticona 200 mg comprimidos,comprimido,394.2390,2026-09-25,"PAMI, precio de venta al público: FACTOR AG (Casasco)",minorista,,sí,Medicamentos
Simeticona 200 mg comprimidos,comprimido,373.9402,2026-09-25,"PAMI, precio de venta al público: FACTOR AG (Casasco)",minorista,,sí,Medicamentos
Sitagliptina 100 mg comprimidos,comprimido,3557.5077,2026-09-25,"PAMI, precio de venta al público: SOTIL (Casasco)",minorista,,sí,Medicamentos
Sitagliptina 25 mg comprimidos,comprimido,2953.3937,2026-09-25,"PAMI, precio de venta al público: SOTIL (Casasco)",minorista,,sí,Medicamentos
Sitagliptina 50 mg comprimidos,comprimido,3286.6950,2026-09-25,"PAMI, precio de venta al público: SOTIL (Casasco)",minorista,,sí,Medicamentos
"Sitagliptina+metformina,clorh. 100/1000 mg comprimidos",comprimido,4465.1657,2026-09-25,"PAMI, precio de venta al público: SOTIL MET XR (Casasco)",minorista,,sí,Medicamentos
"Sitagliptina+metformina,clorh. 50/1000 mg comprimidos",comprimido,2254.3460,2026-09-25,"PAMI, precio de venta al público: SOTIL MET (Casasco)",minorista,,sí,Medicamentos
"Sitagliptina+metformina,clorh. 50/1000 mg comprimidos",comprimido,2165.5723,2026-09-25,"PAMI, precio de venta al público: SOTIL MET (Casasco)",minorista,,sí,Medicamentos
"Sitagliptina+metformina,clorh. 50/1000 mg comprimidos",comprimido,2040.6303,2026-09-25,"PAMI, precio de venta al público: SOTIL MET XR (Casasco)",minorista,,sí,Medicamentos
"Sitagliptina+metformina,clorh. 50/500 mg comprimidos",comprimido,1943.5473,2026-09-25,"PAMI, precio de venta al público: SOTIL MET (Casasco)",minorista,,sí,Medicamentos
"Sitagliptina+metformina,clorh. 50/850 mg comprimidos",comprimido,1902.0298,2026-09-25,"PAMI, precio de venta al público: SOTIL MET (Casasco)",minorista,,sí,Medicamentos
"Sodio,divalproato 250 mg comprimidos",comprimido,933.7220,2026-09-25,"PAMI, precio de venta al público: VALCAS (Casasco)",minorista,,sí,Medicamentos
"Sodio,divalproato 250 mg comprimidos",comprimido,812.3478,2026-09-25,"PAMI, precio de venta al público: VALCAS (Casasco)",minorista,,sí,Medicamentos
"Sodio,divalproato 250 mg comprimidos",comprimido,711.5870,2026-09-25,"PAMI, precio de venta al público: VALCAS (Casasco)",minorista,,sí,Medicamentos
"Sodio,divalproato 500 mg comprimidos",comprimido,1538.3373,2026-09-25,"PAMI, precio de venta al público: VALCAS (Casasco)",minorista,,sí,Medicamentos
"Sodio,divalproato 500 mg comprimidos",comprimido,1486.7936,2026-09-25,"PAMI, precio de venta al público: VALCAS (Casasco)",minorista,,sí,Medicamentos
"Sodio,divalproato 500 mg comprimidos",comprimido,1423.1952,2026-09-25,"PAMI, precio de venta al público: VALCAS (Casasco)",minorista,,sí,Medicamentos
Solifenacina 10 mg comprimidos,comprimido,2046.1640,2026-09-25,"PAMI, precio de venta al público: SOLIFEN (Casasco)",minorista,,sí,Medicamentos
Solifenacina 5 mg comprimidos,comprimido,1808.2320,2026-09-25,"PAMI, precio de venta al público: SOLIFEN (Casasco)",minorista,,sí,Medicamentos
Solifenacina+tamsulosina 6mg/0.4mg comprimidos,comprimido,1881.7843,2026-09-25,"PAMI, precio de venta al público: URALOS MAX (Casasco)",minorista,,sí,Medicamentos
Tadalafilo 20 mg comprimidos,comprimido,13382.2950,2026-09-25,"PAMI, precio de venta al público: PERDURAL (Casasco)",minorista,,sí,Medicamentos
Tadalafilo 20 mg comprimidos,comprimido,9597.6738,2026-09-25,"PAMI, precio de venta al público: PERDURAL (Casasco)",minorista,,sí,Medicamentos
Tadalafilo 5 mg comprimidos,comprimido,3831.6832,2026-09-25,"PAMI, precio de venta al público: PERDURAL (Casasco)",minorista,,sí,Medicamentos
Tamsulosina 0.4 mg comprimidos,comprimido,1610.9453,2026-09-25,"PAMI, precio de venta al público: URALOS CR (Casasco)",minorista,,sí,Medicamentos
Tamsulosina 0.4 mg comprimidos,comprimido,1231.4653,2026-09-25,"PAMI, precio de venta al público: URALOS CR (Casasco)",minorista,,sí,Medicamentos
Telmisartán 40 mg comprimidos,comprimido,2487.0775,2026-09-25,"PAMI, precio de venta al público: SACTAN (Casasco)",minorista,,sí,Medicamentos
Telmisartán 40 mg comprimidos,comprimido,2018.6700,2026-09-25,"PAMI, precio de venta al público: SACTAN (Casasco)",minorista,,sí,Medicamentos
Telmisartán 80 mg comprimidos,comprimido,3493.6886,2026-09-25,"PAMI, precio de venta al público: SACTAN (Casasco)",minorista,,sí,Medicamentos
Telmisartán 80 mg comprimidos,comprimido,2913.9737,2026-09-25,"PAMI, precio de venta al público: SACTAN (Casasco)",minorista,,sí,Medicamentos
Telmisartán+amlodipina 40/5 mg comprimidos,comprimido,2794.3754,2026-09-25,"PAMI, precio de venta al público: SACTAN AMLO (Casasco)",minorista,,sí,Medicamentos
Telmisartán+amlodipina 80/10 mg comprimidos,comprimido,3613.9093,2026-09-25,"PAMI, precio de venta al público: SACTAN AMLO (Casasco)",minorista,,sí,Medicamentos
Telmisartán+amlodipina 80/5 mg comprimidos,comprimido,3513.6257,2026-09-25,"PAMI, precio de venta al público: SACTAN AMLO (Casasco)",minorista,,sí,Medicamentos
Telmisartán+hidroclorotiazida 40/12.5 mg comprimidos,comprimido,2190.8018,2026-09-25,"PAMI, precio de venta al público: SACTAN D (Casasco)",minorista,,sí,Medicamentos
Telmisartán+hidroclorotiazida 40/12.5 mg comprimidos,comprimido,1805.7407,2026-09-25,"PAMI, precio de venta al público: SACTAN D (Casasco)",minorista,,sí,Medicamentos
Telmisartán+hidroclorotiazida 80/12.5 mg comprimidos,comprimido,3371.3725,2026-09-25,"PAMI, precio de venta al público: SACTAN D (Casasco)",minorista,,sí,Medicamentos
Telmisartán+hidroclorotiazida 80/12.5 mg comprimidos,comprimido,2879.5567,2026-09-25,"PAMI, precio de venta al público: SACTAN D (Casasco)",minorista,,sí,Medicamentos
Telmisartán+hidroclorotiazida 80/25 mg comprimidos,comprimido,3565.3757,2026-09-25,"PAMI, precio de venta al público: SACTAN D (Casasco)",minorista,,sí,Medicamentos
Terazosina 10 mg comprimidos,comprimido,951.9243,2026-09-25,"PAMI, precio de venta al público: ANDRIN (Casasco)",minorista,,sí,Medicamentos
Terazosina 2 mg comprimidos,comprimido,611.7847,2026-09-25,"PAMI, precio de venta al público: ANDRIN (Casasco)",minorista,,sí,Medicamentos
Terazosina 5 mg comprimidos,comprimido,779.5517,2026-09-25,"PAMI, precio de venta al público: ANDRIN (Casasco)",minorista,,sí,Medicamentos
"Tióctico,ác. 600 mg comprimidos",comprimido,1618.1743,2026-09-25,"PAMI, precio de venta al público: TINACTOL (Casasco)",minorista,,sí,Medicamentos
Topiramato 100 mg comprimidos,comprimido,2155.1293,2026-09-25,"PAMI, precio de venta al público: EPISTAL (Casasco)",minorista,,sí,Medicamentos
Topiramato 100 mg comprimidos,comprimido,2041.2871,2026-09-25,"PAMI, precio de venta al público: EPISTAL (Casasco)",minorista,,sí,Medicamentos
Topiramato 25 mg comprimidos,comprimido,722.1504,2026-09-25,"PAMI, precio de venta al público: EPISTAL (Casasco)",minorista,,sí,Medicamentos
Topiramato 25 mg comprimidos,comprimido,607.0786,2026-09-25,"PAMI, precio de venta al público: EPISTAL (Casasco)",minorista,,sí,Medicamentos
Topiramato 50 mg comprimidos,comprimido,1379.7561,2026-09-25,"PAMI, precio de venta al público: EPISTAL (Casasco)",minorista,,sí,Medicamentos
Topiramato 50 mg comprimidos,comprimido,1247.5414,2026-09-25,"PAMI, precio de venta al público: EPISTAL (Casasco)",minorista,,sí,Medicamentos
Tramadol 100 mg comprimidos,comprimido,1818.6010,2026-09-25,"PAMI, precio de venta al público: LIXIDOL 100 LP (Casasco)",minorista,,sí,Medicamentos
Tramadol 50 mg comprimidos,comprimido,930.5590,2026-09-25,"PAMI, precio de venta al público: LIXIDOL 50 (Casasco)",minorista,,sí,Medicamentos
Tramadol 50 mg comprimidos,comprimido,865.1040,2026-09-25,"PAMI, precio de venta al público: LIXIDOL 50 (Casasco)",minorista,,sí,Medicamentos
Valsartán 160 mg comprimidos,comprimido,1288.3900,2026-09-25,"PAMI, precio de venta al público: DILCORAN (Casasco)",minorista,,sí,Medicamentos
Valsartán 160 mg comprimidos,comprimido,1231.0653,2026-09-25,"PAMI, precio de venta al público: DILCORAN (Casasco)",minorista,,sí,Medicamentos
Valsartán 160 mg comprimidos,comprimido,1210.3027,2026-09-25,"PAMI, precio de venta al público: DILCORAN (Casasco)",minorista,,sí,Medicamentos
Valsartán 320 mg comprimidos,comprimido,1435.7146,2026-09-25,"PAMI, precio de venta al público: DILCORAN (Casasco)",minorista,,sí,Medicamentos
Valsartán 320 mg comprimidos,comprimido,1316.2173,2026-09-25,"PAMI, precio de venta al público: DILCORAN (Casasco)",minorista,,sí,Medicamentos
Valsartán 320 mg comprimidos,comprimido,137.4470,2026-09-25,"PAMI, precio de venta al público: DILCORAN (Casasco)",minorista,,sí,Medicamentos
Valsartán 80 mg comprimidos,comprimido,1024.8343,2026-09-25,"PAMI, precio de venta al público: DILCORAN (Casasco)",minorista,,sí,Medicamentos
Valsartán 80 mg comprimidos,comprimido,932.7380,2026-09-25,"PAMI, precio de venta al público: DILCORAN (Casasco)",minorista,,sí,Medicamentos
Valsartán 80 mg comprimidos,comprimido,983.5709,2026-09-25,"PAMI, precio de venta al público: DILCORAN (Casasco)",minorista,,sí,Medicamentos
Valsartán+amlodipina 160/10 mg comprimidos,comprimido,1744.2875,2026-09-25,"PAMI, precio de venta al público: DILCORAN PLUS (Casasco)",minorista,,sí,Medicamentos
Valsartán+amlodipina 160/10 mg comprimidos,comprimido,1577.9225,2026-09-25,"PAMI, precio de venta al público: DILCORAN PLUS (Casasco)",minorista,,sí,Medicamentos
Valsartán+amlodipina 160/5 mg comprimidos,comprimido,1686.1239,2026-09-25,"PAMI, precio de venta al público: DILCORAN PLUS (Casasco)",minorista,,sí,Medicamentos
Valsartán+amlodipina 160/5 mg comprimidos,comprimido,1523.1295,2026-09-25,"PAMI, precio de venta al público: DILCORAN PLUS (Casasco)",minorista,,sí,Medicamentos
Valsartán+hidrocloroti.+amlodip. 160/12.5/10 mg comprimidos,comprimido,1906.1427,2026-09-25,"PAMI, precio de venta al público: DILCORAN PLUS D (Casasco)",minorista,,sí,Medicamentos
Valsartán+hidrocloroti.+amlodip. 160/12.5/5 mg comprimidos,comprimido,1812.5500,2026-09-25,"PAMI, precio de venta al público: DILCORAN PLUS D (Casasco)",minorista,,sí,Medicamentos
Valsartán+hidrocloroti.+amlodip. 320/25/10 mg comprimidos,comprimido,2041.8933,2026-09-25,"PAMI, precio de venta al público: DILCORAN PLUS D (Casasco)",minorista,,sí,Medicamentos
Valsartán+hidroclorotiazida 160/12.5 mg comprimidos,comprimido,1267.2682,2026-09-25,"PAMI, precio de venta al público: DILCORAN D (Casasco)",minorista,,sí,Medicamentos
Valsartán+hidroclorotiazida 160/12.5 mg comprimidos,comprimido,1039.3427,2026-09-25,"PAMI, precio de venta al público: DILCORAN D (Casasco)",minorista,,sí,Medicamentos
Valsartán+hidroclorotiazida 160/25 mg comprimidos,comprimido,1039.3427,2026-09-25,"PAMI, precio de venta al público: DILCORAN D (Casasco)",minorista,,sí,Medicamentos
Valsartán+hidroclorotiazida 320/12.5 mg comprimidos,comprimido,1427.9390,2026-09-25,"PAMI, precio de venta al público: DILCORAN D (Casasco)",minorista,,sí,Medicamentos
Valsartán+hidroclorotiazida 320/25 mg comprimidos,comprimido,1437.6550,2026-09-25,"PAMI, precio de venta al público: DILCORAN D (Casasco)",minorista,,sí,Medicamentos
Valsartán+hidroclorotiazida 80/12.5 mg comprimidos,comprimido,1127.0393,2026-09-25,"PAMI, precio de venta al público: DILCORAN D (Casasco)",minorista,,sí,Medicamentos
Valsartán+hidroclorotiazida 80/12.5 mg comprimidos,comprimido,588.6263,2026-09-25,"PAMI, precio de venta al público: DILCORAN D (Casasco)",minorista,,sí,Medicamentos
Valsartán+hidroclorotiazida 80/12.5 mg comprimidos,comprimido,932.2473,2026-09-25,"PAMI, precio de venta al público: DILCORAN D (Casasco)",minorista,,sí,Medicamentos
Venlafaxina 150 mg cápsulas,cápsula,1430.7061,2026-09-25,"PAMI, precio de venta al público: SUNVEX LP (Casasco)",minorista,,sí,Medicamentos
Venlafaxina 37.5 mg cápsulas,cápsula,1030.0311,2026-09-25,"PAMI, precio de venta al público: SUNVEX LP (Casasco)",minorista,,sí,Medicamentos
Venlafaxina 75 mg cápsulas,cápsula,1072.0729,2026-09-25,"PAMI, precio de venta al público: SUNVEX LP (Casasco)",minorista,,sí,Medicamentos
Vildagliptin 50 mg comprimidos,comprimido,1329.1000,2026-09-25,"PAMI, precio de venta al público: VILDAP (Casasco)",minorista,,sí,Medicamentos
Vildagliptin 50 mg comprimidos,comprimido,1264.7878,2026-09-25,"PAMI, precio de venta al público: VILDAP (Casasco)",minorista,,sí,Medicamentos
Vildagliptin+metformina 50/1000 mg comprimidos,comprimido,1855.6510,2026-09-25,"PAMI, precio de venta al público: VILDAP MET (Casasco)",minorista,,sí,Medicamentos
Vildagliptin+metformina 50/1000 mg comprimidos,comprimido,1714.9665,2026-09-25,"PAMI, precio de venta al público: VILDAP MET (Casasco)",minorista,,sí,Medicamentos
Vildagliptin+metformina 50/500 mg comprimidos,comprimido,1599.5833,2026-09-25,"PAMI, precio de venta al público: VILDAP MET (Casasco)",minorista,,sí,Medicamentos
Vildagliptin+metformina 50/500 mg comprimidos,comprimido,1525.8428,2026-09-25,"PAMI, precio de venta al público: VILDAP MET (Casasco)",minorista,,sí,Medicamentos
Vildagliptin+metformina 50/850 mg comprimidos,comprimido,1599.5837,2026-09-25,"PAMI, precio de venta al público: VILDAP MET (Casasco)",minorista,,sí,Medicamentos
Vildagliptin+metformina 50/850 mg comprimidos,comprimido,1525.8428,2026-09-25,"PAMI, precio de venta al público: VILDAP MET (Casasco)",minorista,,sí,Medicamentos
Vonoprazan 10 mg comprimidos,comprimido,1379.1907,2026-09-25,"PAMI, precio de venta al público: VOGAX (Casasco)",minorista,,sí,Medicamentos
Vonoprazan 20 mg comprimidos,comprimido,1979.6777,2026-09-25,"PAMI, precio de venta al público: VOGAX (Casasco)",minorista,,sí,Medicamentos
Adapaleno 0.1% gel,1 g,711.7660,2026-09-25,"PAMI, precio de venta al público: AXNE 0.1% (Cassarß)",minorista,,sí,Medicamentos
Adapaleno 0.3% gel,1 g,986.1197,2026-09-25,"PAMI, precio de venta al público: AXNE 0.3% (Cassarß)",minorista,,sí,Medicamentos
Budesonide+formoterol 200/6 mcg cápsulas,cápsula,840.4907,2026-09-25,"PAMI, precio de venta al público: NEUMOCORT PLUS (Cassarß)",minorista,,sí,Medicamentos
Desloratadina 5 mg comprimidos,comprimido,700.0000,2026-09-25,"PAMI, precio de venta al público: SINALER (Cassarß)",minorista,,sí,Medicamentos
Fluconazol 150 mg comprimidos,comprimido,5632.5850,2026-09-25,"PAMI, precio de venta al público: FLUCODERM (Cassarß)",minorista,,sí,Medicamentos
"Fusídico,ác. 2% crema",1 g,566.6440,2026-09-25,"PAMI, precio de venta al público: FUSIMED (Cassarß)",minorista,,sí,Medicamentos
Hidrocortisona 1% crema,1 g,287.3860,2026-09-25,"PAMI, precio de venta al público: ALFACORT (Cassarß)",minorista,,sí,Medicamentos
Imiquimod 5% crema,1 g,4528.3610,2026-09-25,"PAMI, precio de venta al público: MODULCASS (Cassarß)",minorista,,sí,Medicamentos
Imiquimod 5% crema,1 g,6231.3967,2026-09-25,"PAMI, precio de venta al público: MODULCASS (Cassarß)",minorista,,sí,Medicamentos
Meprednisona 40 mg comprimidos,comprimido,2158.4200,2026-09-25,"PAMI, precio de venta al público: DELTACORT (Cassarß)",minorista,,sí,Medicamentos
Metronidazol 1% crema,1 g,400.8243,2026-09-25,"PAMI, precio de venta al público: METRAL (Cassarß)",minorista,,sí,Medicamentos
Moxifloxacina 400 mg comprimidos,comprimido,3872.3590,2026-09-25,"PAMI, precio de venta al público: MOXIBASE (Cassarß)",minorista,,sí,Medicamentos
Tretinoína 0.005% crema,1 g,433.3070,2026-09-25,"PAMI, precio de venta al público: NEOTRETIN D (Cassarß)",minorista,,sí,Medicamentos
Tretinoína 0.025% crema,1 g,474.7603,2026-09-25,"PAMI, precio de venta al público: NEOTRETIN M (Cassarß)",minorista,,sí,Medicamentos
Tretinoína 0.050% crema,1 g,533.1597,2026-09-25,"PAMI, precio de venta al público: NEOTRETIN F (Cassarß)",minorista,,sí,Medicamentos
Aripiprazol 10 mg comprimidos,comprimido,1054.7250,2026-09-25,"PAMI, precio de venta al público: ARINOVA (Celnova Argenti)",minorista,,sí,Medicamentos
Aripiprazol 15 mg comprimidos,comprimido,1443.0675,2026-09-25,"PAMI, precio de venta al público: ARINOVA (Celnova Argenti)",minorista,,sí,Medicamentos
Aripiprazol 5 mg comprimidos,comprimido,861.4675,2026-09-25,"PAMI, precio de venta al público: ARINOVA (Celnova Argenti)",minorista,,sí,Medicamentos
Dapagliflozina 10 mg comprimidos,comprimido,2328.0603,2026-09-25,"PAMI, precio de venta al público: DPG (Celnova Argenti)",minorista,,sí,Medicamentos
Donepezilo 10 mg comprimidos,comprimido,1741.1637,2026-09-25,"PAMI, precio de venta al público: DONENOVA (Celnova Argenti)",minorista,,sí,Medicamentos
Donepezilo 5 mg comprimidos,comprimido,1378.4203,2026-09-25,"PAMI, precio de venta al público: DONENOVA (Celnova Argenti)",minorista,,sí,Medicamentos
Escitalopram 10 mg comprimidos,comprimido,1308.2911,2026-09-25,"PAMI, precio de venta al público: ESCITANOVA (Celnova Argenti)",minorista,,sí,Medicamentos
Escitalopram 20 mg comprimidos,comprimido,2409.6386,2026-09-25,"PAMI, precio de venta al público: ESCITANOVA (Celnova Argenti)",minorista,,sí,Medicamentos
Levetiracetam 1000 mg comprimidos,comprimido,5607.5887,2026-09-25,"PAMI, precio de venta al público: LEVENOVA (Celnova Argenti)",minorista,,sí,Medicamentos
Levetiracetam 500 mg comprimidos,comprimido,2591.6467,2026-09-25,"PAMI, precio de venta al público: LEVENOVA (Celnova Argenti)",minorista,,sí,Medicamentos
Levomepromazina 25 mg comprimidos,comprimido,745.1520,2026-09-25,"PAMI, precio de venta al público: NOZINAN (Celnova Argenti)",minorista,,sí,Medicamentos
Olanzapina 10 mg comprimidos,comprimido,5801.2071,2026-09-25,"PAMI, precio de venta al público: OLANZANOVA (Celnova Argenti)",minorista,,sí,Medicamentos
Olanzapina 5 mg comprimidos,comprimido,2929.4104,2026-09-25,"PAMI, precio de venta al público: OLANZANOVA (Celnova Argenti)",minorista,,sí,Medicamentos
Quetiapina 25 mg comprimidos,comprimido,1542.1080,2026-09-25,"PAMI, precio de venta al público: QUETIANOVA (Celnova Argenti)",minorista,,sí,Medicamentos
Sertralina 100 mg comprimidos,comprimido,1641.0523,2026-09-25,"PAMI, precio de venta al público: SERTRANOVA (Celnova Argenti)",minorista,,sí,Medicamentos
Sertralina 50 mg comprimidos,comprimido,875.9273,2026-09-25,"PAMI, precio de venta al público: SERTRANOVA (Celnova Argenti)",minorista,,sí,Medicamentos
Vildagliptin 50 mg comprimidos,comprimido,2204.1782,2026-09-25,"PAMI, precio de venta al público: GALVUS (Celnova Argenti)",minorista,,sí,Medicamentos
Vildagliptin 50 mg comprimidos,comprimido,2150.8786,2026-09-25,"PAMI, precio de venta al público: GALVUS (Celnova Argenti)",minorista,,sí,Medicamentos
Vildagliptin+metformina 50/1000 mg comprimidos,comprimido,2784.8350,2026-09-25,"PAMI, precio de venta al público: GALVUS MET (Celnova Argenti)",minorista,,sí,Medicamentos
Vildagliptin+metformina 50/1000 mg comprimidos,comprimido,2634.2930,2026-09-25,"PAMI, precio de venta al público: GALVUS MET (Celnova Argenti)",minorista,,sí,Medicamentos
Vildagliptin+metformina 50/500 mg comprimidos,comprimido,2448.6263,2026-09-25,"PAMI, precio de venta al público: GALVUS MET (Celnova Argenti)",minorista,,sí,Medicamentos
Vildagliptin+metformina 50/500 mg comprimidos,comprimido,2307.6723,2026-09-25,"PAMI, precio de venta al público: GALVUS MET (Celnova Argenti)",minorista,,sí,Medicamentos
Vildagliptin+metformina 50/850 mg comprimidos,comprimido,2448.6263,2026-09-25,"PAMI, precio de venta al público: GALVUS MET (Celnova Argenti)",minorista,,sí,Medicamentos
Vildagliptin+metformina 50/850 mg comprimidos,comprimido,2307.6723,2026-09-25,"PAMI, precio de venta al público: GALVUS MET (Celnova Argenti)",minorista,,sí,Medicamentos
Alprazolam 0.5 mg comprimidos,comprimido,254.6945,2026-09-25,"PAMI, precio de venta al público: BESTROL (Cetus)",minorista,,sí,Medicamentos
Alprazolam 0.5 mg comprimidos,comprimido,214.2573,2026-09-25,"PAMI, precio de venta al público: BESTROL (Cetus)",minorista,,sí,Medicamentos
Alprazolam 0.5 mg comprimidos,comprimido,194.0507,2026-09-25,"PAMI, precio de venta al público: BESTROL (Cetus)",minorista,,sí,Medicamentos
Alprazolam 1 mg comprimidos,comprimido,432.7845,2026-09-25,"PAMI, precio de venta al público: BESTROL (Cetus)",minorista,,sí,Medicamentos
Alprazolam 1 mg comprimidos,comprimido,346.7373,2026-09-25,"PAMI, precio de venta al público: BESTROL (Cetus)",minorista,,sí,Medicamentos
Alprazolam 1 mg comprimidos,comprimido,322.6910,2026-09-25,"PAMI, precio de venta al público: BESTROL (Cetus)",minorista,,sí,Medicamentos
Diazepam 10 mg comprimidos,comprimido,510.3965,2026-09-25,"PAMI, precio de venta al público: CUADEL (Cetus)",minorista,,sí,Medicamentos
Diazepam 5 mg comprimidos,comprimido,387.4420,2026-09-25,"PAMI, precio de venta al público: CUADEL (Cetus)",minorista,,sí,Medicamentos
Sertralina 100 mg comprimidos,comprimido,18.8790,2026-09-25,"PAMI, precio de venta al público: BICROMIL (Cetus)",minorista,,sí,Medicamentos
Sertralina 50 mg comprimidos,comprimido,1180.0337,2026-09-25,"PAMI, precio de venta al público: BICROMIL (Cetus)",minorista,,sí,Medicamentos
Atorvastatín 10 mg comprimidos,comprimido,1383.8473,2026-09-25,"PAMI, precio de venta al público: PLAN (Craveri)",minorista,,sí,Medicamentos
Atorvastatín 20 mg comprimidos,comprimido,2247.1483,2026-09-25,"PAMI, precio de venta al público: PLAN (Craveri)",minorista,,sí,Medicamentos
Carvedilol 12.5 mg comprimidos,comprimido,587.4717,2026-09-25,"PAMI, precio de venta al público: ANTIBLOC 12.5 (Craveri)",minorista,,sí,Medicamentos
Carvedilol 25 mg comprimidos,comprimido,721.2227,2026-09-25,"PAMI, precio de venta al público: ANTIBLOC 25 (Craveri)",minorista,,sí,Medicamentos
Carvedilol 6.25 mg comprimidos,comprimido,463.2720,2026-09-25,"PAMI, precio de venta al público: ANTIBLOC 6.25 (Craveri)",minorista,,sí,Medicamentos
Clopidogrel 75 mg comprimidos,comprimido,51.1397,2026-09-25,"PAMI, precio de venta al público: DANIR (Craveri)",minorista,,sí,Medicamentos
Doxilamina+piridoxina 10/10 mg cápsulas,cápsula,1216.0553,2026-09-25,"PAMI, precio de venta al público: TONVAL (Craveri)",minorista,,sí,Medicamentos
Fluconazol 150 mg comprimidos,comprimido,8224.5750,2026-09-25,"PAMI, precio de venta al público: FLUCONAL (Craveri)",minorista,,sí,Medicamentos
Fluconazol 150 mg comprimidos,comprimido,6712.9350,2026-09-25,"PAMI, precio de venta al público: FLUCONAL (Craveri)",minorista,,sí,Medicamentos
Gabapentin 300 mg comprimidos,comprimido,1408.0047,2026-09-25,"PAMI, precio de venta al público: LOGISTIC (Craveri)",minorista,,sí,Medicamentos
Gabapentin 300 mg comprimidos,comprimido,1263.2387,2026-09-25,"PAMI, precio de venta al público: LOGISTIC (Craveri)",minorista,,sí,Medicamentos
Gabapentin 600 mg comprimidos,comprimido,1730.6540,2026-09-25,"PAMI, precio de venta al público: LOGISTIC (Craveri)",minorista,,sí,Medicamentos
Glibenclamida 5 mg comprimidos,comprimido,9.8268,2026-09-25,"PAMI, precio de venta al público: BENCLAMID (Craveri)",minorista,,sí,Medicamentos
Glimepiride 2 mg comprimidos,comprimido,593.5780,2026-09-25,"PAMI, precio de venta al público: ISLOPIR (Craveri)",minorista,,sí,Medicamentos
Glimepiride 4 mg comprimidos,comprimido,1169.7173,2026-09-25,"PAMI, precio de venta al público: ISLOPIR (Craveri)",minorista,,sí,Medicamentos
Leflunomida 20 mg comprimidos,comprimido,1679.6750,2026-09-25,"PAMI, precio de venta al público: FLUDART (Craveri)",minorista,,sí,Medicamentos
Meloxicam 15 mg comprimidos,comprimido,40.4285,2026-09-25,"PAMI, precio de venta al público: DOMINADOL (Craveri)",minorista,,sí,Medicamentos
Metformina 1000 mg comprimidos,comprimido,31.0950,2026-09-25,"PAMI, precio de venta al público: ISLOTIN 1000 (Craveri)",minorista,,sí,Medicamentos
Metformina 1000 mg comprimidos,comprimido,26.3128,2026-09-25,"PAMI, precio de venta al público: ISLOTIN 1000 (Craveri)",minorista,,sí,Medicamentos
Metronidazol 0.8% gel,1 g,902.0820,2026-09-25,"PAMI, precio de venta al público: METROLOCAL (Craveri)",minorista,,sí,Medicamentos
Pregabalina 150 mg cápsulas,cápsula,1628.4486,2026-09-25,"PAMI, precio de venta al público: CLASICA (Craveri)",minorista,,sí,Medicamentos
Pregabalina 150 mg cápsulas,cápsula,1554.4417,2026-09-25,"PAMI, precio de venta al público: CLASICA (Craveri)",minorista,,sí,Medicamentos
Pregabalina 25 mg cápsulas,cápsula,369.1736,2026-09-25,"PAMI, precio de venta al público: CLASICA (Craveri)",minorista,,sí,Medicamentos
Pregabalina 25 mg cápsulas,cápsula,352.5740,2026-09-25,"PAMI, precio de venta al público: CLASICA (Craveri)",minorista,,sí,Medicamentos
Pregabalina 75 mg cápsulas,cápsula,1101.3382,2026-09-25,"PAMI, precio de venta al público: CLASICA (Craveri)",minorista,,sí,Medicamentos
Pregabalina 75 mg cápsulas,cápsula,1054.3343,2026-09-25,"PAMI, precio de venta al público: CLASICA (Craveri)",minorista,,sí,Medicamentos
Repaglinida 1 mg comprimidos,comprimido,344.6403,2026-09-25,"PAMI, precio de venta al público: CRAVENORM (Craveri)",minorista,,sí,Medicamentos
Rosuvastatina 10 mg comprimidos,comprimido,864.4247,2026-09-25,"PAMI, precio de venta al público: LIPOGLUTAREN 10 (Craveri)",minorista,,sí,Medicamentos
Rosuvastatina 20 mg comprimidos,comprimido,1606.9907,2026-09-25,"PAMI, precio de venta al público: LIPOGLUTAREN 20 (Craveri)",minorista,,sí,Medicamentos
Rosuvastatina 5 mg comprimidos,comprimido,676.6580,2026-09-25,"PAMI, precio de venta al público: LIPOGLUTAREN 5 (Craveri)",minorista,,sí,Medicamentos
Sildenafil 50 mg comprimidos masticables,comprimido,1994.5100,2026-09-25,"PAMI, precio de venta al público: FIRMEL (Craveri)",minorista,,sí,Medicamentos
Solifenacina 10 mg comprimidos,comprimido,1818.5497,2026-09-25,"PAMI, precio de venta al público: SOLICINA (Craveri)",minorista,,sí,Medicamentos
Solifenacina 5 mg comprimidos,comprimido,1609.2887,2026-09-25,"PAMI, precio de venta al público: SOLICINA (Craveri)",minorista,,sí,Medicamentos
Tibolona 2.5 mg comprimidos,comprimido,1001.4610,2026-09-25,"PAMI, precio de venta al público: KLIMASTRESS (Craveri)",minorista,,sí,Medicamentos
Trimebutina 200 mg comprimidos,comprimido,664.1345,2026-09-25,"PAMI, precio de venta al público: BIORGAN (Craveri)",minorista,,sí,Medicamentos
Trimebutina 200 mg comprimidos,comprimido,588.5477,2026-09-25,"PAMI, precio de venta al público: BIORGAN (Craveri)",minorista,,sí,Medicamentos
Trimebutina 300 mg comprimidos,comprimido,916.2330,2026-09-25,"PAMI, precio de venta al público: BIORGAN AP (Craveri)",minorista,,sí,Medicamentos
Trimebutina+simeticona 200/120 mg comprimidos,comprimido,891.0040,2026-09-25,"PAMI, precio de venta al público: BIORGAN S (Craveri)",minorista,,sí,Medicamentos
Trimebutina+simeticona 200/120 mg comprimidos,comprimido,819.9122,2026-09-25,"PAMI, precio de venta al público: BIORGAN S (Craveri)",minorista,,sí,Medicamentos
Troxerrutina+escina 500 mg comprimidos,comprimido,1023.2785,2026-09-25,"PAMI, precio de venta al público: TROXEVEN FORTE (Craveri)",minorista,,sí,Medicamentos
Troxerrutina+escina 500 mg comprimidos,comprimido,881.3288,2026-09-25,"PAMI, precio de venta al público: TROXEVEN FORTE (Craveri)",minorista,,sí,Medicamentos
Acetilcisteína 600 mg sobres,sobre,1450.4920,2026-09-25,"PAMI, precio de venta al público: DENVERMUC 600 (Denver Farma)",minorista,,sí,Medicamentos
Alprazolam 0.5 mg comprimidos,comprimido,160.1535,2026-09-25,"PAMI, precio de venta al público: ALPRAZOLAM DENVER FARMA (Denver Farma)",minorista,,sí,Medicamentos
Alprazolam 1 mg comprimidos,comprimido,255.7390,2026-09-25,"PAMI, precio de venta al público: ALPRAZOLAM DENVER FARMA (Denver Farma)",minorista,,sí,Medicamentos
Alprazolam 2 mg comprimidos,comprimido,15.6607,2026-09-25,"PAMI, precio de venta al público: ALPRAZOLAM DENVER FARMA (Denver Farma)",minorista,,sí,Medicamentos
Alprazolam 2 mg comprimidos,comprimido,401.6525,2026-09-25,"PAMI, precio de venta al público: ALPRAZOLAM DENVER FARMA (Denver Farma)",minorista,,sí,Medicamentos
Amlodipina 10 mg comprimidos,comprimido,88.2267,2026-09-25,"PAMI, precio de venta al público: AMLODIPINA DENVER FARMA (Denver Farma)",minorista,,sí,Medicamentos
Atorvastatín 10 mg comprimidos,comprimido,1221.2613,2026-09-25,"PAMI, precio de venta al público: LIPOSTOP (Denver Farma)",minorista,,sí,Medicamentos
Atorvastatín 20 mg comprimidos,comprimido,1801.2370,2026-09-25,"PAMI, precio de venta al público: LIPOSTOP (Denver Farma)",minorista,,sí,Medicamentos
Betametasona 0.1% crema,1 g,30.7867,2026-09-25,"PAMI, precio de venta al público: DENVERCORT (Denver Farma)",minorista,,sí,Medicamentos
Carbamazepina 200 mg comprimidos,comprimido,562.8187,2026-09-25,"PAMI, precio de venta al público: CARBAMAZEPINA DENVER FARMA (Denver Farma)",minorista,,sí,Medicamentos
Carbamazepina 200 mg comprimidos,comprimido,537.3048,2026-09-25,"PAMI, precio de venta al público: CARBAMAZEPINA DENVER FARMA (Denver Farma)",minorista,,sí,Medicamentos
Carboximetilcelulosa sódica 0.5% colirio,1 ml,1096.3290,2026-09-25,"PAMI, precio de venta al público: ALIVIAMAX (Denver Farma)",minorista,,sí,Medicamentos
Carboximetilcelulosa sódica 1% colirio,1 ml,1255.7370,2026-09-25,"PAMI, precio de venta al público: ALIVIAMAX (Denver Farma)",minorista,,sí,Medicamentos
Carvedilol 12.5 mg comprimidos,comprimido,507.1111,2026-09-25,"PAMI, precio de venta al público: CARDIONORM (Denver Farma)",minorista,,sí,Medicamentos
Carvedilol 25 mg comprimidos,comprimido,595.3196,2026-09-25,"PAMI, precio de venta al público: CARDIONORM (Denver Farma)",minorista,,sí,Medicamentos
Carvedilol 6.25 mg comprimidos,comprimido,424.0214,2026-09-25,"PAMI, precio de venta al público: CARDIONORM (Denver Farma)",minorista,,sí,Medicamentos
Cilostazol 100 mg comprimidos,comprimido,1197.0797,2026-09-25,"PAMI, precio de venta al público: DENCILOX (Denver Farma)",minorista,,sí,Medicamentos
Ciprofloxacina 500 mg comprimidos,comprimido,1559.2010,2026-09-25,"PAMI, precio de venta al público: CIPROFLOXACINA DENVER FARMA (Denver Farma)",minorista,,sí,Medicamentos
Clonazepam 0.5 mg comprimidos,comprimido,258.6918,2026-09-25,"PAMI, precio de venta al público: CLONAZEPAM DENVER FARMA (Denver Farma)",minorista,,sí,Medicamentos
Clonazepam 2 mg comprimidos,comprimido,265.3583,2026-09-25,"PAMI, precio de venta al público: CLONAZEPAM DENVER FARMA (Denver Farma)",minorista,,sí,Medicamentos
"Condroitín,sulfato+glucosamina 1500/1200 mg sobres",sobre,97.6073,2026-09-25,"PAMI, precio de venta al público: GLUCODUO (Denver Farma)",minorista,,sí,Medicamentos
Diclofenac potásico+paracetamol 50/300 mg comprimidos,comprimido,823.3430,2026-09-25,"PAMI, precio de venta al público: PANCLOGESIC (Denver Farma)",minorista,,sí,Medicamentos
Diclofenac potásico+paracetamol 50/300 mg comprimidos,comprimido,737.1770,2026-09-25,"PAMI, precio de venta al público: PANCLOGESIC (Denver Farma)",minorista,,sí,Medicamentos
Diclofenac sódico 75 mg comprimidos,comprimido,38.5420,2026-09-25,"PAMI, precio de venta al público: DICLOFENAC DENVER FARMA (Denver Farma)",minorista,,sí,Medicamentos
Diclofenac sódico 75 mg comprimidos,comprimido,30.3327,2026-09-25,"PAMI, precio de venta al público: DICLOFENAC DENVER FARMA (Denver Farma)",minorista,,sí,Medicamentos
Diclofenac sódico 75 mg/3 ml ampollas,ampolla,2456.5033,2026-09-25,"PAMI, precio de venta al público: DICLOFENAC DENVER FARMA (Denver Farma)",minorista,,sí,Medicamentos
Difenhidramina 50 mg comprimidos,comprimido,454.9505,2026-09-25,"PAMI, precio de venta al público: DIFENHIDRAMINA DENVER FARMA (Denver Farma)",minorista,,sí,Medicamentos
Diosmina+hesperidina micronizada 500 mg comprimidos,comprimido,1081.3900,2026-09-25,"PAMI, precio de venta al público: ALIVIAFLEB (Denver Farma)",minorista,,sí,Medicamentos
Diosmina+hesperidina micronizada 500 mg comprimidos,comprimido,999.7828,2026-09-25,"PAMI, precio de venta al público: ALIVIAFLEB (Denver Farma)",minorista,,sí,Medicamentos
Empagliflozina 10mg comprimidos,comprimido,2482.4720,2026-09-25,"PAMI, precio de venta al público: BECIADIC (Denver Farma)",minorista,,sí,Medicamentos
Empagliflozina 25 mg comprimidos,comprimido,2664.1163,2026-09-25,"PAMI, precio de venta al público: BECIADIC (Denver Farma)",minorista,,sí,Medicamentos
Espironolactona 100 mg comprimidos,comprimido,717.3547,2026-09-25,"PAMI, precio de venta al público: ESPIRONOLACTONA DENVER FARMA (Denver Farma)",minorista,,sí,Medicamentos
Espironolactona 25 mg comprimidos,comprimido,531.7170,2026-09-25,"PAMI, precio de venta al público: ESPIRONOLACTONA DENVER FARMA (Denver Farma)",minorista,,sí,Medicamentos
Fenitoína 100 mg cápsulas,cápsula,721.8330,2026-09-25,"PAMI, precio de venta al público: FENITOINA DENVER FARMA (Denver Farma)",minorista,,sí,Medicamentos
Fenitoína 100 mg cápsulas,cápsula,686.7514,2026-09-25,"PAMI, precio de venta al público: FENITOINA DENVER FARMA (Denver Farma)",minorista,,sí,Medicamentos
Furosemida 40 mg comprimidos,comprimido,393.1212,2026-09-25,"PAMI, precio de venta al público: FUROSEMIDA DENVER FARMA (Denver Farma)",minorista,,sí,Medicamentos
Glucosamina 1500 mg sobres,sobre,31.1770,2026-09-25,"PAMI, precio de venta al público: GLUCOSAMINA DENVER FARMA (Denver Farma)",minorista,,sí,Medicamentos
Losartán 50 mg comprimidos,comprimido,784.1393,2026-09-25,"PAMI, precio de venta al público: TACICUL (Denver Farma)",minorista,,sí,Medicamentos
Losartán+hidroclorotiazida 50/12.5 mg comprimidos,comprimido,942.3280,2026-09-25,"PAMI, precio de venta al público: TACICUL D (Denver Farma)",minorista,,sí,Medicamentos
Meloxicam 15 mg comprimidos,comprimido,1214.7860,2026-09-25,"PAMI, precio de venta al público: MELOXICAM DENVER FARMA (Denver Farma)",minorista,,sí,Medicamentos
Meloxicam 15 mg comprimidos,comprimido,1172.8930,2026-09-25,"PAMI, precio de venta al público: MELOXICAM DENVER FARMA (Denver Farma)",minorista,,sí,Medicamentos
Metformina 1000 mg comprimidos,comprimido,460.0472,2026-09-25,"PAMI, precio de venta al público: GLUCOGOOD (Denver Farma)",minorista,,sí,Medicamentos
Metformina 850 mg comprimidos,comprimido,383.7163,2026-09-25,"PAMI, precio de venta al público: GLUCOGOOD (Denver Farma)",minorista,,sí,Medicamentos
Metformina 850 mg comprimidos,comprimido,377.4583,2026-09-25,"PAMI, precio de venta al público: GLUCOGOOD (Denver Farma)",minorista,,sí,Medicamentos
Metronidazol 500 mg comprimidos,comprimido,570.8175,2026-09-25,"PAMI, precio de venta al público: METRONIDAZOL DENVER FARMA (Denver Farma)",minorista,,sí,Medicamentos
Montelukast 10 mg comprimidos,comprimido,1260.3317,2026-09-25,"PAMI, precio de venta al público: DENVERKAST (Denver Farma)",minorista,,sí,Medicamentos
Montelukast 4 mg comprimidos masticables,comprimido,20.1503,2026-09-25,"PAMI, precio de venta al público: DENVERKAST (Denver Farma)",minorista,,sí,Medicamentos
Montelukast 5 mg comprimidos masticables,comprimido,43.7830,2026-09-25,"PAMI, precio de venta al público: DENVERKAST (Denver Farma)",minorista,,sí,Medicamentos
Nebivolol 5 mg comprimidos,comprimido,653.8689,2026-09-25,"PAMI, precio de venta al público: NEBIVOLOL DENVER FARMA (Denver Farma)",minorista,,sí,Medicamentos
Pregabalina 150 mg cápsulas,cápsula,1976.5617,2026-09-25,"PAMI, precio de venta al público: GAVANEURAL (Denver Farma)",minorista,,sí,Medicamentos
Pregabalina 25 mg cápsulas,cápsula,54.7400,2026-09-25,"PAMI, precio de venta al público: GAVANEURAL (Denver Farma)",minorista,,sí,Medicamentos
Pregabalina 75 mg cápsulas,cápsula,1258.5840,2026-09-25,"PAMI, precio de venta al público: GAVANEURAL (Denver Farma)",minorista,,sí,Medicamentos
Rosuvastatina 10 mg comprimidos,comprimido,44.8475,2026-09-25,"PAMI, precio de venta al público: NONLIPID (Denver Farma)",minorista,,sí,Medicamentos
Rosuvastatina 10 mg comprimidos,comprimido,762.3393,2026-09-25,"PAMI, precio de venta al público: NONLIPID (Denver Farma)",minorista,,sí,Medicamentos
Rosuvastatina 20 mg comprimidos,comprimido,1342.9837,2026-09-25,"PAMI, precio de venta al público: NONLIPID 20 MG (Denver Farma)",minorista,,sí,Medicamentos
Sucralfato 20% suspensión oral,1 ml,91.1906,2026-09-25,"PAMI, precio de venta al público: SUCRALFATO DENVER FARMA (Denver Farma)",minorista,,sí,Medicamentos
Tamsulosina 0.4 mg cápsulas,cápsula,1416.2503,2026-09-25,"PAMI, precio de venta al público: DENVERPROST (Denver Farma)",minorista,,sí,Medicamentos
"Fólico,ác. 1 mg comprimidos",comprimido,327.0013,2026-09-25,"PAMI, precio de venta al público: ACIFOL",minorista,,sí,Medicamentos
"Fólico,ác. 1 mg comprimidos",comprimido,277.9165,2026-09-25,"PAMI, precio de venta al público: ACIFOL",minorista,,sí,Medicamentos
"Fólico,ác. 10 mg comprimidos",comprimido,698.9280,2026-09-25,"PAMI, precio de venta al público: ACIFOL 10",minorista,,sí,Medicamentos
"Fólico,ác. 10 mg comprimidos",comprimido,572.3212,2026-09-25,"PAMI, precio de venta al público: ACIFOL 10",minorista,,sí,Medicamentos
"Fólico,ác. 5 mg comprimidos",comprimido,429.2870,2026-09-25,"PAMI, precio de venta al público: ACIFOL 5",minorista,,sí,Medicamentos
"Fólico,ác. 5 mg comprimidos",comprimido,365.4523,2026-09-25,"PAMI, precio de venta al público: ACIFOL 5",minorista,,sí,Medicamentos
"Hierro,sacarato 100 mg ampollas",ampolla,11099.4420,2026-09-25,"PAMI, precio de venta al público: FERIVE",minorista,,sí,Medicamentos
Itopride 50 mg comprimidos,comprimido,1021.3020,2026-09-25,"PAMI, precio de venta al público: AFLUSAN",minorista,,sí,Medicamentos
Itopride 50 mg comprimidos,comprimido,870.5460,2026-09-25,"PAMI, precio de venta al público: AFLUSAN",minorista,,sí,Medicamentos
Itopride 50 mg comprimidos,comprimido,827.1850,2026-09-25,"PAMI, precio de venta al público: AFLUSAN",minorista,,sí,Medicamentos
Mesalazina 1 g sobres,sobre,4988.3200,2026-09-25,"PAMI, precio de venta al público: 5-ASA 1000",minorista,,sí,Medicamentos
Mesalazina 2 g sobres,sobre,8887.8987,2026-09-25,"PAMI, precio de venta al público: 5-ASA 2000",minorista,,sí,Medicamentos
Mesalazina 4 g sobres,sobre,17849.3227,2026-09-25,"PAMI, precio de venta al público: 5-ASA 4000",minorista,,sí,Medicamentos
Mesalazina 400 mg comprimidos,comprimido,2381.1817,2026-09-25,"PAMI, precio de venta al público: 5-ASA 400",minorista,,sí,Medicamentos
Mesalazina 400 mg comprimidos,comprimido,2263.8177,2026-09-25,"PAMI, precio de venta al público: 5-ASA 400",minorista,,sí,Medicamentos
Mesalazina 400 mg supositorios,supositorio,3272.4830,2026-09-25,"PAMI, precio de venta al público: 5-ASA 400",minorista,,sí,Medicamentos
Mesalazina 400 mg supositorios,supositorio,3122.6647,2026-09-25,"PAMI, precio de venta al público: 5-ASA 400",minorista,,sí,Medicamentos
Mesalazina 500 mg comprimidos,comprimido,2529.7720,2026-09-25,"PAMI, precio de venta al público: 5-ASA 500",minorista,,sí,Medicamentos
Mesalazina 500 mg comprimidos,comprimido,2276.8565,2026-09-25,"PAMI, precio de venta al público: 5-ASA 500",minorista,,sí,Medicamentos
Mesalazina 800 mg comprimidos,comprimido,4047.4413,2026-09-25,"PAMI, precio de venta al público: 5-ASA 800",minorista,,sí,Medicamentos
Mesalazina 800 mg comprimidos,comprimido,3499.7447,2026-09-25,"PAMI, precio de venta al público: 5-ASA 800",minorista,,sí,Medicamentos
Midodrine 2.5 mg comprimidos,comprimido,1463.2770,2026-09-25,"PAMI, precio de venta al público: GUTRON",minorista,,sí,Medicamentos
Midodrine 2.5 mg comprimidos,comprimido,1316.8224,2026-09-25,"PAMI, precio de venta al público: GUTRON",minorista,,sí,Medicamentos
"Pinaverio,bromuro 100 mg comprimidos",comprimido,1177.5920,2026-09-25,"PAMI, precio de venta al público: NULITE",minorista,,sí,Medicamentos
"Pinaverio,bromuro 100 mg comprimidos",comprimido,1083.4617,2026-09-25,"PAMI, precio de venta al público: NULITE",minorista,,sí,Medicamentos
"Pinaverio,bromuro 100 mg comprimidos",comprimido,1029.3053,2026-09-25,"PAMI, precio de venta al público: NULITE",minorista,,sí,Medicamentos
Rifaximina 200 mg comprimidos,comprimido,1035.5775,2026-09-25,"PAMI, precio de venta al público: RIFADOM",minorista,,sí,Medicamentos
Rifaximina 200 mg comprimidos,comprimido,983.7587,2026-09-25,"PAMI, precio de venta al público: RIFADOM",minorista,,sí,Medicamentos
Rifaximina 550 mg comprimidos,comprimido,3009.0450,2026-09-25,"PAMI, precio de venta al público: RIFADOM",minorista,,sí,Medicamentos
Rifaximina 550 mg comprimidos,comprimido,2557.7553,2026-09-25,"PAMI, precio de venta al público: RIFADOM",minorista,,sí,Medicamentos
Rifaximina 550 mg comprimidos,comprimido,2132.4558,2026-09-25,"PAMI, precio de venta al público: RIFADOM",minorista,,sí,Medicamentos
"Sodio,picosulfato+asoc. 10 mg sobres",sobre,63714.1500,2026-09-25,"PAMI, precio de venta al público: NOVOPREP",minorista,,sí,Medicamentos
"Ursodesoxicólico,ác. 150 mg comprimidos",comprimido,1137.1580,2026-09-25,"PAMI, precio de venta al público: DEXO",minorista,,sí,Medicamentos
"Ursodesoxicólico,ác. 300 mg comprimidos",comprimido,1981.5365,2026-09-25,"PAMI, precio de venta al público: DEXO",minorista,,sí,Medicamentos
"Ursodesoxicólico,ác. 300 mg comprimidos",comprimido,1910.5488,2026-09-25,"PAMI, precio de venta al público: DEXO",minorista,,sí,Medicamentos
Etoricoxib 120 mg comprimidos,comprimido,1395.9120,2026-09-25,"PAMI, precio de venta al público: SIATEX (Donato Zurlo)",minorista,,sí,Medicamentos
Etoricoxib 60 mg comprimidos,comprimido,966.5918,2026-09-25,"PAMI, precio de venta al público: SIATEX (Donato Zurlo)",minorista,,sí,Medicamentos
Etoricoxib 90 mg comprimidos,comprimido,1569.1764,2026-09-25,"PAMI, precio de venta al público: SIATEX (Donato Zurlo)",minorista,,sí,Medicamentos
Etoricoxib 90 mg comprimidos,comprimido,1263.7371,2026-09-25,"PAMI, precio de venta al público: SIATEX (Donato Zurlo)",minorista,,sí,Medicamentos
Azitromicina 500 mg comprimidos,comprimido,3275.0400,2026-09-25,"PAMI, precio de venta al público: CLEARSING (Duncan)",minorista,,sí,Medicamentos
Bromazepam 3 mg comprimidos,comprimido,50.1465,2026-09-25,"PAMI, precio de venta al público: NULASTRES (Duncan)",minorista,,sí,Medicamentos
Bromazepam 3 mg comprimidos,comprimido,41.1304,2026-09-25,"PAMI, precio de venta al público: NULASTRES (Duncan)",minorista,,sí,Medicamentos
Bromazepam 6 mg comprimidos,comprimido,64.4815,2026-09-25,"PAMI, precio de venta al público: NULASTRES (Duncan)",minorista,,sí,Medicamentos
Bromazepam 6 mg comprimidos,comprimido,54.8236,2026-09-25,"PAMI, precio de venta al público: NULASTRES (Duncan)",minorista,,sí,Medicamentos
Ciprofloxacina 500 mg comprimidos,comprimido,1696.2250,2026-09-25,"PAMI, precio de venta al público: CIPROFLOXACINA DUNCAN (Duncan)",minorista,,sí,Medicamentos
Enalapril 10 mg comprimidos,comprimido,311.6707,2026-09-25,"PAMI, precio de venta al público: ENALDUN (Duncan)",minorista,,sí,Medicamentos
Enalapril 10 mg comprimidos,comprimido,265.7758,2026-09-25,"PAMI, precio de venta al público: ENALDUN (Duncan)",minorista,,sí,Medicamentos
Enalapril 20 mg comprimidos,comprimido,394.1647,2026-09-25,"PAMI, precio de venta al público: ENALDUN (Duncan)",minorista,,sí,Medicamentos
Enalapril 20 mg comprimidos,comprimido,75.1173,2026-09-25,"PAMI, precio de venta al público: ENALDUN (Duncan)",minorista,,sí,Medicamentos
Enalapril 5 mg comprimidos,comprimido,224.3593,2026-09-25,"PAMI, precio de venta al público: ENALDUN (Duncan)",minorista,,sí,Medicamentos
Gemfibrozil 600 mg comprimidos,comprimido,880.9347,2026-09-25,"PAMI, precio de venta al público: GEDUN (Duncan)",minorista,,sí,Medicamentos
Sulfametoxazol+trimetoprima 800/160 mg comprimidos,comprimido,1192.3150,2026-09-25,"PAMI, precio de venta al público: NETOCUR (Duncan)",minorista,,sí,Medicamentos
Amlodipina 10 mg comprimidos,comprimido,484.2393,2026-09-25,"PAMI, precio de venta al público: AMLODISANE (Eczane)",minorista,,sí,Medicamentos
Amlodipina 5 mg comprimidos,comprimido,370.6080,2026-09-25,"PAMI, precio de venta al público: AMLODISANE (Eczane)",minorista,,sí,Medicamentos
Bisoprolol 10 mg comprimidos,comprimido,773.9083,2026-09-25,"PAMI, precio de venta al público: PROBLOCK (Eczane)",minorista,,sí,Medicamentos
Bisoprolol 2.5 mg comprimidos,comprimido,292.5503,2026-09-25,"PAMI, precio de venta al público: PROBLOCK (Eczane)",minorista,,sí,Medicamentos
Bisoprolol 5 mg comprimidos,comprimido,515.5580,2026-09-25,"PAMI, precio de venta al público: PROBLOCK (Eczane)",minorista,,sí,Medicamentos
Candesartán cilexetil 16 mg comprimidos,comprimido,2261.0147,2026-09-25,"PAMI, precio de venta al público: CANDESAN 16 (Eczane)",minorista,,sí,Medicamentos
Candesartán cilexetil 32 mg comprimidos,comprimido,3903.4780,2026-09-25,"PAMI, precio de venta al público: CANDESAN 32 (Eczane)",minorista,,sí,Medicamentos
Candesartán cilexetil 8 mg comprimidos,comprimido,1507.5867,2026-09-25,"PAMI, precio de venta al público: CANDESAN 8 (Eczane)",minorista,,sí,Medicamentos
Cilostazol 100 mg comprimidos,comprimido,1119.1473,2026-09-25,"PAMI, precio de venta al público: CILOSTANE (Eczane)",minorista,,sí,Medicamentos
Cilostazol 100 mg comprimidos,comprimido,557.0093,2026-09-25,"PAMI, precio de venta al público: CILOSTANE (Eczane)",minorista,,sí,Medicamentos
Cilostazol 50 mg comprimidos,comprimido,609.0593,2026-09-25,"PAMI, precio de venta al público: CILOSTANE (Eczane)",minorista,,sí,Medicamentos
Clonazepam 0.5 mg comprimidos,comprimido,235.5757,2026-09-25,"PAMI, precio de venta al público: CLONADANE (Eczane)",minorista,,sí,Medicamentos
Clonazepam 0.5 mg comprimidos,comprimido,237.6432,2026-09-25,"PAMI, precio de venta al público: CLONADANE (Eczane)",minorista,,sí,Medicamentos
Clonazepam 1 mg comprimidos,comprimido,303.9580,2026-09-25,"PAMI, precio de venta al público: CLONADANE (Eczane)",minorista,,sí,Medicamentos
Clonazepam 1 mg comprimidos,comprimido,206.1287,2026-09-25,"PAMI, precio de venta al público: CLONADANE (Eczane)",minorista,,sí,Medicamentos
Clonazepam 2 mg comprimidos,comprimido,287.9253,2026-09-25,"PAMI, precio de venta al público: CLONADANE (Eczane)",minorista,,sí,Medicamentos
Clonazepam 2 mg comprimidos,comprimido,219.2162,2026-09-25,"PAMI, precio de venta al público: CLONADANE (Eczane)",minorista,,sí,Medicamentos
Dexlansoprazol 30 mg cápsulas,cápsula,1255.3177,2026-09-25,"PAMI, precio de venta al público: DEXPRANE (Eczane)",minorista,,sí,Medicamentos
Dexlansoprazol 60 mg cápsulas,cápsula,1793.0610,2026-09-25,"PAMI, precio de venta al público: DEXPRANE (Eczane)",minorista,,sí,Medicamentos
Diclofenac sódico 50 mg comprimidos,comprimido,366.7680,2026-09-25,"PAMI, precio de venta al público: ACLOXIGENAC (Eczane)",minorista,,sí,Medicamentos
Diclofenac sódico 50 mg comprimidos,comprimido,252.6813,2026-09-25,"PAMI, precio de venta al público: ACLOXIGENAC (Eczane)",minorista,,sí,Medicamentos
Domperidona 10 mg comprimidos,comprimido,440.6150,2026-09-25,"PAMI, precio de venta al público: ESTOCALM (Eczane)",minorista,,sí,Medicamentos
Domperidona 10 mg comprimidos,comprimido,422.9880,2026-09-25,"PAMI, precio de venta al público: ESTOCALM (Eczane)",minorista,,sí,Medicamentos
Escitalopram 10 mg comprimidos,comprimido,1233.3320,2026-09-25,"PAMI, precio de venta al público: PROCITAL 10 (Eczane)",minorista,,sí,Medicamentos
Escitalopram 20 mg comprimidos,comprimido,2095.3657,2026-09-25,"PAMI, precio de venta al público: PROCITAL 20 (Eczane)",minorista,,sí,Medicamentos
Etoricoxib 90 mg comprimidos,comprimido,1596.8500,2026-09-25,"PAMI, precio de venta al público: OXUS 90 (Eczane)",minorista,,sí,Medicamentos
Etoricoxib 90 mg comprimidos,comprimido,1417.9350,2026-09-25,"PAMI, precio de venta al público: OXUS 90 (Eczane)",minorista,,sí,Medicamentos
Fenofibrato micronizado 200 mg cápsulas,cápsula,1085.8637,2026-09-25,"PAMI, precio de venta al público: FENOSANE (Eczane)",minorista,,sí,Medicamentos
Ibuprofeno 600 mg comprimidos,comprimido,638.6220,2026-09-25,"PAMI, precio de venta al público: IBUZANE (Eczane)",minorista,,sí,Medicamentos
Ibuprofeno 600 mg comprimidos,comprimido,574.7545,2026-09-25,"PAMI, precio de venta al público: IBUZANE (Eczane)",minorista,,sí,Medicamentos
Itopride 50 mg comprimidos,comprimido,1384.5550,2026-09-25,"PAMI, precio de venta al público: ITOPLUS (Eczane)",minorista,,sí,Medicamentos
Itopride 50 mg comprimidos,comprimido,546.7317,2026-09-25,"PAMI, precio de venta al público: ITOPLUS (Eczane)",minorista,,sí,Medicamentos
Itopride 50 mg comprimidos,comprimido,467.9322,2026-09-25,"PAMI, precio de venta al público: ITOPLUS (Eczane)",minorista,,sí,Medicamentos
Loperamida 2 mg comprimidos,comprimido,474.2200,2026-09-25,"PAMI, precio de venta al público: LOVOPREN (Eczane)",minorista,,sí,Medicamentos
Losartán 100 mg comprimidos,comprimido,901.3173,2026-09-25,"PAMI, precio de venta al público: TARCANE (Eczane)",minorista,,sí,Medicamentos
Losartán 50 mg comprimidos,comprimido,727.4557,2026-09-25,"PAMI, precio de venta al público: TARCANE (Eczane)",minorista,,sí,Medicamentos
Mesalazina 500mg comprimidos,comprimido,1488.3850,2026-09-25,"PAMI, precio de venta al público: NUMALAZINA (Eczane)",minorista,,sí,Medicamentos
Mesalazina 500mg comprimidos,comprimido,1612.9108,2026-09-25,"PAMI, precio de venta al público: NUMALAZINA (Eczane)",minorista,,sí,Medicamentos
Metotrexato 10 mg comprimidos,comprimido,1474.6480,2026-09-25,"PAMI, precio de venta al público: METOTREXANE (Eczane)",minorista,,sí,Medicamentos
Metotrexato 15 mg comprimidos,comprimido,3642.3650,2026-09-25,"PAMI, precio de venta al público: METOTREXANE (Eczane)",minorista,,sí,Medicamentos
Metotrexato 2.5 mg comprimidos,comprimido,416.6685,2026-09-25,"PAMI, precio de venta al público: METOTREXANE (Eczane)",minorista,,sí,Medicamentos
Metotrexato 7.5 mg comprimidos,comprimido,1463.1150,2026-09-25,"PAMI, precio de venta al público: METOTREXANE (Eczane)",minorista,,sí,Medicamentos
Nebivolol 10 mg comprimidos,comprimido,578.8289,2026-09-25,"PAMI, precio de venta al público: NEOBLOCK 10 (Eczane)",minorista,,sí,Medicamentos
Nebivolol 5 mg comprimidos,comprimido,610.8832,2026-09-25,"PAMI, precio de venta al público: NEOBLOCK 5 (Eczane)",minorista,,sí,Medicamentos
Paracetamol 1 g comprimidos,comprimido,303.2430,2026-09-25,"PAMI, precio de venta al público: PARAXAMOL 1 G (Eczane)",minorista,,sí,Medicamentos
Rifaximina 200 mg comprimidos,comprimido,1193.2750,2026-09-25,"PAMI, precio de venta al público: RIFAMAX (Eczane)",minorista,,sí,Medicamentos
Rifaximina 200 mg comprimidos,comprimido,933.9700,2026-09-25,"PAMI, precio de venta al público: RIFAMAX (Eczane)",minorista,,sí,Medicamentos
Rifaximina 200 mg comprimidos,comprimido,976.8997,2026-09-25,"PAMI, precio de venta al público: RIFAMAX (Eczane)",minorista,,sí,Medicamentos
Rifaximina 550 mg comprimidos,comprimido,2517.4933,2026-09-25,"PAMI, precio de venta al público: RIFAMAX (Eczane)",minorista,,sí,Medicamentos
Rosuvastatina 10 mg comprimidos,comprimido,513.4707,2026-09-25,"PAMI, precio de venta al público: ROVASTANE (Eczane)",minorista,,sí,Medicamentos
Rosuvastatina 20 mg comprimidos,comprimido,951.2197,2026-09-25,"PAMI, precio de venta al público: ROVASTANE (Eczane)",minorista,,sí,Medicamentos
Telmisartán 40 mg comprimidos,comprimido,945.5418,2026-09-25,"PAMI, precio de venta al público: MITEX (Eczane)",minorista,,sí,Medicamentos
Telmisartán 80 mg comprimidos,comprimido,1472.7818,2026-09-25,"PAMI, precio de venta al público: MITEX (Eczane)",minorista,,sí,Medicamentos
"Tióctico,ác. 600 mg comprimidos",comprimido,102.7043,2026-09-25,"PAMI, precio de venta al público: THIOGAMMA 600 ORAL (Eczane)",minorista,,sí,Medicamentos
"Ursodesoxicólico,ác. 300 mg comprimidos",comprimido,1109.8687,2026-09-25,"PAMI, precio de venta al público: URDECOLE (Eczane)",minorista,,sí,Medicamentos
"Ursodesoxicólico,ác. 300 mg comprimidos",comprimido,1163.3070,2026-09-25,"PAMI, precio de venta al público: URDECOLE (Eczane)",minorista,,sí,Medicamentos
"Ursodesoxicólico,ác. 500 mg comprimidos",comprimido,1605.0347,2026-09-25,"PAMI, precio de venta al público: URDECOLE (Eczane)",minorista,,sí,Medicamentos
Alendronato 70 mg comprimidos,comprimido,6797.2250,2026-09-25,"PAMI, precio de venta al público: REGENESIS (Elea)",minorista,,sí,Medicamentos
Amantadina 100 mg comprimidos,comprimido,957.8350,2026-09-25,"PAMI, precio de venta al público: VIROSOL (Elea)",minorista,,sí,Medicamentos
Amantadina 100 mg comprimidos,comprimido,904.0770,2026-09-25,"PAMI, precio de venta al público: VIROSOL (Elea)",minorista,,sí,Medicamentos
"Amlodipina+losartán,potásico 100/5 mg comprimidos",comprimido,1319.5743,2026-09-25,"PAMI, precio de venta al público: FENSARTAN UNIMAX (Elea)",minorista,,sí,Medicamentos
"Amlodipina+losartán,potásico 50/5 mg comprimidos",comprimido,1241.5810,2026-09-25,"PAMI, precio de venta al público: FENSARTAN UNIMAX (Elea)",minorista,,sí,Medicamentos
"Amoxicilina+clavulánico,ác. 1 g comprimidos",comprimido,1731.2050,2026-09-25,"PAMI, precio de venta al público: CLAVULOX (Elea)",minorista,,sí,Medicamentos
"Amoxicilina+clavulánico,ác. 400 mg/5 ml suspensión oral",1 ml,213.0863,2026-09-25,"PAMI, precio de venta al público: CLAVULOX DUO (Elea)",minorista,,sí,Medicamentos
"Amoxicilina+clavulánico,ác. 500 mg comprimidos",comprimido,1722.2279,2026-09-25,"PAMI, precio de venta al público: CLAVULOX (Elea)",minorista,,sí,Medicamentos
Atorvastatín 10 mg comprimidos,comprimido,1427.1017,2026-09-25,"PAMI, precio de venta al público: ZARATOR (Elea)",minorista,,sí,Medicamentos
Atorvastatín 10 mg comprimidos,comprimido,1196.9573,2026-09-25,"PAMI, precio de venta al público: ZARATOR (Elea)",minorista,,sí,Medicamentos
Atorvastatín 20 mg comprimidos,comprimido,2416.4813,2026-09-25,"PAMI, precio de venta al público: ZARATOR (Elea)",minorista,,sí,Medicamentos
Atorvastatín 20 mg comprimidos,comprimido,2104.4545,2026-09-25,"PAMI, precio de venta al público: ZARATOR (Elea)",minorista,,sí,Medicamentos
Atorvastatín 40 mg comprimidos,comprimido,2697.1620,2026-09-25,"PAMI, precio de venta al público: ZARATOR (Elea)",minorista,,sí,Medicamentos
Atorvastatín+ezetimibe 10/10mg comprimidos,comprimido,1573.7760,2026-09-25,"PAMI, precio de venta al público: ZARATOR PLUS (Elea)",minorista,,sí,Medicamentos
Atorvastatín+ezetimibe 20/10mg comprimidos,comprimido,2135.7890,2026-09-25,"PAMI, precio de venta al público: ZARATOR PLUS (Elea)",minorista,,sí,Medicamentos
Azitromicina 500 mg comprimidos,comprimido,4705.4767,2026-09-25,"PAMI, precio de venta al público: CRONOPEN (Elea)",minorista,,sí,Medicamentos
Azitromicina 500 mg comprimidos,comprimido,3248.6980,2026-09-25,"PAMI, precio de venta al público: CRONOPEN (Elea)",minorista,,sí,Medicamentos
Azitromicina 500 mg comprimidos,comprimido,3235.5450,2026-09-25,"PAMI, precio de venta al público: CRONOPEN (Elea)",minorista,,sí,Medicamentos
Benznidazol 100 mg comprimidos,comprimido,1127.1847,2026-09-25,"PAMI, precio de venta al público: ABARAX (Elea)",minorista,,sí,Medicamentos
Benznidazol 50 mg comprimidos,comprimido,692.4538,2026-09-25,"PAMI, precio de venta al público: ABARAX (Elea)",minorista,,sí,Medicamentos
Candesartán cilexetil 16 mg comprimidos,comprimido,2931.3173,2026-09-25,"PAMI, precio de venta al público: DACTEN (Elea)",minorista,,sí,Medicamentos
Candesartán cilexetil 16 mg comprimidos,comprimido,3034.1190,2026-09-25,"PAMI, precio de venta al público: DACTEN (Elea)",minorista,,sí,Medicamentos
Candesartán cilexetil 8 mg comprimidos,comprimido,2015.7960,2026-09-25,"PAMI, precio de venta al público: DACTEN (Elea)",minorista,,sí,Medicamentos
Candesartán cilexetil 8 mg comprimidos,comprimido,2034.3893,2026-09-25,"PAMI, precio de venta al público: DACTEN (Elea)",minorista,,sí,Medicamentos
Carvedilol 10 mg cápsulas,cápsula,561.0330,2026-09-25,"PAMI, precio de venta al público: VERATEN UD (Elea)",minorista,,sí,Medicamentos
Carvedilol 12.5 mg comprimidos,comprimido,40.2893,2026-09-25,"PAMI, precio de venta al público: VERATEN (Elea)",minorista,,sí,Medicamentos
Carvedilol 12.5 mg comprimidos,comprimido,619.4863,2026-09-25,"PAMI, precio de venta al público: VERATEN (Elea)",minorista,,sí,Medicamentos
Carvedilol 20 mg cápsulas,cápsula,888.1707,2026-09-25,"PAMI, precio de venta al público: VERATEN UD (Elea)",minorista,,sí,Medicamentos
Carvedilol 25 mg comprimidos,comprimido,48.5354,2026-09-25,"PAMI, precio de venta al público: VERATEN (Elea)",minorista,,sí,Medicamentos
Carvedilol 25 mg comprimidos,comprimido,746.2360,2026-09-25,"PAMI, precio de venta al público: VERATEN (Elea)",minorista,,sí,Medicamentos
Carvedilol 3.125 mg comprimidos,comprimido,271.8407,2026-09-25,"PAMI, precio de venta al público: VERATEN (Elea)",minorista,,sí,Medicamentos
Carvedilol 40 mg cápsulas,cápsula,1111.3973,2026-09-25,"PAMI, precio de venta al público: VERATEN UD (Elea)",minorista,,sí,Medicamentos
Carvedilol 6.25 mg comprimidos,comprimido,32.2296,2026-09-25,"PAMI, precio de venta al público: VERATEN (Elea)",minorista,,sí,Medicamentos
Carvedilol 6.25 mg comprimidos,comprimido,495.6187,2026-09-25,"PAMI, precio de venta al público: VERATEN (Elea)",minorista,,sí,Medicamentos
Carvedilol 80 mg cápsulas,cápsula,1360.7387,2026-09-25,"PAMI, precio de venta al público: VERATEN UD (Elea)",minorista,,sí,Medicamentos
Ceftazidima 1000 mg frasco ampolla,frasco ampolla,175.5900,2026-09-25,"PAMI, precio de venta al público: FORTUM (Elea)",minorista,,sí,Medicamentos
Cefuroxima 250 mg comprimidos,comprimido,56.4100,2026-09-25,"PAMI, precio de venta al público: CEFUROX (Elea)",minorista,,sí,Medicamentos
Cefuroxima 250 mg suspensión oral,1 ml,12.1376,2026-09-25,"PAMI, precio de venta al público: CEFUROX SABOR MEJORADO (Elea)",minorista,,sí,Medicamentos
Cefuroxima 500 mg comprimidos,comprimido,89.7243,2026-09-25,"PAMI, precio de venta al público: CEFUROX (Elea)",minorista,,sí,Medicamentos
Cefuroxima 500 mg comprimidos,comprimido,102.3738,2026-09-25,"PAMI, precio de venta al público: CEFUROX (Elea)",minorista,,sí,Medicamentos
Cefuroxima 750 mg frasco ampolla,frasco ampolla,68.8600,2026-09-25,"PAMI, precio de venta al público: CEFUROX (Elea)",minorista,,sí,Medicamentos
Cilostazol 100 mg comprimidos,comprimido,1423.3310,2026-09-25,"PAMI, precio de venta al público: CILOSTAL (Elea)",minorista,,sí,Medicamentos
Cilostazol 100 mg comprimidos,comprimido,1425.8017,2026-09-25,"PAMI, precio de venta al público: TRASTOCIR (Elea)",minorista,,sí,Medicamentos
Cilostazol 100 mg comprimidos,comprimido,1445.8117,2026-09-25,"PAMI, precio de venta al público: LICUAGEN (Elea)",minorista,,sí,Medicamentos
Cilostazol 100 mg comprimidos,comprimido,1310.7850,2026-09-25,"PAMI, precio de venta al público: CILOSTAL (Elea)",minorista,,sí,Medicamentos
Cilostazol 100 mg comprimidos,comprimido,1228.8637,2026-09-25,"PAMI, precio de venta al público: TRASTOCIR (Elea)",minorista,,sí,Medicamentos
Cilostazol 50 mg comprimidos,comprimido,762.3950,2026-09-25,"PAMI, precio de venta al público: CILOSTAL (Elea)",minorista,,sí,Medicamentos
Cilostazol 50 mg comprimidos,comprimido,768.4217,2026-09-25,"PAMI, precio de venta al público: TRASTOCIR (Elea)",minorista,,sí,Medicamentos
Cilostazol 50 mg comprimidos,comprimido,748.1613,2026-09-25,"PAMI, precio de venta al público: LICUAGEN (Elea)",minorista,,sí,Medicamentos
Cilostazol 50 mg comprimidos,comprimido,702.6077,2026-09-25,"PAMI, precio de venta al público: TRASTOCIR (Elea)",minorista,,sí,Medicamentos
Citisiniclina 1.5 mg comprimidos,comprimido,933.6060,2026-09-25,"PAMI, precio de venta al público: TINAIR (Elea)",minorista,,sí,Medicamentos
Claritromicina 250 mg suspensión oral,1 ml,528.7125,2026-09-25,"PAMI, precio de venta al público: AEROXINA (Elea)",minorista,,sí,Medicamentos
Claritromicina 500 mg comprimidos,comprimido,2146.4770,2026-09-25,"PAMI, precio de venta al público: AEROXINA U.D. (Elea)",minorista,,sí,Medicamentos
Claritromicina 500 mg comprimidos,comprimido,2293.3520,2026-09-25,"PAMI, precio de venta al público: AEROXINA U.D. (Elea)",minorista,,sí,Medicamentos
Claritromicina 500 mg comprimidos,comprimido,2750.0062,2026-09-25,"PAMI, precio de venta al público: AEROXINA U.D. (Elea)",minorista,,sí,Medicamentos
Claritromicina 500 mg comprimidos,comprimido,2422.4650,2026-09-25,"PAMI, precio de venta al público: AEROXINA (Elea)",minorista,,sí,Medicamentos
Clobazam 10 mg comprimidos,comprimido,362.2293,2026-09-25,"PAMI, precio de venta al público: KARIDIUM (Elea)",minorista,,sí,Medicamentos
Clobazam 10 mg comprimidos,comprimido,214.2003,2026-09-25,"PAMI, precio de venta al público: KARIDIUM (Elea)",minorista,,sí,Medicamentos
Clobazam 10 mg comprimidos,comprimido,214.1983,2026-09-25,"PAMI, precio de venta al público: KARIDIUM (Elea)",minorista,,sí,Medicamentos
Clobazam 20 mg comprimidos,comprimido,362.2268,2026-09-25,"PAMI, precio de venta al público: KARIDIUM (Elea)",minorista,,sí,Medicamentos
Clopidogrel 75 mg comprimidos,comprimido,2514.6460,2026-09-25,"PAMI, precio de venta al público: NEFAZAN (Elea)",minorista,,sí,Medicamentos
Clopidogrel 75 mg comprimidos,comprimido,2549.4107,2026-09-25,"PAMI, precio de venta al público: NEFAZAN (Elea)",minorista,,sí,Medicamentos
Dabigatrán 110 mg cápsulas,cápsula,3869.6300,2026-09-25,"PAMI, precio de venta al público: DABIDANE (Elea)",minorista,,sí,Medicamentos
Dabigatrán 110 mg cápsulas,cápsula,3448.7857,2026-09-25,"PAMI, precio de venta al público: DABIDANE (Elea)",minorista,,sí,Medicamentos
Dabigatrán 150 mg cápsulas,cápsula,3869.6300,2026-09-25,"PAMI, precio de venta al público: DABIDANE (Elea)",minorista,,sí,Medicamentos
Dabigatrán 150 mg cápsulas,cápsula,3448.7857,2026-09-25,"PAMI, precio de venta al público: DABIDANE (Elea)",minorista,,sí,Medicamentos
Dabigatrán 75 mg cápsulas,cápsula,5070.5410,2026-09-25,"PAMI, precio de venta al público: DABIDANE (Elea)",minorista,,sí,Medicamentos
Dapagliflozina 10 mg comprimidos,comprimido,2525.4796,2026-09-25,"PAMI, precio de venta al público: DACTILUS (Elea)",minorista,,sí,Medicamentos
Darifenacina 15 mg comprimidos,comprimido,2797.2423,2026-09-25,"PAMI, precio de venta al público: DARISEC (Elea)",minorista,,sí,Medicamentos
Darifenacina 7.5 mg comprimidos,comprimido,2057.2760,2026-09-25,"PAMI, precio de venta al público: DARISEC (Elea)",minorista,,sí,Medicamentos
Darifenacina 7.5 mg comprimidos,comprimido,1936.5510,2026-09-25,"PAMI, precio de venta al público: DARISEC (Elea)",minorista,,sí,Medicamentos
Diacereína 50 mg cápsulas,cápsula,1110.8300,2026-09-25,"PAMI, precio de venta al público: ARTRICARE (Elea)",minorista,,sí,Medicamentos
Diosmina+hesperidina micronizada 1000 mg comprimidos,comprimido,2249.5757,2026-09-25,"PAMI, precio de venta al público: FLEVOMAX (Elea)",minorista,,sí,Medicamentos
Diosmina+hesperidina micronizada 500 mg comprimidos,comprimido,1340.6650,2026-09-25,"PAMI, precio de venta al público: FLEVOMAX (Elea)",minorista,,sí,Medicamentos
Diosmina+hesperidina micronizada 500 mg comprimidos,comprimido,1144.2512,2026-09-25,"PAMI, precio de venta al público: FLEVOMAX (Elea)",minorista,,sí,Medicamentos
Donepezilo 10 mg comprimidos,comprimido,2257.5693,2026-09-25,"PAMI, precio de venta al público: OLDINOT (Elea)",minorista,,sí,Medicamentos
Donepezilo 5 mg comprimidos,comprimido,1843.4687,2026-09-25,"PAMI, precio de venta al público: OLDINOT (Elea)",minorista,,sí,Medicamentos
Dutasteride+tamsulosina 0.5/0.4 mg cápsulas,cápsula,2306.1540,2026-09-25,"PAMI, precio de venta al público: LINUS DUO (Elea)",minorista,,sí,Medicamentos
Enoxaparina sódica 20 mg jeringas prellenadas,jeringa prellenada,13629.5710,2026-09-25,"PAMI, precio de venta al público: OMATEX (Elea)",minorista,,sí,Medicamentos
Enoxaparina sódica 40 mg jeringas prellenadas,jeringa prellenada,26326.5470,2026-09-25,"PAMI, precio de venta al público: OMATEX (Elea)",minorista,,sí,Medicamentos
Enoxaparina sódica 40 mg jeringas prellenadas,jeringa prellenada,26980.5550,2026-09-25,"PAMI, precio de venta al público: OMATEX (Elea)",minorista,,sí,Medicamentos
Enoxaparina sódica 60 mg jeringas prellenadas,jeringa prellenada,37156.1070,2026-09-25,"PAMI, precio de venta al público: OMATEX (Elea)",minorista,,sí,Medicamentos
Enoxaparina sódica 80 mg jeringas prellenadas,jeringa prellenada,48918.0560,2026-09-25,"PAMI, precio de venta al público: OMATEX (Elea)",minorista,,sí,Medicamentos
Eplerenona 25 mg comprimidos,comprimido,1023.5160,2026-09-25,"PAMI, precio de venta al público: LANX EP 25 MG (Elea)",minorista,,sí,Medicamentos
Eplerenona 50 mg comprimidos,comprimido,1489.8183,2026-09-25,"PAMI, precio de venta al público: LANX EP 50 MG (Elea)",minorista,,sí,Medicamentos
Escitalopram 10 mg comprimidos,comprimido,1471.9143,2026-09-25,"PAMI, precio de venta al público: ARAMIX (Elea)",minorista,,sí,Medicamentos
Escitalopram 20 mg comprimidos,comprimido,2643.5910,2026-09-25,"PAMI, precio de venta al público: ARAMIX (Elea)",minorista,,sí,Medicamentos
Espironolactona 100 mg comprimidos,comprimido,947.5587,2026-09-25,"PAMI, precio de venta al público: LANX (Elea)",minorista,,sí,Medicamentos
Espironolactona 25 mg comprimidos,comprimido,611.2973,2026-09-25,"PAMI, precio de venta al público: LANX (Elea)",minorista,,sí,Medicamentos
Eszopiclona 2 mg comprimidos,comprimido,711.6297,2026-09-25,"PAMI, precio de venta al público: 8 HORAS (Elea)",minorista,,sí,Medicamentos
Eszopiclona 3 mg comprimidos,comprimido,889.4410,2026-09-25,"PAMI, precio de venta al público: 8 HORAS (Elea)",minorista,,sí,Medicamentos
Ezetimibe 10 mg comprimidos,comprimido,653.0237,2026-09-25,"PAMI, precio de venta al público: TRILIP (Elea)",minorista,,sí,Medicamentos
Flecainida 100 mg cápsulas de liberación prolongada,cápsula,1488.1557,2026-09-25,"PAMI, precio de venta al público: FLENOMID XR (Elea)",minorista,,sí,Medicamentos
"Fólico,ác. 1 mg comprimidos",comprimido,303.2643,2026-09-25,"PAMI, precio de venta al público: EGESTAN FOLICO (Elea)",minorista,,sí,Medicamentos
"Fólico,ác. 1 mg comprimidos",comprimido,234.9448,2026-09-25,"PAMI, precio de venta al público: EGESTAN FOLICO (Elea)",minorista,,sí,Medicamentos
"Fólico,ác. 10 mg comprimidos",comprimido,483.1677,2026-09-25,"PAMI, precio de venta al público: EGESTAN FOLICO (Elea)",minorista,,sí,Medicamentos
"Fólico,ác. 10 mg comprimidos",comprimido,396.5838,2026-09-25,"PAMI, precio de venta al público: EGESTAN FOLICO (Elea)",minorista,,sí,Medicamentos
"Fólico,ác. 5 mg comprimidos",comprimido,383.6347,2026-09-25,"PAMI, precio de venta al público: EGESTAN FOLICO (Elea)",minorista,,sí,Medicamentos
"Fólico,ác. 5 mg comprimidos",comprimido,320.8600,2026-09-25,"PAMI, precio de venta al público: EGESTAN FOLICO (Elea)",minorista,,sí,Medicamentos
Gatifloxacina 0.3% colirio,1 ml,5104.0920,2026-09-25,"PAMI, precio de venta al público: GATIMICIN (Elea)",minorista,,sí,Medicamentos
Gatifloxacina 0.5% colirio,1 ml,6794.1480,2026-09-25,"PAMI, precio de venta al público: GATIMICIN FORTE (Elea)",minorista,,sí,Medicamentos
Glimepiride 2 mg comprimidos,comprimido,617.6317,2026-09-25,"PAMI, precio de venta al público: DIABUTIL 2 MG (Elea)",minorista,,sí,Medicamentos
Glimepiride 4 mg comprimidos,comprimido,1091.4653,2026-09-25,"PAMI, precio de venta al público: DIABUTIL 4 MG (Elea)",minorista,,sí,Medicamentos
"Ibandrónico,ác. 150 mg comprimidos",comprimido,46644.9500,2026-09-25,"PAMI, precio de venta al público: FEMOREL (Elea)",minorista,,sí,Medicamentos
"Ibandrónico,ác. 150 mg comprimidos",comprimido,37038.8167,2026-09-25,"PAMI, precio de venta al público: FEMOREL (Elea)",minorista,,sí,Medicamentos
Insaponificables 300 mg cápsulas,cápsula,1254.6520,2026-09-25,"PAMI, precio de venta al público: AUDAX NOVO (Elea)",minorista,,sí,Medicamentos
Insaponificables 300 mg cápsulas,cápsula,1129.1757,2026-09-25,"PAMI, precio de venta al público: AUDAX NOVO (Elea)",minorista,,sí,Medicamentos
Ivermectina 3 mg comprimidos,comprimido,163.7033,2026-09-25,"PAMI, precio de venta al público: IVER P (Elea)",minorista,,sí,Medicamentos
Ivermectina 6 mg comprimidos,comprimido,4079.4617,2026-09-25,"PAMI, precio de venta al público: IVER P (Elea)",minorista,,sí,Medicamentos
Lamotrigina 100 mg comprimidos dispersables,comprimido,1734.9533,2026-09-25,"PAMI, precio de venta al público: LAMIRAX (Elea)",minorista,,sí,Medicamentos
Lamotrigina 100 mg comprimidos dispersables,comprimido,1734.9922,2026-09-25,"PAMI, precio de venta al público: LAMIRAX (Elea)",minorista,,sí,Medicamentos
Lamotrigina 200 mg comprimidos dispersables,comprimido,2986.7090,2026-09-25,"PAMI, precio de venta al público: LAMIRAX (Elea)",minorista,,sí,Medicamentos
Lamotrigina 25 mg comprimidos dispersables,comprimido,742.6343,2026-09-25,"PAMI, precio de venta al público: LAMIRAX (Elea)",minorista,,sí,Medicamentos
Lamotrigina 50 mg comprimidos dispersables,comprimido,1085.9377,2026-09-25,"PAMI, precio de venta al público: LAMIRAX (Elea)",minorista,,sí,Medicamentos
Levetiracetam 1000 mg comprimidos,comprimido,5516.4510,2026-09-25,"PAMI, precio de venta al público: EQUILEA (Elea)",minorista,,sí,Medicamentos
Levetiracetam 1000 mg comprimidos,comprimido,3871.1860,2026-09-25,"PAMI, precio de venta al público: EQUILEA (Elea)",minorista,,sí,Medicamentos
Levetiracetam 500 mg comprimidos,comprimido,2614.0623,2026-09-25,"PAMI, precio de venta al público: EQUILEA (Elea)",minorista,,sí,Medicamentos
Levetiracetam 500 mg comprimidos,comprimido,2322.2147,2026-09-25,"PAMI, precio de venta al público: EQUILEA (Elea)",minorista,,sí,Medicamentos
Levofloxacina 500 mg comprimidos,comprimido,3078.4400,2026-09-25,"PAMI, precio de venta al público: LEFLUMAX (Elea)",minorista,,sí,Medicamentos
Levofloxacina 750 mg comprimidos,comprimido,4902.0040,2026-09-25,"PAMI, precio de venta al público: LEFLUMAX (Elea)",minorista,,sí,Medicamentos
Levotiroxina 100 mcg comprimidos,comprimido,284.0608,2026-09-25,"PAMI, precio de venta al público: EUTHYROX (Elea)",minorista,,sí,Medicamentos
Levotiroxina 112 mcg comprimidos,comprimido,393.6394,2026-09-25,"PAMI, precio de venta al público: EUTHYROX (Elea)",minorista,,sí,Medicamentos
Levotiroxina 125 mcg comprimidos,comprimido,403.0004,2026-09-25,"PAMI, precio de venta al público: EUTHYROX (Elea)",minorista,,sí,Medicamentos
Levotiroxina 137 mcg comprimidos,comprimido,404.1164,2026-09-25,"PAMI, precio de venta al público: EUTHYROX (Elea)",minorista,,sí,Medicamentos
Levotiroxina 150 mcg comprimidos,comprimido,437.9880,2026-09-25,"PAMI, precio de venta al público: EUTHYROX (Elea)",minorista,,sí,Medicamentos
Levotiroxina 175 mcg comprimidos,comprimido,474.3502,2026-09-25,"PAMI, precio de venta al público: EUTHYROX (Elea)",minorista,,sí,Medicamentos
Levotiroxina 200 mcg comprimidos,comprimido,493.1184,2026-09-25,"PAMI, precio de venta al público: EUTHYROX (Elea)",minorista,,sí,Medicamentos
Levotiroxina 25 mcg comprimidos,comprimido,179.4658,2026-09-25,"PAMI, precio de venta al público: EUTHYROX (Elea)",minorista,,sí,Medicamentos
Levotiroxina 50 mcg comprimidos,comprimido,192.4988,2026-09-25,"PAMI, precio de venta al público: EUTHYROX (Elea)",minorista,,sí,Medicamentos
Levotiroxina 75 mcg comprimidos,comprimido,237.7296,2026-09-25,"PAMI, precio de venta al público: EUTHYROX (Elea)",minorista,,sí,Medicamentos
Levotiroxina 88 mcg comprimidos,comprimido,278.4812,2026-09-25,"PAMI, precio de venta al público: EUTHYROX (Elea)",minorista,,sí,Medicamentos
Losartán 100 mg comprimidos,comprimido,1261.3283,2026-09-25,"PAMI, precio de venta al público: FENSARTAN (Elea)",minorista,,sí,Medicamentos
Losartán 50 mg comprimidos,comprimido,1019.3397,2026-09-25,"PAMI, precio de venta al público: FENSARTAN (Elea)",minorista,,sí,Medicamentos
Losartán 50 mg comprimidos,comprimido,969.8413,2026-09-25,"PAMI, precio de venta al público: FENSARTAN (Elea)",minorista,,sí,Medicamentos
Memantine+donepezilo 10/28mg comprimidos,comprimido,2719.9447,2026-09-25,"PAMI, precio de venta al público: OLDINOT DUO (Elea)",minorista,,sí,Medicamentos
Meprednisona 4 mg comprimidos,comprimido,490.7750,2026-09-25,"PAMI, precio de venta al público: DELTISONA B (Elea)",minorista,,sí,Medicamentos
Meprednisona 40 mg comprimidos,comprimido,2851.4455,2026-09-25,"PAMI, precio de venta al público: DELTISONA B (Elea)",minorista,,sí,Medicamentos
Meprednisona 8 mg comprimidos,comprimido,1128.8125,2026-09-25,"PAMI, precio de venta al público: DELTISONA B (Elea)",minorista,,sí,Medicamentos
Metformina 1000 mg comprimidos,comprimido,674.3523,2026-09-25,"PAMI, precio de venta al público: GLUCOPHAGE (Elea)",minorista,,sí,Medicamentos
Metformina 1000 mg comprimidos,comprimido,605.2343,2026-09-25,"PAMI, precio de venta al público: GLUCOPHAGE (Elea)",minorista,,sí,Medicamentos
Metformina 1000mg comprimidos de liberación prolongada,comprimido,879.1953,2026-09-25,"PAMI, precio de venta al público: GLUCOPHAGE XR 1000 (Elea)",minorista,,sí,Medicamentos
Metformina 1000mg comprimidos de liberación prolongada,comprimido,885.7872,2026-09-25,"PAMI, precio de venta al público: GLUCOPHAGE XR 1000 (Elea)",minorista,,sí,Medicamentos
Metformina 500 mg comprimidos,comprimido,282.0297,2026-09-25,"PAMI, precio de venta al público: GLUCOPHAGE (Elea)",minorista,,sí,Medicamentos
Metformina 500 mg comprimidos,comprimido,301.9087,2026-09-25,"PAMI, precio de venta al público: GLUCOPHAGE (Elea)",minorista,,sí,Medicamentos
Metformina 750 mg comprimidos de liberación prolongada,comprimido,707.6163,2026-09-25,"PAMI, precio de venta al público: GLUCOPHAGE XR 750 (Elea)",minorista,,sí,Medicamentos
Metformina 750 mg comprimidos de liberación prolongada,comprimido,671.9413,2026-09-25,"PAMI, precio de venta al público: GLUCOPHAGE XR 750 (Elea)",minorista,,sí,Medicamentos
Metformina 850 mg comprimidos,comprimido,507.3183,2026-09-25,"PAMI, precio de venta al público: GLUCOPHAGE (Elea)",minorista,,sí,Medicamentos
Metformina 850 mg comprimidos,comprimido,497.1560,2026-09-25,"PAMI, precio de venta al público: GLUCOPHAGE (Elea)",minorista,,sí,Medicamentos
Metformina+glibenclamida 500 mg/2.5 mg comprimidos,comprimido,335.9623,2026-09-25,"PAMI, precio de venta al público: GLUCOVANCE (Elea)",minorista,,sí,Medicamentos
Metformina+glibenclamida 500 mg/5 mg comprimidos,comprimido,381.4883,2026-09-25,"PAMI, precio de venta al público: GLUCOVANCE (Elea)",minorista,,sí,Medicamentos
Metformina+glibenclamida 500 mg/5 mg comprimidos,comprimido,330.3905,2026-09-25,"PAMI, precio de venta al público: GLUCOVANCE (Elea)",minorista,,sí,Medicamentos
Montelukast 10 mg comprimidos,comprimido,1514.4917,2026-09-25,"PAMI, precio de venta al público: ROLAST (Elea)",minorista,,sí,Medicamentos
Mosapride 5 mg comprimidos,comprimido,781.7660,2026-09-25,"PAMI, precio de venta al público: MOSAR (Elea)",minorista,,sí,Medicamentos
Mosapride 5 mg comprimidos,comprimido,504.9840,2026-09-25,"PAMI, precio de venta al público: MOSAR (Elea)",minorista,,sí,Medicamentos
Nifedipina 30 mg comprimidos,comprimido,938.8540,2026-09-25,"PAMI, precio de venta al público: NIFED SOL (Elea)",minorista,,sí,Medicamentos
Nifedipina 60 mg comprimidos,comprimido,1000.6907,2026-09-25,"PAMI, precio de venta al público: NIFED SOL (Elea)",minorista,,sí,Medicamentos
Olanzapina 10 mg comprimidos,comprimido,7197.4671,2026-09-25,"PAMI, precio de venta al público: SIMINA (Elea)",minorista,,sí,Medicamentos
Olanzapina 10 mg comprimidos,comprimido,7178.5793,2026-09-25,"PAMI, precio de venta al público: SIMINA (Elea)",minorista,,sí,Medicamentos
Olanzapina 5 mg comprimidos,comprimido,3754.2121,2026-09-25,"PAMI, precio de venta al público: SIMINA (Elea)",minorista,,sí,Medicamentos
Olanzapina 5 mg comprimidos,comprimido,3623.7496,2026-09-25,"PAMI, precio de venta al público: SIMINA (Elea)",minorista,,sí,Medicamentos
Orlistat 120 mg cápsulas,cápsula,2111.6400,2026-09-25,"PAMI, precio de venta al público: CRISPLUS (Elea)",minorista,,sí,Medicamentos
Orlistat 120 mg cápsulas,cápsula,2033.2513,2026-09-25,"PAMI, precio de venta al público: CRISPLUS (Elea)",minorista,,sí,Medicamentos
Orlistat 60 mg cápsulas,cápsula,1241.8160,2026-09-25,"PAMI, precio de venta al público: CRISPLUS (Elea)",minorista,,sí,Medicamentos
Orlistat 60 mg cápsulas,cápsula,1262.1335,2026-09-25,"PAMI, precio de venta al público: CRISPLUS (Elea)",minorista,,sí,Medicamentos
Oseltamivir 75 mg cápsulas,cápsula,95.9990,2026-09-25,"PAMI, precio de venta al público: OSELTAMIVIR ELEA (Elea)",minorista,,sí,Medicamentos
Oxibutinina 10 mg comprimidos,comprimido,2681.6550,2026-09-25,"PAMI, precio de venta al público: DITROPAN UD (Elea)",minorista,,sí,Medicamentos
Oxibutinina 10 mg comprimidos,comprimido,2720.4750,2026-09-25,"PAMI, precio de venta al público: DITROPAN UD (Elea)",minorista,,sí,Medicamentos
Oxibutinina 15 mg comprimidos,comprimido,2794.2630,2026-09-25,"PAMI, precio de venta al público: DITROPAN UD (Elea)",minorista,,sí,Medicamentos
Oxibutinina 15 mg comprimidos,comprimido,3192.4260,2026-09-25,"PAMI, precio de venta al público: DITROPAN UD (Elea)",minorista,,sí,Medicamentos
Oxibutinina 5 mg comprimidos,comprimido,2141.0620,2026-09-25,"PAMI, precio de venta al público: DITROPAN UD (Elea)",minorista,,sí,Medicamentos
Oxibutinina 5 mg comprimidos,comprimido,1911.5080,2026-09-25,"PAMI, precio de venta al público: DITROPAN UD (Elea)",minorista,,sí,Medicamentos
Paracetamol 1g fco. comprimidos,comprimido,299.1250,2026-09-25,"PAMI, precio de venta al público: GENIOL (Elea)",minorista,,sí,Medicamentos
Paroxetina 20 mg comprimidos,comprimido,1621.2690,2026-09-25,"PAMI, precio de venta al público: NEUROTROX (Elea)",minorista,,sí,Medicamentos
Pregabalina 150 mg cápsulas,cápsula,2704.2887,2026-09-25,"PAMI, precio de venta al público: PRINCIPIA (Elea)",minorista,,sí,Medicamentos
Pregabalina 25 mg cápsulas,cápsula,599.9633,2026-09-25,"PAMI, precio de venta al público: PRINCIPIA (Elea)",minorista,,sí,Medicamentos
Pregabalina 300 mg cápsulas,cápsula,3515.9083,2026-09-25,"PAMI, precio de venta al público: PRINCIPIA (Elea)",minorista,,sí,Medicamentos
Pregabalina 75 mg comprimidos,comprimido,1671.8080,2026-09-25,"PAMI, precio de venta al público: PRINCIPIA PRACTIDOSIS (Elea)",minorista,,sí,Medicamentos
Pregabalina 75 mg cápsulas,cápsula,1862.6293,2026-09-25,"PAMI, precio de venta al público: PRINCIPIA (Elea)",minorista,,sí,Medicamentos
Pregabalina 75 mg cápsulas,cápsula,1445.0220,2026-09-25,"PAMI, precio de venta al público: PRINCIPIA (Elea)",minorista,,sí,Medicamentos
Quetiapina 100 mg comprimidos,comprimido,3389.5027,2026-09-25,"PAMI, precio de venta al público: KEMOTER (Elea)",minorista,,sí,Medicamentos
Quetiapina 100 mg comprimidos,comprimido,2145.2638,2026-09-25,"PAMI, precio de venta al público: KEMOTER (Elea)",minorista,,sí,Medicamentos
Quetiapina 200 mg comprimidos,comprimido,4435.4637,2026-09-25,"PAMI, precio de venta al público: KEMOTER (Elea)",minorista,,sí,Medicamentos
Quetiapina 200 mg comprimidos,comprimido,4440.5250,2026-09-25,"PAMI, precio de venta al público: KEMOTER XR (Elea)",minorista,,sí,Medicamentos
Quetiapina 200 mg comprimidos,comprimido,2763.7180,2026-09-25,"PAMI, precio de venta al público: KEMOTER (Elea)",minorista,,sí,Medicamentos
Quetiapina 25 mg comprimidos,comprimido,2037.9170,2026-09-25,"PAMI, precio de venta al público: KEMOTER (Elea)",minorista,,sí,Medicamentos
Quetiapina 25 mg comprimidos,comprimido,1217.5822,2026-09-25,"PAMI, precio de venta al público: KEMOTER (Elea)",minorista,,sí,Medicamentos
Quetiapina 300 mg comprimidos,comprimido,6049.4433,2026-09-25,"PAMI, precio de venta al público: KEMOTER XR (Elea)",minorista,,sí,Medicamentos
Quetiapina 400 mg comprimidos,comprimido,8354.8130,2026-09-25,"PAMI, precio de venta al público: KEMOTER XR (Elea)",minorista,,sí,Medicamentos
Quetiapina 50 mg comprimidos,comprimido,4321.7757,2026-09-25,"PAMI, precio de venta al público: KEMOTER XR (Elea)",minorista,,sí,Medicamentos
Rabeprazol 10 mg comprimidos,comprimido,907.1657,2026-09-25,"PAMI, precio de venta al público: RABEC (Elea)",minorista,,sí,Medicamentos
Rabeprazol 10 mg comprimidos,comprimido,1293.3979,2026-09-25,"PAMI, precio de venta al público: RABEC (Elea)",minorista,,sí,Medicamentos
Rabeprazol 20 mg comprimidos,comprimido,1780.2800,2026-09-25,"PAMI, precio de venta al público: RABEC (Elea)",minorista,,sí,Medicamentos
Rabeprazol 20 mg comprimidos,comprimido,2123.5582,2026-09-25,"PAMI, precio de venta al público: RABEC (Elea)",minorista,,sí,Medicamentos
Risperidona 0.50 mg comprimidos,comprimido,474.5850,2026-09-25,"PAMI, precio de venta al público: RESTELEA (Elea)",minorista,,sí,Medicamentos
Risperidona 1 mg comprimidos,comprimido,814.3330,2026-09-25,"PAMI, precio de venta al público: RESTELEA (Elea)",minorista,,sí,Medicamentos
Risperidona 1 mg comprimidos,comprimido,607.2288,2026-09-25,"PAMI, precio de venta al público: RESTELEA (Elea)",minorista,,sí,Medicamentos
Risperidona 2 mg comprimidos,comprimido,1584.2890,2026-09-25,"PAMI, precio de venta al público: RESTELEA (Elea)",minorista,,sí,Medicamentos
Risperidona 2 mg comprimidos,comprimido,1605.3798,2026-09-25,"PAMI, precio de venta al público: RESTELEA (Elea)",minorista,,sí,Medicamentos
Risperidona 3 mg comprimidos,comprimido,1573.2015,2026-09-25,"PAMI, precio de venta al público: RESTELEA (Elea)",minorista,,sí,Medicamentos
Risperidona 3 mg comprimidos,comprimido,2200.1475,2026-09-25,"PAMI, precio de venta al público: RESTELEA (Elea)",minorista,,sí,Medicamentos
Rivaroxabán 10 mg comprimidos,comprimido,5130.1170,2026-09-25,"PAMI, precio de venta al público: REMIVOX (Elea)",minorista,,sí,Medicamentos
Rivaroxabán 10 mg comprimidos,comprimido,3476.2977,2026-09-25,"PAMI, precio de venta al público: REMIVOX (Elea)",minorista,,sí,Medicamentos
Rivaroxabán 15 mg comprimidos,comprimido,4207.8118,2026-09-25,"PAMI, precio de venta al público: REMIVOX (Elea)",minorista,,sí,Medicamentos
Rivaroxabán 20 mg comprimidos,comprimido,4360.7875,2026-09-25,"PAMI, precio de venta al público: REMIVOX (Elea)",minorista,,sí,Medicamentos
Rosuvastatina 10 mg comprimidos,comprimido,990.8300,2026-09-25,"PAMI, precio de venta al público: LIPEX (Elea)",minorista,,sí,Medicamentos
Rosuvastatina 10 mg comprimidos,comprimido,997.2750,2026-09-25,"PAMI, precio de venta al público: LIPEX (Elea)",minorista,,sí,Medicamentos
Rosuvastatina 10 mg comprimidos,comprimido,1124.1263,2026-09-25,"PAMI, precio de venta al público: RABLOC (Elea)",minorista,,sí,Medicamentos
Rosuvastatina 20 mg comprimidos,comprimido,1817.4637,2026-09-25,"PAMI, precio de venta al público: LIPEX (Elea)",minorista,,sí,Medicamentos
Rosuvastatina 20 mg comprimidos,comprimido,1771.4930,2026-09-25,"PAMI, precio de venta al público: RABLOC (Elea)",minorista,,sí,Medicamentos
Rosuvastatina 40 mg comprimidos,comprimido,2889.1847,2026-09-25,"PAMI, precio de venta al público: LIPEX (Elea)",minorista,,sí,Medicamentos
Rosuvastatina 5 mg comprimidos,comprimido,639.5837,2026-09-25,"PAMI, precio de venta al público: LIPEX (Elea)",minorista,,sí,Medicamentos
Rosuvastatina+ezetimibe 10/10 comprimidos,comprimido,1222.3580,2026-09-25,"PAMI, precio de venta al público: LIPEX PLUS (Elea)",minorista,,sí,Medicamentos
Rosuvastatina+ezetimibe 20/10 comprimidos,comprimido,2201.9027,2026-09-25,"PAMI, precio de venta al público: LIPEX PLUS (Elea)",minorista,,sí,Medicamentos
Sacubitrilo+valsartán 100 mg comprimidos,comprimido,3326.0570,2026-09-25,"PAMI, precio de venta al público: RISTONEL (Elea)",minorista,,sí,Medicamentos
Sacubitrilo+valsartán 100 mg comprimidos,comprimido,3247.8318,2026-09-25,"PAMI, precio de venta al público: RISTONEL (Elea)",minorista,,sí,Medicamentos
Sacubitrilo+valsartán 200 mg comprimidos,comprimido,3543.0067,2026-09-25,"PAMI, precio de venta al público: RISTONEL (Elea)",minorista,,sí,Medicamentos
Sacubitrilo+valsartán 50 mg comprimidos,comprimido,3135.1277,2026-09-25,"PAMI, precio de venta al público: RISTONEL (Elea)",minorista,,sí,Medicamentos
Silodosina 4 mg cápsulas,cápsula,1306.7893,2026-09-25,"PAMI, precio de venta al público: PETRIUM (Elea)",minorista,,sí,Medicamentos
Silodosina 8 mg cápsulas,cápsula,2203.7003,2026-09-25,"PAMI, precio de venta al público: PETRIUM (Elea)",minorista,,sí,Medicamentos
Sitagliptina 100 mg comprimidos,comprimido,3720.4954,2026-09-25,"PAMI, precio de venta al público: ESLIPEL (Elea)",minorista,,sí,Medicamentos
Sitagliptina 25 mg comprimidos,comprimido,2944.6371,2026-09-25,"PAMI, precio de venta al público: ESLIPEL (Elea)",minorista,,sí,Medicamentos
Sitagliptina 50 mg comprimidos,comprimido,3468.8618,2026-09-25,"PAMI, precio de venta al público: ESLIPEL (Elea)",minorista,,sí,Medicamentos
"Sitagliptina+metformina,clorh. 50/1000 mg comprimidos",comprimido,2306.1767,2026-09-25,"PAMI, precio de venta al público: ESLIPEL MET (Elea)",minorista,,sí,Medicamentos
"Sitagliptina+metformina,clorh. 50/1000 mg comprimidos",comprimido,1962.9873,2026-09-25,"PAMI, precio de venta al público: ESLIPEL MET (Elea)",minorista,,sí,Medicamentos
"Sitagliptina+metformina,clorh. 50/850 mg comprimidos",comprimido,1965.1195,2026-09-25,"PAMI, precio de venta al público: ESLIPEL MET (Elea)",minorista,,sí,Medicamentos
Tadalafilo 20 mg comprimidos,comprimido,14320.6500,2026-09-25,"PAMI, precio de venta al público: LEVAL (Elea)",minorista,,sí,Medicamentos
Tadalafilo 20 mg comprimidos,comprimido,14165.2150,2026-09-25,"PAMI, precio de venta al público: LEVAL (Elea)",minorista,,sí,Medicamentos
Tadalafilo 20 mg comprimidos,comprimido,11154.5587,2026-09-25,"PAMI, precio de venta al público: LEVAL (Elea)",minorista,,sí,Medicamentos
Tadalafilo 20 mg comprimidos,comprimido,13931.2425,2026-09-25,"PAMI, precio de venta al público: LEVAL (Elea)",minorista,,sí,Medicamentos
Tadalafilo 20 mg comprimidos,comprimido,9597.6738,2026-09-25,"PAMI, precio de venta al público: LEVAL (Elea)",minorista,,sí,Medicamentos
Tadalafilo 5 mg comprimidos,comprimido,4134.3230,2026-09-25,"PAMI, precio de venta al público: LEVAL (Elea)",minorista,,sí,Medicamentos
Tamsulosina 0.4 mg cápsulas,cápsula,1664.3350,2026-09-25,"PAMI, precio de venta al público: SULOS (Elea)",minorista,,sí,Medicamentos
Telmisartán 40 mg comprimidos,comprimido,2470.9286,2026-09-25,"PAMI, precio de venta al público: BERTEL 40 MG (Elea)",minorista,,sí,Medicamentos
Telmisartán 80 mg comprimidos,comprimido,3473.3225,2026-09-25,"PAMI, precio de venta al público: BERTEL 80 MG (Elea)",minorista,,sí,Medicamentos
Tibolona 1.25 mg comprimidos,comprimido,981.6690,2026-09-25,"PAMI, precio de venta al público: PARACLIM 1.25 (Elea)",minorista,,sí,Medicamentos
Tibolona 2.5 mg comprimidos,comprimido,1318.9607,2026-09-25,"PAMI, precio de venta al público: PARACLIM 2.5 (Elea)",minorista,,sí,Medicamentos
Ticagrelor 90 mg comprimidos,comprimido,3185.4497,2026-09-25,"PAMI, precio de venta al público: TICAZAN (Elea)",minorista,,sí,Medicamentos
"Timolol,maleato 0.50% colirio",1 ml,1435.7140,2026-09-25,"PAMI, precio de venta al público: ZOPIROL (Elea)",minorista,,sí,Medicamentos
"Tiotropio,bromuro 10 mcg cápsulas",cápsula,4095.7507,2026-09-25,"PAMI, precio de venta al público: NEUMOTROPIO (Elea)",minorista,,sí,Medicamentos
"Tióctico,ác. 600 mg comprimidos",comprimido,407.1067,2026-09-25,"PAMI, precio de venta al público: TIODRIX HR (Elea)",minorista,,sí,Medicamentos
Topiramato 100 mg comprimidos,comprimido,2157.0986,2026-09-25,"PAMI, precio de venta al público: NEUTOP (Elea)",minorista,,sí,Medicamentos
Topiramato 100 mg comprimidos,comprimido,2048.4600,2026-09-25,"PAMI, precio de venta al público: NEUTOP (Elea)",minorista,,sí,Medicamentos
Topiramato 25 mg comprimidos,comprimido,763.5996,2026-09-25,"PAMI, precio de venta al público: NEUTOP (Elea)",minorista,,sí,Medicamentos
Topiramato 25 mg comprimidos,comprimido,723.6429,2026-09-25,"PAMI, precio de venta al público: NEUTOP (Elea)",minorista,,sí,Medicamentos
Topiramato 50 mg comprimidos,comprimido,1402.1954,2026-09-25,"PAMI, precio de venta al público: NEUTOP (Elea)",minorista,,sí,Medicamentos
Topiramato 50 mg comprimidos,comprimido,1340.7023,2026-09-25,"PAMI, precio de venta al público: NEUTOP (Elea)",minorista,,sí,Medicamentos
Valsartán 160 mg comprimidos,comprimido,1364.5447,2026-09-25,"PAMI, precio de venta al público: COROSAN (Elea)",minorista,,sí,Medicamentos
Valsartán 320 mg comprimidos,comprimido,1572.1417,2026-09-25,"PAMI, precio de venta al público: COROSAN (Elea)",minorista,,sí,Medicamentos
Valsartán 80 mg comprimidos,comprimido,1149.1543,2026-09-25,"PAMI, precio de venta al público: COROSAN (Elea)",minorista,,sí,Medicamentos
Valsartán+hidroclorotiazida 160/12.5 mg comprimidos,comprimido,1056.5450,2026-09-25,"PAMI, precio de venta al público: COROSAN D (Elea)",minorista,,sí,Medicamentos
Valsartán+hidroclorotiazida 80/12.5 mg comprimidos,comprimido,1034.1357,2026-09-25,"PAMI, precio de venta al público: COROSAN D (Elea)",minorista,,sí,Medicamentos
Vildagliptin 50 mg comprimidos,comprimido,1366.8867,2026-09-25,"PAMI, precio de venta al público: ZATIUM (Elea)",minorista,,sí,Medicamentos
Vildagliptin 50 mg comprimidos,comprimido,1303.8510,2026-09-25,"PAMI, precio de venta al público: ZATIUM (Elea)",minorista,,sí,Medicamentos
Vildagliptin+metformina 50/1000 mg comprimidos,comprimido,1855.6483,2026-09-25,"PAMI, precio de venta al público: ZATIUM MET (Elea)",minorista,,sí,Medicamentos
Vildagliptin+metformina 50/1000 mg comprimidos,comprimido,1754.0417,2026-09-25,"PAMI, precio de venta al público: ZATIUM MET (Elea)",minorista,,sí,Medicamentos
Vildagliptin+metformina 50/500 mg comprimidos,comprimido,1599.5827,2026-09-25,"PAMI, precio de venta al público: ZATIUM MET (Elea)",minorista,,sí,Medicamentos
Vildagliptin+metformina 50/500 mg comprimidos,comprimido,1525.8420,2026-09-25,"PAMI, precio de venta al público: ZATIUM MET (Elea)",minorista,,sí,Medicamentos
Vildagliptin+metformina 50/850 mg comprimidos,comprimido,1599.5827,2026-09-25,"PAMI, precio de venta al público: ZATIUM MET (Elea)",minorista,,sí,Medicamentos
Vildagliptin+metformina 50/850 mg comprimidos,comprimido,1525.8420,2026-09-25,"PAMI, precio de venta al público: ZATIUM MET (Elea)",minorista,,sí,Medicamentos
Vit.d3 100.000 ui cápsulas,cápsula,16241.0600,2026-09-25,"PAMI, precio de venta al público: TESTRI CB (Elea)",minorista,,sí,Medicamentos
Vit.d3 100.000 ui cápsulas,cápsula,11707.1633,2026-09-25,"PAMI, precio de venta al público: TESTRI CB (Elea)",minorista,,sí,Medicamentos
"Hierro,polimaltosato 100 mg comprimidos",comprimido,250.2930,2026-09-25,"PAMI, precio de venta al público: VITALIX (Ethical Nutriti)",minorista,,sí,Medicamentos
Alprazolam 0.25 mg comprimidos,comprimido,4.6650,2026-09-25,"PAMI, precio de venta al público: PRINOX 0.25 MG (Eurofarma)",minorista,,sí,Medicamentos
Alprazolam 0.25 mg comprimidos,comprimido,5.0630,2026-09-25,"PAMI, precio de venta al público: PRINOX 0.25 MG (Eurofarma)",minorista,,sí,Medicamentos
Alprazolam 0.5 mg comprimidos,comprimido,189.1807,2026-09-25,"PAMI, precio de venta al público: PRINOX 0.5 MG (Eurofarma)",minorista,,sí,Medicamentos
Alprazolam 0.5 mg comprimidos,comprimido,169.2800,2026-09-25,"PAMI, precio de venta al público: PRINOX 0.5 MG (Eurofarma)",minorista,,sí,Medicamentos
Alprazolam 1 mg comprimidos,comprimido,294.8337,2026-09-25,"PAMI, precio de venta al público: PRINOX 1 MG (Eurofarma)",minorista,,sí,Medicamentos
Alprazolam 1 mg comprimidos,comprimido,331.2624,2026-09-25,"PAMI, precio de venta al público: PRINOX 1 MG (Eurofarma)",minorista,,sí,Medicamentos
Alprazolam 2 mg comprimidos,comprimido,441.8390,2026-09-25,"PAMI, precio de venta al público: PRINOX 2 MG (Eurofarma)",minorista,,sí,Medicamentos
Alprazolam 2 mg comprimidos,comprimido,484.3848,2026-09-25,"PAMI, precio de venta al público: PRINOX 2 MG (Eurofarma)",minorista,,sí,Medicamentos
Amlodipina 10 mg comprimidos,comprimido,71.3723,2026-09-25,"PAMI, precio de venta al público: AMLODINE (Eurofarma)",minorista,,sí,Medicamentos
Amlodipina 5 mg comprimidos,comprimido,38.5483,2026-09-25,"PAMI, precio de venta al público: AMLODINE (Eurofarma)",minorista,,sí,Medicamentos
Atorvastatín 10 mg comprimidos,comprimido,1181.7093,2026-09-25,"PAMI, precio de venta al público: NORMALIP (Eurofarma)",minorista,,sí,Medicamentos
Atorvastatín 20 mg comprimidos,comprimido,2088.8660,2026-09-25,"PAMI, precio de venta al público: NORMALIP (Eurofarma)",minorista,,sí,Medicamentos
Betahistina 16 mg comprimidos,comprimido,145.1120,2026-09-25,"PAMI, precio de venta al público: BETINA (Eurofarma)",minorista,,sí,Medicamentos
Betahistina 16 mg comprimidos,comprimido,18.6155,2026-09-25,"PAMI, precio de venta al público: BETINA (Eurofarma)",minorista,,sí,Medicamentos
Betahistina 24 mg comprimidos,comprimido,217.4463,2026-09-25,"PAMI, precio de venta al público: BETINA (Eurofarma)",minorista,,sí,Medicamentos
Betahistina 24 mg comprimidos,comprimido,29.5227,2026-09-25,"PAMI, precio de venta al público: BETINA (Eurofarma)",minorista,,sí,Medicamentos
Bupropión 150 mg comprimidos,comprimido,2799.0297,2026-09-25,"PAMI, precio de venta al público: BUP XL (Eurofarma)",minorista,,sí,Medicamentos
Bupropión 150mg comprimidos de liberación prolongada,comprimido,2568.2333,2026-09-25,"PAMI, precio de venta al público: BUP (Eurofarma)",minorista,,sí,Medicamentos
Bupropión 150mg comprimidos de liberación prolongada,comprimido,2381.3130,2026-09-25,"PAMI, precio de venta al público: BUP (Eurofarma)",minorista,,sí,Medicamentos
Bupropión 300 mg comprimidos,comprimido,5190.6233,2026-09-25,"PAMI, precio de venta al público: BUP XL (Eurofarma)",minorista,,sí,Medicamentos
Carvedilol 12.5 mg comprimidos,comprimido,17.5430,2026-09-25,"PAMI, precio de venta al público: RODIPAL (Eurofarma)",minorista,,sí,Medicamentos
Carvedilol 12.5 mg comprimidos,comprimido,13.1570,2026-09-25,"PAMI, precio de venta al público: RODIPAL (Eurofarma)",minorista,,sí,Medicamentos
Carvedilol 25 mg comprimidos,comprimido,21.0887,2026-09-25,"PAMI, precio de venta al público: RODIPAL (Eurofarma)",minorista,,sí,Medicamentos
Carvedilol 25 mg comprimidos,comprimido,15.7700,2026-09-25,"PAMI, precio de venta al público: RODIPAL (Eurofarma)",minorista,,sí,Medicamentos
Carvedilol 6.25 mg comprimidos,comprimido,9.7978,2026-09-25,"PAMI, precio de venta al público: RODIPAL (Eurofarma)",minorista,,sí,Medicamentos
Citalopram 20 mg comprimidos,comprimido,33.1057,2026-09-25,"PAMI, precio de venta al público: CITTA (Eurofarma)",minorista,,sí,Medicamentos
Citalopram 20 mg comprimidos,comprimido,48.5493,2026-09-25,"PAMI, precio de venta al público: CITTA (Eurofarma)",minorista,,sí,Medicamentos
Clonazepam 2 mg comprimidos,comprimido,14.5983,2026-09-25,"PAMI, precio de venta al público: CLONASEDAN (Eurofarma)",minorista,,sí,Medicamentos
Dexlansoprazol 30 mg cápsulas de liberación prolongada,cápsula,1394.7497,2026-09-25,"PAMI, precio de venta al público: DECNOV (Eurofarma)",minorista,,sí,Medicamentos
Dexlansoprazol 60 mg cápsulas de liberación prolongada,cápsula,1999.1397,2026-09-25,"PAMI, precio de venta al público: DECNOV (Eurofarma)",minorista,,sí,Medicamentos
Domperidona 10 mg comprimidos,comprimido,24.6847,2026-09-25,"PAMI, precio de venta al público: DOMPERIX (Eurofarma)",minorista,,sí,Medicamentos
Duloxetina 30 mg cápsulas,cápsula,83.9470,2026-09-25,"PAMI, precio de venta al público: DULOXIN (Eurofarma)",minorista,,sí,Medicamentos
Duloxetina 30 mg cápsulas,cápsula,2072.8723,2026-09-25,"PAMI, precio de venta al público: DULOXIN (Eurofarma)",minorista,,sí,Medicamentos
Duloxetina 60 mg cápsulas,cápsula,2089.0480,2026-09-25,"PAMI, precio de venta al público: DULOXIN (Eurofarma)",minorista,,sí,Medicamentos
Empagliflozina 10 mg comprimidos,comprimido,3380.7587,2026-09-25,"PAMI, precio de venta al público: DEMPI (Eurofarma)",minorista,,sí,Medicamentos
Empagliflozina 25 mg comprimidos,comprimido,3592.0557,2026-09-25,"PAMI, precio de venta al público: DEMPI (Eurofarma)",minorista,,sí,Medicamentos
"Fólico,ác. 1 mg comprimidos",comprimido,15.1083,2026-09-25,"PAMI, precio de venta al público: NEXOVITAL FOLICO (Eurofarma)",minorista,,sí,Medicamentos
"Fólico,ác. 1 mg comprimidos",comprimido,12.8195,2026-09-25,"PAMI, precio de venta al público: NEXOVITAL FOLICO (Eurofarma)",minorista,,sí,Medicamentos
"Fólico,ác. 5 mg comprimidos",comprimido,19.9150,2026-09-25,"PAMI, precio de venta al público: NEXOVITAL FOLICO (Eurofarma)",minorista,,sí,Medicamentos
"Fólico,ác. 5 mg comprimidos",comprimido,16.8252,2026-09-25,"PAMI, precio de venta al público: NEXOVITAL FOLICO (Eurofarma)",minorista,,sí,Medicamentos
Itopride 50 mg comprimidos,comprimido,810.7387,2026-09-25,"PAMI, precio de venta al público: ITOPRID (Eurofarma)",minorista,,sí,Medicamentos
Itopride 50 mg comprimidos,comprimido,772.1472,2026-09-25,"PAMI, precio de venta al público: ITOPRID (Eurofarma)",minorista,,sí,Medicamentos
Leflunomida 20 mg comprimidos,comprimido,988.3990,2026-09-25,"PAMI, precio de venta al público: AFIANCEN (Eurofarma)",minorista,,sí,Medicamentos
Losartán 100 mg comprimidos,comprimido,742.5600,2026-09-25,"PAMI, precio de venta al público: CARTAN (Eurofarma)",minorista,,sí,Medicamentos
Losartán 50 mg comprimidos,comprimido,938.4840,2026-09-25,"PAMI, precio de venta al público: CARTAN (Eurofarma)",minorista,,sí,Medicamentos
Losartán+hidroclorotiazida 100/25 mg comprimidos,comprimido,233.6333,2026-09-25,"PAMI, precio de venta al público: CARTAN D 100 (Eurofarma)",minorista,,sí,Medicamentos
Losartán+hidroclorotiazida 50/12.5 mg comprimidos,comprimido,211.1803,2026-09-25,"PAMI, precio de venta al público: CARTAN D (Eurofarma)",minorista,,sí,Medicamentos
Mazindol 1 mg comprimidos,comprimido,91.5990,2026-09-25,"PAMI, precio de venta al público: MZ1 (Eurofarma)",minorista,,sí,Medicamentos
Mazindol 2 mg comprimidos,comprimido,101.5353,2026-09-25,"PAMI, precio de venta al público: MZ2 (Eurofarma)",minorista,,sí,Medicamentos
Mosapride 5 mg comprimidos,comprimido,26.0960,2026-09-25,"PAMI, precio de venta al público: LEVUSID (Eurofarma)",minorista,,sí,Medicamentos
Mosapride 5 mg comprimidos,comprimido,25.1813,2026-09-25,"PAMI, precio de venta al público: LEVUSID (Eurofarma)",minorista,,sí,Medicamentos
"Otilonio,bromuro 40 mg comprimidos",comprimido,952.1340,2026-09-25,"PAMI, precio de venta al público: MOTID (Eurofarma)",minorista,,sí,Medicamentos
"Otilonio,bromuro 40 mg comprimidos",comprimido,653.3840,2026-09-25,"PAMI, precio de venta al público: MOTID (Eurofarma)",minorista,,sí,Medicamentos
Paroxetina 10 mg comprimidos,comprimido,28.3667,2026-09-25,"PAMI, precio de venta al público: PONDERA 10 (Eurofarma)",minorista,,sí,Medicamentos
Paroxetina 20 mg comprimidos,comprimido,66.3417,2026-09-25,"PAMI, precio de venta al público: PONDERA 20 (Eurofarma)",minorista,,sí,Medicamentos
Rifaximina 200 mg comprimidos,comprimido,1370.2910,2026-09-25,"PAMI, precio de venta al público: COLOXIMINA (Eurofarma)",minorista,,sí,Medicamentos
Rifaximina 200 mg comprimidos,comprimido,1139.9805,2026-09-25,"PAMI, precio de venta al público: COLOXIMINA (Eurofarma)",minorista,,sí,Medicamentos
Rifaximina 400 mg comprimidos,comprimido,2515.0350,2026-09-25,"PAMI, precio de venta al público: COLOXIMINA (Eurofarma)",minorista,,sí,Medicamentos
Rifaximina 400 mg comprimidos,comprimido,2071.1183,2026-09-25,"PAMI, precio de venta al público: COLOXIMINA (Eurofarma)",minorista,,sí,Medicamentos
Rivaroxabán 10 mg comprimidos,comprimido,6211.5647,2026-09-25,"PAMI, precio de venta al público: RIBEX (Eurofarma)",minorista,,sí,Medicamentos
Rivaroxabán 15 mg comprimidos,comprimido,4180.5063,2026-09-25,"PAMI, precio de venta al público: RIBEX (Eurofarma)",minorista,,sí,Medicamentos
Rivaroxabán 20 mg comprimidos,comprimido,4201.3633,2026-09-25,"PAMI, precio de venta al público: RIBEX (Eurofarma)",minorista,,sí,Medicamentos
Rosuvastatina 10 mg comprimidos,comprimido,952.5480,2026-09-25,"PAMI, precio de venta al público: ROSULIP (Eurofarma)",minorista,,sí,Medicamentos
Rosuvastatina 20 mg comprimidos,comprimido,1675.5660,2026-09-25,"PAMI, precio de venta al público: ROSULIP (Eurofarma)",minorista,,sí,Medicamentos
Sertralina 100 mg comprimidos,comprimido,76.2830,2026-09-25,"PAMI, precio de venta al público: ERTA (Eurofarma)",minorista,,sí,Medicamentos
Sertralina 100 mg comprimidos,comprimido,72.1627,2026-09-25,"PAMI, precio de venta al público: ERTA (Eurofarma)",minorista,,sí,Medicamentos
Sertralina 25 mg comprimidos,comprimido,30.3130,2026-09-25,"PAMI, precio de venta al público: ERTA (Eurofarma)",minorista,,sí,Medicamentos
Sertralina 25 mg comprimidos,comprimido,15.6607,2026-09-25,"PAMI, precio de venta al público: ERTA (Eurofarma)",minorista,,sí,Medicamentos
Sertralina 50 mg comprimidos,comprimido,41.8590,2026-09-25,"PAMI, precio de venta al público: ERTA (Eurofarma)",minorista,,sí,Medicamentos
Sertralina 50 mg comprimidos,comprimido,42.3050,2026-09-25,"PAMI, precio de venta al público: ERTA (Eurofarma)",minorista,,sí,Medicamentos
Tamsulosina 0.4 mg cápsulas,cápsula,1623.6477,2026-09-25,"PAMI, precio de venta al público: ACLOSAN (Eurofarma)",minorista,,sí,Medicamentos
Trimebutina 200 mg comprimidos,comprimido,23.2173,2026-09-25,"PAMI, precio de venta al público: PROCINET NF (Eurofarma)",minorista,,sí,Medicamentos
"Ursodesoxicólico,ác. 150 mg comprimidos",comprimido,1105.9865,2026-09-25,"PAMI, precio de venta al público: URZAC (Eurofarma)",minorista,,sí,Medicamentos
"Ursodesoxicólico,ác. 300 mg comprimidos",comprimido,1449.8837,2026-09-25,"PAMI, precio de venta al público: URZAC (Eurofarma)",minorista,,sí,Medicamentos
"Ursodesoxicólico,ác. 300 mg comprimidos",comprimido,1734.7682,2026-09-25,"PAMI, precio de venta al público: URZAC (Eurofarma)",minorista,,sí,Medicamentos
"Ursodesoxicólico,ác. 500 mg comprimidos",comprimido,2764.2383,2026-09-25,"PAMI, precio de venta al público: URZAC FORTE (Eurofarma)",minorista,,sí,Medicamentos
Venlafaxina 150 mg cápsulas de liberación prolongada,cápsula,60.3339,2026-09-25,"PAMI, precio de venta al público: PSISEVEN (Eurofarma)",minorista,,sí,Medicamentos
Venlafaxina 37.5mg cápsulas de liberación prolongada,cápsula,39.5939,2026-09-25,"PAMI, precio de venta al público: PSISEVEN (Eurofarma)",minorista,,sí,Medicamentos
Venlafaxina 75 mg cápsulas de liberación prolongada,cápsula,43.8368,2026-09-25,"PAMI, precio de venta al público: PSISEVEN (Eurofarma)",minorista,,sí,Medicamentos
Ciprofloxacina 500 mg comprimidos,comprimido,1395.0000,2026-09-25,"PAMI, precio de venta al público: MEDAFLOX (Eurolab)",minorista,,sí,Medicamentos
Ciprofloxacina 500 mg comprimidos,comprimido,1299.0000,2026-09-25,"PAMI, precio de venta al público: MEDAFLOX (Eurolab)",minorista,,sí,Medicamentos
Dutasteride 0.5 mg comprimidos,comprimido,1530.1220,2026-09-25,"PAMI, precio de venta al público: DECITON (Eurolab)",minorista,,sí,Medicamentos
Finasteride 5 mg comprimidos,comprimido,1203.3333,2026-09-25,"PAMI, precio de venta al público: FINTERAC (Eurolab)",minorista,,sí,Medicamentos
Nitrofurantoína 100 mg cápsulas,cápsula,1220.8383,2026-09-25,"PAMI, precio de venta al público: UROFURAN (Eurolab)",minorista,,sí,Medicamentos
"Retinoico,ác.+asoc. 0.005% crema",1 g,19.3333,2026-09-25,"PAMI, precio de venta al público: PURALOE (Eurolab)",minorista,,sí,Medicamentos
"Retinoico,ác.+asoc. 0.025% crema",1 g,88.3333,2026-09-25,"PAMI, precio de venta al público: PURALOE (Eurolab)",minorista,,sí,Medicamentos
"Retinoico,ác.+asoc. 0.025% gel",1 g,29.8333,2026-09-25,"PAMI, precio de venta al público: PURALOE (Eurolab)",minorista,,sí,Medicamentos
"Retinoico,ác.+asoc. 0.05% crema",1 g,88.3333,2026-09-25,"PAMI, precio de venta al público: PURALOE (Eurolab)",minorista,,sí,Medicamentos
"Retinoico,ác.+asoc. 0.05% gel",1 g,29.8333,2026-09-25,"PAMI, precio de venta al público: PURALOE (Eurolab)",minorista,,sí,Medicamentos
Tamsulosina 0.4 mg cápsulas de liberación prolongada,cápsula,1478.4123,2026-09-25,"PAMI, precio de venta al público: UROCETINA (Eurolab)",minorista,,sí,Medicamentos
Rivaroxabán 10 mg comprimidos,comprimido,3964.9007,2026-09-25,"PAMI, precio de venta al público: RIVAREX (Everex)",minorista,,sí,Medicamentos
Rivaroxabán 15 mg comprimidos,comprimido,1478.1447,2026-09-25,"PAMI, precio de venta al público: RIVAREX (Everex)",minorista,,sí,Medicamentos
Rivaroxabán 20 mg comprimidos,comprimido,1495.4053,2026-09-25,"PAMI, precio de venta al público: RIVAREX (Everex)",minorista,,sí,Medicamentos
Amlodipina 10 mg comprimidos,comprimido,1169.9710,2026-09-25,"PAMI, precio de venta al público: ANGIOFILINA (Fabra)",minorista,,sí,Medicamentos
Amlodipina 5 mg comprimidos,comprimido,618.6080,2026-09-25,"PAMI, precio de venta al público: ANGIOFILINA (Fabra)",minorista,,sí,Medicamentos
Amoxicilina 1000 mg comprimidos,comprimido,1634.7300,2026-09-25,"PAMI, precio de venta al público: DARZITIL (Fabra)",minorista,,sí,Medicamentos
Amoxicilina 1000 mg comprimidos,comprimido,1432.0825,2026-09-25,"PAMI, precio de venta al público: DARZITIL (Fabra)",minorista,,sí,Medicamentos
Amoxicilina 250 mg jarabe,1 ml,113.7153,2026-09-25,"PAMI, precio de venta al público: DARZITIL (Fabra)",minorista,,sí,Medicamentos
Amoxicilina 500 mg comprimidos,comprimido,538.0788,2026-09-25,"PAMI, precio de venta al público: DARZITIL (Fabra)",minorista,,sí,Medicamentos
Amoxicilina 500 mg comprimidos,comprimido,519.7814,2026-09-25,"PAMI, precio de venta al público: DARZITIL (Fabra)",minorista,,sí,Medicamentos
Amoxicilina 500 mg comprimidos,comprimido,544.0700,2026-09-25,"PAMI, precio de venta al público: DARZITIL (Fabra)",minorista,,sí,Medicamentos
Amoxicilina 500 mg jarabe,1 ml,130.0457,2026-09-25,"PAMI, precio de venta al público: DARZITIL (Fabra)",minorista,,sí,Medicamentos
Amoxicilina 500 mg jarabe,1 ml,178.8977,2026-09-25,"PAMI, precio de venta al público: DARZITIL (Fabra)",minorista,,sí,Medicamentos
Amoxicilina 500 mg jarabe,1 ml,121.8904,2026-09-25,"PAMI, precio de venta al público: DARZITIL (Fabra)",minorista,,sí,Medicamentos
Amoxicilina 750 mg suspensión oral,1 ml,187.7163,2026-09-25,"PAMI, precio de venta al público: DARZITIL DUO (Fabra)",minorista,,sí,Medicamentos
Amoxicilina 875 mg comprimidos,comprimido,928.5479,2026-09-25,"PAMI, precio de venta al público: DARZITIL DUO (Fabra)",minorista,,sí,Medicamentos
Ampicilina 1000 mg comprimidos,comprimido,1578.6800,2026-09-25,"PAMI, precio de venta al público: AMPIGEN (Fabra)",minorista,,sí,Medicamentos
Ampicilina 500 mg comprimidos,comprimido,1068.1894,2026-09-25,"PAMI, precio de venta al público: AMPIGEN (Fabra)",minorista,,sí,Medicamentos
Ampicilina 500 mg comprimidos,comprimido,952.8150,2026-09-25,"PAMI, precio de venta al público: AMPIGEN (Fabra)",minorista,,sí,Medicamentos
Atorvastatín 10 mg comprimidos,comprimido,1387.5210,2026-09-25,"PAMI, precio de venta al público: ATORVASTATINA FABRA (Fabra)",minorista,,sí,Medicamentos
Atorvastatín 20 mg comprimidos,comprimido,2364.8817,2026-09-25,"PAMI, precio de venta al público: ATORVASTATINA FABRA (Fabra)",minorista,,sí,Medicamentos
Azitromicina 200 mg/5ml jarabe,1 ml,1055.7900,2026-09-25,"PAMI, precio de venta al público: FABRAMICINA (Fabra)",minorista,,sí,Medicamentos
Azitromicina 500 mg comprimidos,comprimido,4672.4067,2026-09-25,"PAMI, precio de venta al público: FABRAMICINA (Fabra)",minorista,,sí,Medicamentos
Bromazepam 3 mg comprimidos,comprimido,215.7160,2026-09-25,"PAMI, precio de venta al público: ESTOMINA (Fabra)",minorista,,sí,Medicamentos
Bromazepam 6 mg comprimidos,comprimido,341.1900,2026-09-25,"PAMI, precio de venta al público: ESTOMINA (Fabra)",minorista,,sí,Medicamentos
Carbamazepina 200 mg comprimidos,comprimido,653.5477,2026-09-25,"PAMI, precio de venta al público: CARBAMAZEPINA FABRA (Fabra)",minorista,,sí,Medicamentos
Cefadroxilo 250 mg suspensión oral,1 ml,115.5337,2026-09-25,"PAMI, precio de venta al público: CEFADROXILO FABRA (Fabra)",minorista,,sí,Medicamentos
Cefadroxilo 500 mg comprimidos,comprimido,1452.3537,2026-09-25,"PAMI, precio de venta al público: CEFADROXILO FABRA (Fabra)",minorista,,sí,Medicamentos
Cefadroxilo 500 mg comprimidos,comprimido,1548.6637,2026-09-25,"PAMI, precio de venta al público: CEFADROXILO FABRA (Fabra)",minorista,,sí,Medicamentos
Cefalexina 1000 mg comprimidos,comprimido,1659.8656,2026-09-25,"PAMI, precio de venta al público: CEFALEXINA FABRA (Fabra)",minorista,,sí,Medicamentos
Cefalexina 1000 mg comprimidos,comprimido,1682.7538,2026-09-25,"PAMI, precio de venta al público: CEFALEXINA FABRA (Fabra)",minorista,,sí,Medicamentos
Cefalexina 250 mg jarabe,1 ml,101.5145,2026-09-25,"PAMI, precio de venta al público: CEFALEXINA FABRA (Fabra)",minorista,,sí,Medicamentos
Cefalexina 250 mg jarabe,1 ml,96.0898,2026-09-25,"PAMI, precio de venta al público: CEFALEXINA FABRA (Fabra)",minorista,,sí,Medicamentos
Cefalexina 500 mg comprimidos,comprimido,866.2225,2026-09-25,"PAMI, precio de venta al público: CEFALEXINA FABRA (Fabra)",minorista,,sí,Medicamentos
Cefalexina 500 mg comprimidos,comprimido,994.5137,2026-09-25,"PAMI, precio de venta al público: CEFALEXINA FABRA (Fabra)",minorista,,sí,Medicamentos
Cefalexina 500 mg jarabe,1 ml,144.4617,2026-09-25,"PAMI, precio de venta al público: CEFALEXINA FABRA (Fabra)",minorista,,sí,Medicamentos
Cefalexina 500 mg jarabe,1 ml,228.7808,2026-09-25,"PAMI, precio de venta al público: CEFALEXINA FABRA (Fabra)",minorista,,sí,Medicamentos
Cefalexina 500 mg jarabe,1 ml,158.0183,2026-09-25,"PAMI, precio de venta al público: CEFALEXINA FABRA (Fabra)",minorista,,sí,Medicamentos
Ceftriaxona 1 g frasco ampolla,frasco ampolla,26583.4200,2026-09-25,"PAMI, precio de venta al público: CEFTRIAXONA FABRA (Fabra)",minorista,,sí,Medicamentos
Ciprofloxacina 500 mg comprimidos,comprimido,1912.7140,2026-09-25,"PAMI, precio de venta al público: CIPROFLOXACINA FABRA (Fabra)",minorista,,sí,Medicamentos
Claritromicina 500 mg comprimidos,comprimido,2199.2813,2026-09-25,"PAMI, precio de venta al público: CLARITROMICINA FABRA (Fabra)",minorista,,sí,Medicamentos
Clindamicina 600 mg ampollas,ampolla,6417.1700,2026-09-25,"PAMI, precio de venta al público: CLINDAMICINA FABRA (Fabra)",minorista,,sí,Medicamentos
Clozapina 100 mg comprimidos,comprimido,2475.1930,2026-09-25,"PAMI, precio de venta al público: CLOZAPINA FABRA (Fabra)",minorista,,sí,Medicamentos
Clozapina 100 mg comprimidos,comprimido,2252.4297,2026-09-25,"PAMI, precio de venta al público: CLOZAPINA FABRA (Fabra)",minorista,,sí,Medicamentos
Clozapina 25 mg comprimidos,comprimido,803.6880,2026-09-25,"PAMI, precio de venta al público: CLOZAPINA FABRA (Fabra)",minorista,,sí,Medicamentos
Diazepam 10 mg comprimidos,comprimido,331.3038,2026-09-25,"PAMI, precio de venta al público: DIAZEPAM FABRA (Fabra)",minorista,,sí,Medicamentos
Enalapril 10 mg comprimidos,comprimido,414.0785,2026-09-25,"PAMI, precio de venta al público: PRESI REGUL (Fabra)",minorista,,sí,Medicamentos
Enalapril 10 mg comprimidos,comprimido,399.3267,2026-09-25,"PAMI, precio de venta al público: PRESI REGUL (Fabra)",minorista,,sí,Medicamentos
Enalapril 10 mg comprimidos,comprimido,371.8842,2026-09-25,"PAMI, precio de venta al público: PRESI REGUL (Fabra)",minorista,,sí,Medicamentos
Enalapril 10 mg comprimidos,comprimido,381.7255,2026-09-25,"PAMI, precio de venta al público: PRESI REGUL (Fabra)",minorista,,sí,Medicamentos
Enalapril 20 mg comprimidos,comprimido,498.6137,2026-09-25,"PAMI, precio de venta al público: PRESI REGUL (Fabra)",minorista,,sí,Medicamentos
Enalapril 20 mg comprimidos,comprimido,450.9680,2026-09-25,"PAMI, precio de venta al público: PRESI REGUL (Fabra)",minorista,,sí,Medicamentos
Enalapril 20 mg comprimidos,comprimido,444.4292,2026-09-25,"PAMI, precio de venta al público: PRESI REGUL (Fabra)",minorista,,sí,Medicamentos
Enalapril+hidroclorotiazida 10 mg comprimidos,comprimido,659.1510,2026-09-25,"PAMI, precio de venta al público: PRESI REGUL D (Fabra)",minorista,,sí,Medicamentos
Enalapril+hidroclorotiazida 10 mg comprimidos,comprimido,579.5903,2026-09-25,"PAMI, precio de venta al público: PRESI REGUL D (Fabra)",minorista,,sí,Medicamentos
Fenoximetilpenicilina 1000000 ui comprimidos,comprimido,762.7692,2026-09-25,"PAMI, precio de venta al público: FENOXIMETILPENICILINA FABRA (Fabra)",minorista,,sí,Medicamentos
Fenoximetilpenicilina 1500000 ui comprimidos,comprimido,1214.7100,2026-09-25,"PAMI, precio de venta al público: FENOXIMETILPENICILINA FABRA (Fabra)",minorista,,sí,Medicamentos
Fenoximetilpenicilina 300000 ui/5ml jarabe,1 ml,161.2412,2026-09-25,"PAMI, precio de venta al público: FENOXIMETILPENICILINA FABRA (Fabra)",minorista,,sí,Medicamentos
Ibuprofeno 400 mg comprimidos,comprimido,490.5000,2026-09-25,"PAMI, precio de venta al público: IBUFABRA (Fabra)",minorista,,sí,Medicamentos
Ibuprofeno 400 mg comprimidos,comprimido,445.2000,2026-09-25,"PAMI, precio de venta al público: IBUFABRA (Fabra)",minorista,,sí,Medicamentos
Ibuprofeno 600 mg comprimidos,comprimido,1010.6000,2026-09-25,"PAMI, precio de venta al público: IBUFABRA (Fabra)",minorista,,sí,Medicamentos
Ibuprofeno 600 mg comprimidos,comprimido,880.8500,2026-09-25,"PAMI, precio de venta al público: IBUFABRA (Fabra)",minorista,,sí,Medicamentos
Isoxsuprina 10 mg comprimidos,comprimido,1295.3720,2026-09-25,"PAMI, precio de venta al público: ISOXSUPRINA FABRA (Fabra)",minorista,,sí,Medicamentos
Isoxsuprina 20 mg comprimidos,comprimido,2049.6970,2026-09-25,"PAMI, precio de venta al público: ISOXSUPRINA FABRA (Fabra)",minorista,,sí,Medicamentos
Ketoconazol 200 mg comprimidos,comprimido,1357.9000,2026-09-25,"PAMI, precio de venta al público: KETOCONAZOL FABRA (Fabra)",minorista,,sí,Medicamentos
Ketorolac 10 mg comprimidos,comprimido,551.5845,2026-09-25,"PAMI, precio de venta al público: KETOROLAC FABRA (Fabra)",minorista,,sí,Medicamentos
Ketorolac 20 mg comprimidos,comprimido,1032.5390,2026-09-25,"PAMI, precio de venta al público: KETOROLAC FABRA (Fabra)",minorista,,sí,Medicamentos
Levotiroxina 0.10 mg comprimidos,comprimido,266.0708,2026-09-25,"PAMI, precio de venta al público: LEVOTIROXINA FABRA 100 (Fabra)",minorista,,sí,Medicamentos
Losartán 50 mg comprimidos,comprimido,936.4490,2026-09-25,"PAMI, precio de venta al público: CORTICOSAN (Fabra)",minorista,,sí,Medicamentos
Mebendazol 100 mg comprimidos,comprimido,1112.6100,2026-09-25,"PAMI, precio de venta al público: MEBENDAZOL FABRA (Fabra)",minorista,,sí,Medicamentos
Mebendazol 500 mg comprimidos,comprimido,1969.1683,2026-09-25,"PAMI, precio de venta al público: MEBENDAZOL FABRA (Fabra)",minorista,,sí,Medicamentos
Metronidazol 125 mg/5 ml suspensión oral,1 ml,102.8243,2026-09-25,"PAMI, precio de venta al público: METRONIDAZOL FABRA (Fabra)",minorista,,sí,Medicamentos
Metronidazol 500 mg comprimidos,comprimido,993.8910,2026-09-25,"PAMI, precio de venta al público: METRONIDAZOL FABRA (Fabra)",minorista,,sí,Medicamentos
Norfloxacina 400 mg comprimidos,comprimido,1354.1730,2026-09-25,"PAMI, precio de venta al público: NORFLOXACINA FABRA (Fabra)",minorista,,sí,Medicamentos
Penicilina g benzatínica 1200000 ui frasco ampolla,frasco ampolla,13118.3800,2026-09-25,"PAMI, precio de venta al público: PENICILINA G BENZATINICA (Fabra)",minorista,,sí,Medicamentos
Penicilina g benzatínica 2400000 ui frasco ampolla,frasco ampolla,21715.8500,2026-09-25,"PAMI, precio de venta al público: PENICILINA G BENZATINICA (Fabra)",minorista,,sí,Medicamentos
Risperidona 1 mg comprimidos,comprimido,778.0005,2026-09-25,"PAMI, precio de venta al público: RISPERIDONA FABRA (Fabra)",minorista,,sí,Medicamentos
Risperidona 2 mg comprimidos,comprimido,1621.7085,2026-09-25,"PAMI, precio de venta al público: RISPERIDONA FABRA (Fabra)",minorista,,sí,Medicamentos
Salbutamol 0.5% gotas,1 ml,547.3380,2026-09-25,"PAMI, precio de venta al público: SALBUTAMOL FABRA (Fabra)",minorista,,sí,Medicamentos
Simvastatin 10 mg comprimidos,comprimido,764.0687,2026-09-25,"PAMI, precio de venta al público: SIMVASTATINA FABRA (Fabra)",minorista,,sí,Medicamentos
Simvastatin 20 mg comprimidos,comprimido,978.9903,2026-09-25,"PAMI, precio de venta al público: SIMVASTATINA FABRA (Fabra)",minorista,,sí,Medicamentos
Sultamicilina 375 mg comprimidos,comprimido,81.7125,2026-09-25,"PAMI, precio de venta al público: AMPIGEN SB (Fabra)",minorista,,sí,Medicamentos
Vancomicina 1000 mg frasco ampolla,frasco ampolla,44301.9500,2026-09-25,"PAMI, precio de venta al público: VANCOMICINA FABRA (Fabra)",minorista,,sí,Medicamentos
Vancomicina 500 mg frasco ampolla,frasco ampolla,24703.4100,2026-09-25,"PAMI, precio de venta al público: VANCOMICINA FABRA (Fabra)",minorista,,sí,Medicamentos
Amlodipina 10 mg comprimidos,comprimido,800.9463,2026-09-25,"PAMI, precio de venta al público: BRANCILINA (Fecofar)",minorista,,sí,Medicamentos
Amlodipina 5 mg comprimidos,comprimido,443.6753,2026-09-25,"PAMI, precio de venta al público: BRANCILINA (Fecofar)",minorista,,sí,Medicamentos
"Amlodipina+losartán,potásico 5/100 mg comprimidos",comprimido,986.8340,2026-09-25,"PAMI, precio de venta al público: ANTIPRESOL A 100 (Fecofar)",minorista,,sí,Medicamentos
"Amlodipina+losartán,potásico 5/50 mg comprimidos",comprimido,821.8053,2026-09-25,"PAMI, precio de venta al público: ANTIPRESOL A (Fecofar)",minorista,,sí,Medicamentos
Amoxicilina 250 mg jarabe,1 ml,1.1549,2026-09-25,"PAMI, precio de venta al público: AMOXICILINA FECOFAR (Fecofar)",minorista,,sí,Medicamentos
Amoxicilina 250 mg jarabe,1 ml,5.9025,2026-09-25,"PAMI, precio de venta al público: AMOXICILINA FECOFAR (Fecofar)",minorista,,sí,Medicamentos
Amoxicilina 250 mg jarabe,1 ml,96.6744,2026-09-25,"PAMI, precio de venta al público: AMOXICILINA FECOFAR (Fecofar)",minorista,,sí,Medicamentos
Amoxicilina 500 mg comprimidos,comprimido,400.1325,2026-09-25,"PAMI, precio de venta al público: AMOXICILINA FECOFAR (Fecofar)",minorista,,sí,Medicamentos
Amoxicilina 500 mg comprimidos,comprimido,460.7638,2026-09-25,"PAMI, precio de venta al público: AMOXICILINA FECOFAR (Fecofar)",minorista,,sí,Medicamentos
Amoxicilina 500 mg jarabe,1 ml,109.4893,2026-09-25,"PAMI, precio de venta al público: AMOXICILINA FECOFAR (Fecofar)",minorista,,sí,Medicamentos
Amoxicilina 500 mg jarabe,1 ml,110.8533,2026-09-25,"PAMI, precio de venta al público: AMOXICILINA FECOFAR (Fecofar)",minorista,,sí,Medicamentos
Amoxicilina 500 mg jarabe,1 ml,117.2260,2026-09-25,"PAMI, precio de venta al público: AMOXICILINA FECOFAR (Fecofar)",minorista,,sí,Medicamentos
Amoxicilina 750 mg jarabe,1 ml,175.2896,2026-09-25,"PAMI, precio de venta al público: AMOXICILINA FECOFAR DUO (Fecofar)",minorista,,sí,Medicamentos
Amoxicilina 875 mg comprimidos,comprimido,771.9964,2026-09-25,"PAMI, precio de venta al público: AMOXICILINA FECOFAR DUO (Fecofar)",minorista,,sí,Medicamentos
Atenolol 50 mg comprimidos,comprimido,186.5997,2026-09-25,"PAMI, precio de venta al público: SMILAX 50 (Fecofar)",minorista,,sí,Medicamentos
Atorvastatín 10 mg comprimidos,comprimido,1078.7297,2026-09-25,"PAMI, precio de venta al público: LIPOKEMIA 10 (Fecofar)",minorista,,sí,Medicamentos
Atorvastatín 20 mg comprimidos,comprimido,1816.0860,2026-09-25,"PAMI, precio de venta al público: LIPOKEMIA 20 (Fecofar)",minorista,,sí,Medicamentos
Atorvastatín 40 mg comprimidos,comprimido,1963.7760,2026-09-25,"PAMI, precio de venta al público: LIPOKEMIA 40 (Fecofar)",minorista,,sí,Medicamentos
Atorvastatín+ezetimibe 10/10 mg comprimidos,comprimido,1278.3183,2026-09-25,"PAMI, precio de venta al público: LIPOKEMIA PLUS 10/10 (Fecofar)",minorista,,sí,Medicamentos
Atorvastatín+ezetimibe 20/10 mg comprimidos,comprimido,1800.2590,2026-09-25,"PAMI, precio de venta al público: LIPOKEMIA PLUS 20/10 (Fecofar)",minorista,,sí,Medicamentos
Bisoprolol 10 mg comprimidos,comprimido,680.4457,2026-09-25,"PAMI, precio de venta al público: BISOFEC 10 (Fecofar)",minorista,,sí,Medicamentos
Bisoprolol 2.5 mg comprimidos,comprimido,290.4043,2026-09-25,"PAMI, precio de venta al público: BISOFEC 2.5 (Fecofar)",minorista,,sí,Medicamentos
Bisoprolol 5 mg comprimidos,comprimido,531.4940,2026-09-25,"PAMI, precio de venta al público: BISOFEC 5 (Fecofar)",minorista,,sí,Medicamentos
Cefalexina 500 mg comprimidos,comprimido,738.6756,2026-09-25,"PAMI, precio de venta al público: CEFALEXINA FECOFAR (Fecofar)",minorista,,sí,Medicamentos
Cefalexina 500 mg comprimidos,comprimido,781.4950,2026-09-25,"PAMI, precio de venta al público: CEFALEXINA FECOFAR (Fecofar)",minorista,,sí,Medicamentos
Cefalexina 500 mg suspensión oral,1 ml,159.2487,2026-09-25,"PAMI, precio de venta al público: CEFALEXINA FECOFAR (Fecofar)",minorista,,sí,Medicamentos
Cefalexina 500 mg suspensión oral,1 ml,144.4906,2026-09-25,"PAMI, precio de venta al público: CEFALEXINA FECOFAR (Fecofar)",minorista,,sí,Medicamentos
Ciprofloxacina 500 mg comprimidos,comprimido,1814.6960,2026-09-25,"PAMI, precio de venta al público: SEPTOCORT (Fecofar)",minorista,,sí,Medicamentos
Claritromicina 500 mg comprimidos,comprimido,1791.7456,2026-09-25,"PAMI, precio de venta al público: NEUMODRYL (Fecofar)",minorista,,sí,Medicamentos
Clopidogrel 75 mg comprimidos,comprimido,1799.7900,2026-09-25,"PAMI, precio de venta al público: TRIUROL (Fecofar)",minorista,,sí,Medicamentos
Diclofenac sódico 75 mg comprimidos,comprimido,752.5953,2026-09-25,"PAMI, precio de venta al público: IGLODINE 75 (Fecofar)",minorista,,sí,Medicamentos
Diclofenac sódico 75 mg comprimidos,comprimido,647.7023,2026-09-25,"PAMI, precio de venta al público: IGLODINE 75 (Fecofar)",minorista,,sí,Medicamentos
Etoricoxib 120 mg comprimidos,comprimido,1844.5700,2026-09-25,"PAMI, precio de venta al público: IGLODINE COX 120 (Fecofar)",minorista,,sí,Medicamentos
Etoricoxib 60 mg comprimidos,comprimido,1103.8561,2026-09-25,"PAMI, precio de venta al público: IGLODINE COX 60 (Fecofar)",minorista,,sí,Medicamentos
Etoricoxib 90 mg comprimidos,comprimido,1761.0029,2026-09-25,"PAMI, precio de venta al público: IGLODINE COX 90 (Fecofar)",minorista,,sí,Medicamentos
Etoricoxib 90 mg comprimidos,comprimido,1420.6543,2026-09-25,"PAMI, precio de venta al público: IGLODINE COX 90 (Fecofar)",minorista,,sí,Medicamentos
Fluconazol 150 mg comprimidos,comprimido,7311.0100,2026-09-25,"PAMI, precio de venta al público: KEMICOL F 150 (Fecofar)",minorista,,sí,Medicamentos
Fluconazol 150 mg comprimidos,comprimido,6175.6150,2026-09-25,"PAMI, precio de venta al público: KEMICOL F 150 (Fecofar)",minorista,,sí,Medicamentos
Fluconazol 150 mg comprimidos,comprimido,3867.9875,2026-09-25,"PAMI, precio de venta al público: KEMICOL F 150 (Fecofar)",minorista,,sí,Medicamentos
Fluconazol 150 mg comprimidos,comprimido,4921.7887,2026-09-25,"PAMI, precio de venta al público: KEMICOL F 150 (Fecofar)",minorista,,sí,Medicamentos
Ibuprofeno 400 mg comprimidos,comprimido,31.0805,2026-09-25,"PAMI, precio de venta al público: IBUPROFENO FECOFAR (Fecofar)",minorista,,sí,Medicamentos
Ibuprofeno 600 mg comprimidos,comprimido,559.6000,2026-09-25,"PAMI, precio de venta al público: IBUFEC 600 (Fecofar)",minorista,,sí,Medicamentos
Ibuprofeno 600 mg comprimidos,comprimido,531.2940,2026-09-25,"PAMI, precio de venta al público: IBUFEC 600 (Fecofar)",minorista,,sí,Medicamentos
Ibuprofeno 600 mg comprimidos,comprimido,78.8390,2026-09-25,"PAMI, precio de venta al público: IBUPROFENO 600 FECOFAR (Fecofar)",minorista,,sí,Medicamentos
Ibuprofeno 600 mg comprimidos,comprimido,108.7295,2026-09-25,"PAMI, precio de venta al público: IBUPROFENO 600 FECOFAR (Fecofar)",minorista,,sí,Medicamentos
Losartán 100 mg comprimidos,comprimido,972.6107,2026-09-25,"PAMI, precio de venta al público: ANTIPRESOL (Fecofar)",minorista,,sí,Medicamentos
Losartán 50 mg comprimidos,comprimido,793.5443,2026-09-25,"PAMI, precio de venta al público: ANTIPRESOL (Fecofar)",minorista,,sí,Medicamentos
Losartán+hidroclorotiazida 100/25 mg comprimidos,comprimido,1033.9297,2026-09-25,"PAMI, precio de venta al público: ANTIPRESOL D (Fecofar)",minorista,,sí,Medicamentos
Losartán+hidroclorotiazida 50/12.5 mg comprimidos,comprimido,931.2960,2026-09-25,"PAMI, precio de venta al público: ANTIPRESOL D (Fecofar)",minorista,,sí,Medicamentos
Metformina 500 mg comprimidos,comprimido,210.3065,2026-09-25,"PAMI, precio de venta al público: PROGEN MET CONTROL (Fecofar)",minorista,,sí,Medicamentos
Metformina 500 mg comprimidos,comprimido,243.5227,2026-09-25,"PAMI, precio de venta al público: PROGEN MET CONTROL (Fecofar)",minorista,,sí,Medicamentos
Metformina 500 mg comprimidos,comprimido,239.5913,2026-09-25,"PAMI, precio de venta al público: PROGEN MET CONTROL (Fecofar)",minorista,,sí,Medicamentos
Metformina 850 mg comprimidos,comprimido,392.0095,2026-09-25,"PAMI, precio de venta al público: PROGEN MET AP CONTROL (Fecofar)",minorista,,sí,Medicamentos
Metformina 850 mg comprimidos,comprimido,425.2490,2026-09-25,"PAMI, precio de venta al público: PROGEN MET AP CONTROL (Fecofar)",minorista,,sí,Medicamentos
Metformina 850 mg comprimidos,comprimido,197.8710,2026-09-25,"PAMI, precio de venta al público: PROGEN MET AP CONTROL (Fecofar)",minorista,,sí,Medicamentos
Rosuvastatina 10 mg comprimidos,comprimido,699.9267,2026-09-25,"PAMI, precio de venta al público: ROSUFEC 10 (Fecofar)",minorista,,sí,Medicamentos
Rosuvastatina 20 mg comprimidos,comprimido,1233.0713,2026-09-25,"PAMI, precio de venta al público: ROSUFEC 20 (Fecofar)",minorista,,sí,Medicamentos
Rosuvastatina 40 mg comprimidos,comprimido,2097.4907,2026-09-25,"PAMI, precio de venta al público: ROSUFEC 40 (Fecofar)",minorista,,sí,Medicamentos
Tadalafilo 20 mg comprimidos,comprimido,9990.7600,2026-09-25,"PAMI, precio de venta al público: EQUITONE (Fecofar)",minorista,,sí,Medicamentos
Tadalafilo 5 mg comprimidos,comprimido,2881.3520,2026-09-25,"PAMI, precio de venta al público: EQUITONE (Fecofar)",minorista,,sí,Medicamentos
Valsartán 160 mg comprimidos,comprimido,1132.2532,2026-09-25,"PAMI, precio de venta al público: VALSARFEC (Fecofar)",minorista,,sí,Medicamentos
Valsartán 160 mg comprimidos,comprimido,1107.4370,2026-09-25,"PAMI, precio de venta al público: VALSARFEC (Fecofar)",minorista,,sí,Medicamentos
Valsartán 320 mg comprimidos,comprimido,1217.2104,2026-09-25,"PAMI, precio de venta al público: VALSARFEC (Fecofar)",minorista,,sí,Medicamentos
Valsartán 320 mg comprimidos,comprimido,1184.0110,2026-09-25,"PAMI, precio de venta al público: VALSARFEC (Fecofar)",minorista,,sí,Medicamentos
Valsartán 80 mg comprimidos,comprimido,876.8886,2026-09-25,"PAMI, precio de venta al público: VALSARFEC (Fecofar)",minorista,,sí,Medicamentos
Valsartán 80 mg comprimidos,comprimido,839.1737,2026-09-25,"PAMI, precio de venta al público: VALSARFEC (Fecofar)",minorista,,sí,Medicamentos
Valsartán+hidroclorotiazida 160/12.5 mg comprimidos,comprimido,1094.5261,2026-09-25,"PAMI, precio de venta al público: VALSARFEC D (Fecofar)",minorista,,sí,Medicamentos
Valsartán+hidroclorotiazida 160/12.5 mg comprimidos,comprimido,1039.3427,2026-09-25,"PAMI, precio de venta al público: VALSARFEC D (Fecofar)",minorista,,sí,Medicamentos
Valsartán+hidroclorotiazida 160/25 mg comprimidos,comprimido,1135.3283,2026-09-25,"PAMI, precio de venta al público: VALSARFEC D (Fecofar)",minorista,,sí,Medicamentos
Valsartán+hidroclorotiazida 160/25mg comprimidos,comprimido,1271.4636,2026-09-25,"PAMI, precio de venta al público: VALSARFEC D (Fecofar)",minorista,,sí,Medicamentos
Valsartán+hidroclorotiazida 80/12.5 mg comprimidos,comprimido,942.8679,2026-09-25,"PAMI, precio de venta al público: VALSARFEC D (Fecofar)",minorista,,sí,Medicamentos
Valsartán+hidroclorotiazida 80/12.5 mg comprimidos,comprimido,940.5323,2026-09-25,"PAMI, precio de venta al público: VALSARFEC D (Fecofar)",minorista,,sí,Medicamentos
Mesalazina 1 g comprimidos,comprimido,5669.6247,2026-09-25,"PAMI, precio de venta al público: PENTASA (Ferring)",minorista,,sí,Medicamentos
Mesalazina 1 g comprimidos,comprimido,5332.5835,2026-09-25,"PAMI, precio de venta al público: PENTASA (Ferring)",minorista,,sí,Medicamentos
Mesalazina 1 g sobres,sobre,5388.5566,2026-09-25,"PAMI, precio de venta al público: PENTASA (Ferring)",minorista,,sí,Medicamentos
Mesalazina 1 g supositorios,supositorio,8301.9411,2026-09-25,"PAMI, precio de venta al público: PENTASA (Ferring)",minorista,,sí,Medicamentos
Mesalazina 2 g sobres,sobre,10707.5790,2026-09-25,"PAMI, precio de venta al público: PENTASA (Ferring)",minorista,,sí,Medicamentos
Mesalazina 4 g sobres,sobre,19832.5807,2026-09-25,"PAMI, precio de venta al público: PENTASA (Ferring)",minorista,,sí,Medicamentos
Mesalazina 500 mg comprimidos,comprimido,2688.9289,2026-09-25,"PAMI, precio de venta al público: PENTASA (Ferring)",minorista,,sí,Medicamentos
Mesalazina 500 mg comprimidos,comprimido,2815.7684,2026-09-25,"PAMI, precio de venta al público: PENTASA (Ferring)",minorista,,sí,Medicamentos
Oxibutinina 1 mg/ml jarabe,1 ml,38.1141,2026-09-25,"PAMI, precio de venta al público: OXIBUTININA FERRING (Ferring)",minorista,,sí,Medicamentos
Oxibutinina 5 mg comprimidos,comprimido,191.6105,2026-09-25,"PAMI, precio de venta al público: OXIBUTININA FERRING (Ferring)",minorista,,sí,Medicamentos
Oxibutinina 5 mg comprimidos,comprimido,183.1376,2026-09-25,"PAMI, precio de venta al público: OXIBUTININA FERRING (Ferring)",minorista,,sí,Medicamentos
Progesterona 100 mg cápsulas,cápsula,1520.6000,2026-09-25,"PAMI, precio de venta al público: UTROGESTAN (Ferring)",minorista,,sí,Medicamentos
Progesterona 200 mg cápsulas,cápsula,3417.6564,2026-09-25,"PAMI, precio de venta al público: UTROGESTAN (Ferring)",minorista,,sí,Medicamentos
Progesterona 200 mg cápsulas,cápsula,3332.2793,2026-09-25,"PAMI, precio de venta al público: UTROGESTAN (Ferring)",minorista,,sí,Medicamentos
Progesterona 200 mg cápsulas,cápsula,3254.7421,2026-09-25,"PAMI, precio de venta al público: UTROGESTAN (Ferring)",minorista,,sí,Medicamentos
Aciclovir 800 mg comprimidos,comprimido,63.7280,2026-09-25,"PAMI, precio de venta al público: ACICLOVIR FILAXIS",minorista,,sí,Medicamentos
Ganciclovir 500 mg ampollas,ampolla,895.9200,2026-09-25,"PAMI, precio de venta al público: GRINEVEL",minorista,,sí,Medicamentos
Alendronato 70 mg comprimidos,comprimido,5197.7050,2026-09-25,"PAMI, precio de venta al público: FINDECLIN (Finadiet)",minorista,,sí,Medicamentos
Alendronato 70 mg comprimidos,comprimido,3962.7575,2026-09-25,"PAMI, precio de venta al público: FINDECLIN (Finadiet)",minorista,,sí,Medicamentos
Amlodipina 10 mg comprimidos,comprimido,589.3753,2026-09-25,"PAMI, precio de venta al público: HIPERTENSAL (Finadiet)",minorista,,sí,Medicamentos
Amlodipina 5 mg comprimidos,comprimido,416.6953,2026-09-25,"PAMI, precio de venta al público: HIPERTENSAL (Finadiet)",minorista,,sí,Medicamentos
Atorvastatín 10 mg comprimidos,comprimido,1319.0353,2026-09-25,"PAMI, precio de venta al público: LIPAREX (Finadiet)",minorista,,sí,Medicamentos
Atorvastatín 10 mg comprimidos,comprimido,1078.7130,2026-09-25,"PAMI, precio de venta al público: LIPAREX (Finadiet)",minorista,,sí,Medicamentos
Atorvastatín 20 mg comprimidos,comprimido,2138.8570,2026-09-25,"PAMI, precio de venta al público: LIPAREX (Finadiet)",minorista,,sí,Medicamentos
Atorvastatín 20 mg comprimidos,comprimido,1773.5755,2026-09-25,"PAMI, precio de venta al público: LIPAREX (Finadiet)",minorista,,sí,Medicamentos
Atorvastatín 40 mg comprimidos,comprimido,2389.8710,2026-09-25,"PAMI, precio de venta al público: LIPAREX (Finadiet)",minorista,,sí,Medicamentos
Atorvastatín+ezetimibe 10/10 mg comprimidos,comprimido,1148.9647,2026-09-25,"PAMI, precio de venta al público: LIPAREX PLUS 10 (Finadiet)",minorista,,sí,Medicamentos
Atorvastatín+ezetimibe 20/10 mg comprimidos,comprimido,1601.7777,2026-09-25,"PAMI, precio de venta al público: LIPAREX PLUS 20 (Finadiet)",minorista,,sí,Medicamentos
Cinarizina 75 mg comprimidos,comprimido,137.2329,2026-09-25,"PAMI, precio de venta al público: NATROPAS (Finadiet)",minorista,,sí,Medicamentos
Cinarizina 75 mg comprimidos,comprimido,210.2255,2026-09-25,"PAMI, precio de venta al público: NATROPAS (Finadiet)",minorista,,sí,Medicamentos
Ciprofloxacina 500 mg comprimidos,comprimido,1882.8920,2026-09-25,"PAMI, precio de venta al público: SELKET 500 (Finadiet)",minorista,,sí,Medicamentos
Ciprofloxacina 500 mg comprimidos,comprimido,1824.4557,2026-09-25,"PAMI, precio de venta al público: SELKET 500 (Finadiet)",minorista,,sí,Medicamentos
Ciprofloxacina 500 mg comprimidos,comprimido,1680.4775,2026-09-25,"PAMI, precio de venta al público: SELKET 500 (Finadiet)",minorista,,sí,Medicamentos
Clonazepam 0.25 mg comprimidos,comprimido,154.5340,2026-09-25,"PAMI, precio de venta al público: INDUZEPAM (Finadiet)",minorista,,sí,Medicamentos
Clonazepam 0.25% solución oral,1 ml,7.1655,2026-09-25,"PAMI, precio de venta al público: INDUZEPAM (Finadiet)",minorista,,sí,Medicamentos
Clonazepam 0.50 mg comprimidos,comprimido,241.5570,2026-09-25,"PAMI, precio de venta al público: INDUZEPAM (Finadiet)",minorista,,sí,Medicamentos
Clonazepam 0.50 mg comprimidos,comprimido,219.8232,2026-09-25,"PAMI, precio de venta al público: INDUZEPAM (Finadiet)",minorista,,sí,Medicamentos
Clonazepam 2 mg comprimidos,comprimido,307.0713,2026-09-25,"PAMI, precio de venta al público: INDUZEPAM (Finadiet)",minorista,,sí,Medicamentos
Clonazepam 2 mg comprimidos,comprimido,271.8284,2026-09-25,"PAMI, precio de venta al público: INDUZEPAM (Finadiet)",minorista,,sí,Medicamentos
Clorazepato dipotásico 10 mg comprimidos,comprimido,237.2232,2026-09-25,"PAMI, precio de venta al público: TENCILAN (Finadiet)",minorista,,sí,Medicamentos
Clorazepato dipotásico 5 mg comprimidos,comprimido,204.2182,2026-09-25,"PAMI, precio de venta al público: TENCILAN (Finadiet)",minorista,,sí,Medicamentos
Darifenacina 15 mg comprimidos de liberación prolongada,comprimido,2145.3930,2026-09-25,"PAMI, precio de venta al público: DARIFIN 15 (Finadiet)",minorista,,sí,Medicamentos
Darifenacina 7.5 mg comprimidos de liberación prolongada,comprimido,1541.4197,2026-09-25,"PAMI, precio de venta al público: DARIFIN 7.5 (Finadiet)",minorista,,sí,Medicamentos
Dutasteride 0.5 mg comprimidos,comprimido,1545.1363,2026-09-25,"PAMI, precio de venta al público: LUDASTERIN (Finadiet)",minorista,,sí,Medicamentos
Dutasteride 0.5 mg comprimidos,comprimido,1390.6183,2026-09-25,"PAMI, precio de venta al público: LUDASTERIN (Finadiet)",minorista,,sí,Medicamentos
Dutasteride+tamsulosina 0.5/0.4 mg cápsulas,cápsula,2552.5690,2026-09-25,"PAMI, precio de venta al público: TANSILOPROST DUO (Finadiet)",minorista,,sí,Medicamentos
Dutasteride+tamsulosina 0.5/0.4 mg cápsulas,cápsula,2297.3045,2026-09-25,"PAMI, precio de venta al público: TANSILOPROST DUO (Finadiet)",minorista,,sí,Medicamentos
Etoricoxib 120 mg comprimidos,comprimido,2092.0014,2026-09-25,"PAMI, precio de venta al público: COX-QUIN (Finadiet)",minorista,,sí,Medicamentos
Etoricoxib 60 mg comprimidos,comprimido,1329.1964,2026-09-25,"PAMI, precio de venta al público: COX-QUIN (Finadiet)",minorista,,sí,Medicamentos
Etoricoxib 60 mg comprimidos,comprimido,1297.1225,2026-09-25,"PAMI, precio de venta al público: COX-QUIN (Finadiet)",minorista,,sí,Medicamentos
Etoricoxib 60 mg comprimidos,comprimido,1068.9833,2026-09-25,"PAMI, precio de venta al público: COX-QUIN (Finadiet)",minorista,,sí,Medicamentos
Etoricoxib 90 mg comprimidos,comprimido,2029.8221,2026-09-25,"PAMI, precio de venta al público: COX-QUIN (Finadiet)",minorista,,sí,Medicamentos
Etoricoxib 90 mg comprimidos,comprimido,1929.1280,2026-09-25,"PAMI, precio de venta al público: COX-QUIN (Finadiet)",minorista,,sí,Medicamentos
Etoricoxib 90 mg comprimidos,comprimido,1648.1821,2026-09-25,"PAMI, precio de venta al público: COX-QUIN (Finadiet)",minorista,,sí,Medicamentos
Etoricoxib 90 mg comprimidos,comprimido,1578.7467,2026-09-25,"PAMI, precio de venta al público: COX-QUIN (Finadiet)",minorista,,sí,Medicamentos
Fexofenadina 180 mg comprimidos,comprimido,2077.1220,2026-09-25,"PAMI, precio de venta al público: VAGRAN 180 (Finadiet)",minorista,,sí,Medicamentos
Finasteride 1 mg comprimidos,comprimido,644.1870,2026-09-25,"PAMI, precio de venta al público: CAPILFOR (Finadiet)",minorista,,sí,Medicamentos
"Ibandrónico,ác. 150 mg comprimidos",comprimido,35686.6400,2026-09-25,"PAMI, precio de venta al público: MESEL (Finadiet)",minorista,,sí,Medicamentos
"Ibandrónico,ác. 150 mg comprimidos",comprimido,29206.9450,2026-09-25,"PAMI, precio de venta al público: MESEL (Finadiet)",minorista,,sí,Medicamentos
Ketorolac 10 mg comprimidos,comprimido,24.0410,2026-09-25,"PAMI, precio de venta al público: KERAMIX (Finadiet)",minorista,,sí,Medicamentos
Ketorolac 20 mg comprimidos,comprimido,128.3600,2026-09-25,"PAMI, precio de venta al público: KERAMIX (Finadiet)",minorista,,sí,Medicamentos
Rosuvastatina 10 mg comprimidos,comprimido,822.7500,2026-09-25,"PAMI, precio de venta al público: MESOTEROL 10 (Finadiet)",minorista,,sí,Medicamentos
Rosuvastatina 20 mg comprimidos,comprimido,1453.9560,2026-09-25,"PAMI, precio de venta al público: MESOTEROL 20 (Finadiet)",minorista,,sí,Medicamentos
Rosuvastatina 5 mg comprimidos,comprimido,532.9890,2026-09-25,"PAMI, precio de venta al público: MESOTEROL 5 (Finadiet)",minorista,,sí,Medicamentos
Sildenafil 100 mg comprimidos,comprimido,2875.5600,2026-09-25,"PAMI, precio de venta al público: BIFORT (Finadiet)",minorista,,sí,Medicamentos
Sildenafil 100 mg comprimidos,comprimido,2915.6400,2026-09-25,"PAMI, precio de venta al público: BIFORT (Finadiet)",minorista,,sí,Medicamentos
Sildenafil 100 mg comprimidos,comprimido,121.9800,2026-09-25,"PAMI, precio de venta al público: BIFORT (Finadiet)",minorista,,sí,Medicamentos
Sildenafil 25 mg comprimidos,comprimido,1499.7420,2026-09-25,"PAMI, precio de venta al público: BIFORT (Finadiet)",minorista,,sí,Medicamentos
Sildenafil 50 mg comprimidos masticables,comprimido,186.4000,2026-09-25,"PAMI, precio de venta al público: BIFORT-M (Finadiet)",minorista,,sí,Medicamentos
Sildenafil 50 mg comprimidos masticables,comprimido,1755.9975,2026-09-25,"PAMI, precio de venta al público: BIFORT-M (Finadiet)",minorista,,sí,Medicamentos
Sildenafil 50 mg comprimidos masticables,comprimido,96.4513,2026-09-25,"PAMI, precio de venta al público: BIFORT-M (Finadiet)",minorista,,sí,Medicamentos
Sildenafil 50 mg comprimidos masticables,comprimido,93.5212,2026-09-25,"PAMI, precio de venta al público: BIFORT-M (Finadiet)",minorista,,sí,Medicamentos
Sildenafil 50 mg comprimidos,comprimido,1957.1060,2026-09-25,"PAMI, precio de venta al público: BIFORT (Finadiet)",minorista,,sí,Medicamentos
Sildenafil 50 mg comprimidos,comprimido,1919.6400,2026-09-25,"PAMI, precio de venta al público: BIFORT (Finadiet)",minorista,,sí,Medicamentos
Sildenafil 50 mg comprimidos,comprimido,2006.7850,2026-09-25,"PAMI, precio de venta al público: BIFORT (Finadiet)",minorista,,sí,Medicamentos
Solifenacina 10 mg comprimidos,comprimido,2066.8230,2026-09-25,"PAMI, precio de venta al público: PISONO (Finadiet)",minorista,,sí,Medicamentos
Solifenacina 10 mg comprimidos,comprimido,2020.6107,2026-09-25,"PAMI, precio de venta al público: PISONO (Finadiet)",minorista,,sí,Medicamentos
Solifenacina 5 mg comprimidos,comprimido,1873.0770,2026-09-25,"PAMI, precio de venta al público: PISONO (Finadiet)",minorista,,sí,Medicamentos
Solifenacina 5 mg comprimidos,comprimido,1788.0983,2026-09-25,"PAMI, precio de venta al público: PISONO (Finadiet)",minorista,,sí,Medicamentos
Solifenacina+tamsulosina 6mg/0.4mg comprimidos,comprimido,1787.5913,2026-09-25,"PAMI, precio de venta al público: TANSILOPROST SEC (Finadiet)",minorista,,sí,Medicamentos
Tadalafilo 20 mg comprimidos,comprimido,10774.1050,2026-09-25,"PAMI, precio de venta al público: TADAL 20 (Finadiet)",minorista,,sí,Medicamentos
Tadalafilo 20 mg comprimidos,comprimido,11154.5583,2026-09-25,"PAMI, precio de venta al público: TADAL HAP (Finadiet)",minorista,,sí,Medicamentos
Tadalafilo 20 mg comprimidos,comprimido,10374.1100,2026-09-25,"PAMI, precio de venta al público: TADAL 20 (Finadiet)",minorista,,sí,Medicamentos
Tadalafilo 20 mg comprimidos,comprimido,7477.3700,2026-09-25,"PAMI, precio de venta al público: TADAL 20 (Finadiet)",minorista,,sí,Medicamentos
Tadalafilo 5 mg comprimidos,comprimido,3638.1736,2026-09-25,"PAMI, precio de venta al público: TADAL 5 (Finadiet)",minorista,,sí,Medicamentos
Tamsulosina 0.4 mg comprimidos de liberación prolongada,comprimido,1602.8633,2026-09-25,"PAMI, precio de venta al público: TANSILOPROST RETARD (Finadiet)",minorista,,sí,Medicamentos
Tamsulosina 0.4 mg comprimidos de liberación prolongada,comprimido,1336.2898,2026-09-25,"PAMI, precio de venta al público: TANSILOPROST RETARD (Finadiet)",minorista,,sí,Medicamentos
Tamsulosina 0.4 mg cápsulas,cápsula,1602.9940,2026-09-25,"PAMI, precio de venta al público: TANSILOPROST (Finadiet)",minorista,,sí,Medicamentos
Tamsulosina 0.4 mg cápsulas,cápsula,1336.2898,2026-09-25,"PAMI, precio de venta al público: TANSILOPROST (Finadiet)",minorista,,sí,Medicamentos
Terazosina 2 mg comprimidos,comprimido,610.1613,2026-09-25,"PAMI, precio de venta al público: FOSFOMIK (Finadiet)",minorista,,sí,Medicamentos
Terazosina 5 mg comprimidos,comprimido,781.9880,2026-09-25,"PAMI, precio de venta al público: FOSFOMIK (Finadiet)",minorista,,sí,Medicamentos
Terazosina 5 mg comprimidos,comprimido,733.6037,2026-09-25,"PAMI, precio de venta al público: FOSFOMIK (Finadiet)",minorista,,sí,Medicamentos
Tiocolchicosido 4 mg ampollas,ampolla,160.7283,2026-09-25,"PAMI, precio de venta al público: MOLAGAR (Finadiet)",minorista,,sí,Medicamentos
Tiocolchicosido 4 mg comprimidos,comprimido,1078.0300,2026-09-25,"PAMI, precio de venta al público: MOLAGAR (Finadiet)",minorista,,sí,Medicamentos
Tramadol 100 mg ampollas,ampolla,3439.4383,2026-09-25,"PAMI, precio de venta al público: CALMADOR (Finadiet)",minorista,,sí,Medicamentos
Tramadol 100 mg comprimidos de liberación prolongada,comprimido,1818.0940,2026-09-25,"PAMI, precio de venta al público: CALMADOR RETARD (Finadiet)",minorista,,sí,Medicamentos
Tramadol 100 mg/ml gotas,1 ml,2192.4090,2026-09-25,"PAMI, precio de venta al público: CALMADOR 100 (Finadiet)",minorista,,sí,Medicamentos
Tramadol 100 mg/ml gotas,1 ml,1642.1010,2026-09-25,"PAMI, precio de venta al público: CALMADOR 100 (Finadiet)",minorista,,sí,Medicamentos
Tramadol 50 mg comprimidos,comprimido,913.8760,2026-09-25,"PAMI, precio de venta al público: CALMADOR (Finadiet)",minorista,,sí,Medicamentos
Tramadol 50 mg comprimidos,comprimido,958.1065,2026-09-25,"PAMI, precio de venta al público: CALMADOR (Finadiet)",minorista,,sí,Medicamentos
Tramadol 50 mg comprimidos,comprimido,880.7950,2026-09-25,"PAMI, precio de venta al público: CALMADOR (Finadiet)",minorista,,sí,Medicamentos
Tramadol 50 mg comprimidos,comprimido,42.2283,2026-09-25,"PAMI, precio de venta al público: CALMADOR (Finadiet)",minorista,,sí,Medicamentos
Tramadol 50 mg cápsulas,cápsula,887.5600,2026-09-25,"PAMI, precio de venta al público: CALMADOR CB (Finadiet)",minorista,,sí,Medicamentos
Tramadol 50 mg cápsulas,cápsula,986.8730,2026-09-25,"PAMI, precio de venta al público: CALMADOR CB (Finadiet)",minorista,,sí,Medicamentos
Tramadol 50 mg cápsulas,cápsula,896.8187,2026-09-25,"PAMI, precio de venta al público: CALMADOR CB (Finadiet)",minorista,,sí,Medicamentos
Tramadol 50 mg/ml gotas,1 ml,1517.5080,2026-09-25,"PAMI, precio de venta al público: CALMADOR (Finadiet)",minorista,,sí,Medicamentos
Tramadol 50 mg/ml gotas,1 ml,1267.2400,2026-09-25,"PAMI, precio de venta al público: CALMADOR (Finadiet)",minorista,,sí,Medicamentos
Azitromicina 500 mg comprimidos,comprimido,74.1967,2026-09-25,"PAMI, precio de venta al público: OROBIOTIC (Fortbenton)",minorista,,sí,Medicamentos
Azitromicina 500 mg comprimidos,comprimido,3518.8267,2026-09-25,"PAMI, precio de venta al público: OROBIOTIC (Fortbenton)",minorista,,sí,Medicamentos
Azitromicina 500 mg comprimidos,comprimido,2761.9200,2026-09-25,"PAMI, precio de venta al público: OROBIOTIC (Fortbenton)",minorista,,sí,Medicamentos
Azitromicina 500 mg comprimidos,comprimido,93.1833,2026-09-25,"PAMI, precio de venta al público: OROBIOTIC (Fortbenton)",minorista,,sí,Medicamentos
Betahistina 16 mg comprimidos,comprimido,776.0347,2026-09-25,"PAMI, precio de venta al público: MENIEX (Fortbenton)",minorista,,sí,Medicamentos
Betahistina 16 mg comprimidos,comprimido,669.2485,2026-09-25,"PAMI, precio de venta al público: MENIEX (Fortbenton)",minorista,,sí,Medicamentos
Betahistina 24 mg comprimidos,comprimido,1162.2997,2026-09-25,"PAMI, precio de venta al público: MENIEX (Fortbenton)",minorista,,sí,Medicamentos
Betahistina 24 mg comprimidos,comprimido,1064.0048,2026-09-25,"PAMI, precio de venta al público: MENIEX (Fortbenton)",minorista,,sí,Medicamentos
Betahistina 8 mg comprimidos,comprimido,670.3793,2026-09-25,"PAMI, precio de venta al público: MENIEX (Fortbenton)",minorista,,sí,Medicamentos
Betahistina 8 mg comprimidos,comprimido,540.0082,2026-09-25,"PAMI, precio de venta al público: MENIEX (Fortbenton)",minorista,,sí,Medicamentos
"Betanechol,cloruro 25 mg comprimidos",comprimido,605.4527,2026-09-25,"PAMI, precio de venta al público: MIOTONACHOL (Fortbenton)",minorista,,sí,Medicamentos
"Betanechol,cloruro 25 mg comprimidos",comprimido,962.5240,2026-09-25,"PAMI, precio de venta al público: MIOTONACHOL (Fortbenton)",minorista,,sí,Medicamentos
"Betanechol,cloruro 50 mg comprimidos",comprimido,817.4945,2026-09-25,"PAMI, precio de venta al público: MIOTONACHOL (Fortbenton)",minorista,,sí,Medicamentos
"Betanechol,cloruro 50 mg comprimidos",comprimido,1554.4600,2026-09-25,"PAMI, precio de venta al público: MIOTONACHOL (Fortbenton)",minorista,,sí,Medicamentos
Clobetasol 0.05% crema,1 g,548.4527,2026-09-25,"PAMI, precio de venta al público: PERFRACORT (Fortbenton)",minorista,,sí,Medicamentos
Clobetasol 0.05% ungüento,1 g,546.7027,2026-09-25,"PAMI, precio de venta al público: PERFRACORT (Fortbenton)",minorista,,sí,Medicamentos
Desloratadina 5 mg comprimidos,comprimido,1343.7420,2026-09-25,"PAMI, precio de venta al público: DESALER (Fortbenton)",minorista,,sí,Medicamentos
Desloratadina 5 mg comprimidos,comprimido,1265.5710,2026-09-25,"PAMI, precio de venta al público: DESALER (Fortbenton)",minorista,,sí,Medicamentos
Doxazosina 4 mg comprimidos,comprimido,15.9653,2026-09-25,"PAMI, precio de venta al público: DOXASIN (Fortbenton)",minorista,,sí,Medicamentos
Fenazopiridina 200 mg comprimidos,comprimido,3368.1470,2026-09-25,"PAMI, precio de venta al público: CISTALGINA (Fortbenton)",minorista,,sí,Medicamentos
Finasteride 1 mg comprimidos,comprimido,932.2533,2026-09-25,"PAMI, precio de venta al público: ANDROPEL (Fortbenton)",minorista,,sí,Medicamentos
Fluconazol 150 mg cápsulas,cápsula,4712.6350,2026-09-25,"PAMI, precio de venta al público: PERIPLUM (Fortbenton)",minorista,,sí,Medicamentos
Fluconazol 150 mg cápsulas,cápsula,5608.1625,2026-09-25,"PAMI, precio de venta al público: PERIPLUM (Fortbenton)",minorista,,sí,Medicamentos
Fluconazol 150 mg cápsulas,cápsula,4751.9400,2026-09-25,"PAMI, precio de venta al público: PERIPLUM (Fortbenton)",minorista,,sí,Medicamentos
Montelukast 10 mg comprimidos,comprimido,1464.9993,2026-09-25,"PAMI, precio de venta al público: LUKASMA (Fortbenton)",minorista,,sí,Medicamentos
Montelukast 5 mg comprimidos masticables,comprimido,1310.8210,2026-09-25,"PAMI, precio de venta al público: LUKASMA (Fortbenton)",minorista,,sí,Medicamentos
Mupirocina 2% ungüento,1 g,1075.0913,2026-09-25,"PAMI, precio de venta al público: MUPIROX (Fortbenton)",minorista,,sí,Medicamentos
Mupirocina 2% ungüento,1 g,21.8640,2026-09-25,"PAMI, precio de venta al público: MUPIROX (Fortbenton)",minorista,,sí,Medicamentos
Mupirocina 2% ungüento,1 g,2381.9660,2026-09-25,"PAMI, precio de venta al público: MUPIROX NASAL (Fortbenton)",minorista,,sí,Medicamentos
Cilostazol 100 mg comprimidos,comprimido,1208.7677,2026-09-25,"PAMI, precio de venta al público: NOVAMAS (Francelab)",minorista,,sí,Medicamentos
Cilostazol 100 mg comprimidos,comprimido,1085.6000,2026-09-25,"PAMI, precio de venta al público: NOVAMAS (Francelab)",minorista,,sí,Medicamentos
Cilostazol 50 mg comprimidos,comprimido,632.1767,2026-09-25,"PAMI, precio de venta al público: NOVAMAS (Francelab)",minorista,,sí,Medicamentos
Cilostazol 50 mg comprimidos,comprimido,630.3668,2026-09-25,"PAMI, precio de venta al público: NOVAMAS (Francelab)",minorista,,sí,Medicamentos
Fenofibrato micronizado 200 mg cápsulas,cápsula,1400.3393,2026-09-25,"PAMI, precio de venta al público: TEMPLARIS (Francelab)",minorista,,sí,Medicamentos
Fenofibrato micronizado 200 mg cápsulas,cápsula,1101.9817,2026-09-25,"PAMI, precio de venta al público: TEMPLARIS (Francelab)",minorista,,sí,Medicamentos
Glibenclamida 5 mg comprimidos,comprimido,180.0350,2026-09-25,"PAMI, precio de venta al público: DIABE PASS 5 (Francelab)",minorista,,sí,Medicamentos
Glibenclamida 5 mg comprimidos,comprimido,161.8420,2026-09-25,"PAMI, precio de venta al público: DIABE PASS 5 (Francelab)",minorista,,sí,Medicamentos
Glimepiride 2 mg comprimidos,comprimido,373.2503,2026-09-25,"PAMI, precio de venta al público: NEXT STEP 2 (Francelab)",minorista,,sí,Medicamentos
Glimepiride 4 mg comprimidos,comprimido,667.7933,2026-09-25,"PAMI, precio de venta al público: NEXT STEP 4 (Francelab)",minorista,,sí,Medicamentos
Losartán 100 mg comprimidos,comprimido,1087.4693,2026-09-25,"PAMI, precio de venta al público: FRABAN (Francelab)",minorista,,sí,Medicamentos
Losartán 50 mg comprimidos,comprimido,777.8633,2026-09-25,"PAMI, precio de venta al público: FRABAN 50 (Francelab)",minorista,,sí,Medicamentos
Metformina 1000 mg comprimidos,comprimido,535.6313,2026-09-25,"PAMI, precio de venta al público: DIAB DOS 1000 (Francelab)",minorista,,sí,Medicamentos
Metformina 1000 mg comprimidos,comprimido,588.4570,2026-09-25,"PAMI, precio de venta al público: DIAB DOS 1000 (Francelab)",minorista,,sí,Medicamentos
Metformina 1000 mg comprimidos,comprimido,567.2032,2026-09-25,"PAMI, precio de venta al público: DIAB DOS 1000 (Francelab)",minorista,,sí,Medicamentos
Metformina 500 mg comprimidos,comprimido,241.4365,2026-09-25,"PAMI, precio de venta al público: DIAB DOS 500 (Francelab)",minorista,,sí,Medicamentos
Metformina 500 mg comprimidos,comprimido,216.8547,2026-09-25,"PAMI, precio de venta al público: DIAB DOS 500 (Francelab)",minorista,,sí,Medicamentos
Metformina 500 mg comprimidos,comprimido,216.0083,2026-09-25,"PAMI, precio de venta al público: DIAB DOS 500 (Francelab)",minorista,,sí,Medicamentos
Metformina 850 mg comprimidos,comprimido,440.3963,2026-09-25,"PAMI, precio de venta al público: DIAB DOS 850 (Francelab)",minorista,,sí,Medicamentos
Metformina 850 mg comprimidos,comprimido,442.5367,2026-09-25,"PAMI, precio de venta al público: DIAB DOS 850 (Francelab)",minorista,,sí,Medicamentos
Metformina 850 mg comprimidos,comprimido,440.4575,2026-09-25,"PAMI, precio de venta al público: DIAB DOS 850 (Francelab)",minorista,,sí,Medicamentos
Metformina+pioglitazona 15/850 mg comprimidos,comprimido,1678.8657,2026-09-25,"PAMI, precio de venta al público: PIOTAMAX MET 15/850 (Francelab)",minorista,,sí,Medicamentos
Metformina+pioglitazona 15/850 mg comprimidos,comprimido,1598.2815,2026-09-25,"PAMI, precio de venta al público: PIOTAMAX MET 15/850 (Francelab)",minorista,,sí,Medicamentos
Pioglitazona 30 mg comprimidos,comprimido,1292.8483,2026-09-25,"PAMI, precio de venta al público: PIOTAMAX 30 (Francelab)",minorista,,sí,Medicamentos
Pioglitazona 45 mg comprimidos,comprimido,1295.3283,2026-09-25,"PAMI, precio de venta al público: PIOTAMAX 45 (Francelab)",minorista,,sí,Medicamentos
Rosuvastatina 20 mg comprimidos,comprimido,1386.2530,2026-09-25,"PAMI, precio de venta al público: APRENTICE (Francelab)",minorista,,sí,Medicamentos
Rosuvastatina 40 mg comprimidos,comprimido,2337.2360,2026-09-25,"PAMI, precio de venta al público: APRENTICE (Francelab)",minorista,,sí,Medicamentos
Agomelatina 25 mg comprimidos,comprimido,1948.8264,2026-09-25,"PAMI, precio de venta al público: VESTIN (Gador)",minorista,,sí,Medicamentos
Allopurinol 100 mg comprimidos,comprimido,180.2513,2026-09-25,"PAMI, precio de venta al público: ALLOPURINOL GADOR (Gador)",minorista,,sí,Medicamentos
Allopurinol 100 mg comprimidos,comprimido,161.9765,2026-09-25,"PAMI, precio de venta al público: ALLOPURINOL GADOR (Gador)",minorista,,sí,Medicamentos
Allopurinol 300 mg comprimidos,comprimido,422.0453,2026-09-25,"PAMI, precio de venta al público: ALLOPURINOL GADOR (Gador)",minorista,,sí,Medicamentos
Allopurinol 300 mg comprimidos,comprimido,58.4260,2026-09-25,"PAMI, precio de venta al público: ALLOPURINOL GADOR RETARD (Gador)",minorista,,sí,Medicamentos
Allopurinol 300 mg comprimidos,comprimido,320.0562,2026-09-25,"PAMI, precio de venta al público: ALLOPURINOL GADOR (Gador)",minorista,,sí,Medicamentos
Alprazolam 0.25 mg comprimidos,comprimido,91.2797,2026-09-25,"PAMI, precio de venta al público: ALPLAX (Gador)",minorista,,sí,Medicamentos
Alprazolam 0.25 mg comprimidos,comprimido,92.1378,2026-09-25,"PAMI, precio de venta al público: ALPLAX (Gador)",minorista,,sí,Medicamentos
Alprazolam 0.50 mg comprimidos,comprimido,191.6937,2026-09-25,"PAMI, precio de venta al público: ALPLAX (Gador)",minorista,,sí,Medicamentos
Alprazolam 0.50 mg comprimidos,comprimido,173.9012,2026-09-25,"PAMI, precio de venta al público: ALPLAX (Gador)",minorista,,sí,Medicamentos
Alprazolam 0.5mg comprimidos de liberación prolongada,comprimido,332.4805,2026-09-25,"PAMI, precio de venta al público: ALPLAX XR (Gador)",minorista,,sí,Medicamentos
Alprazolam 1 mg comprimidos de liberación prolongada,comprimido,375.2300,2026-09-25,"PAMI, precio de venta al público: ALPLAX XR (Gador)",minorista,,sí,Medicamentos
Alprazolam 1 mg comprimidos,comprimido,300.6977,2026-09-25,"PAMI, precio de venta al público: ALPLAX (Gador)",minorista,,sí,Medicamentos
Alprazolam 1 mg comprimidos,comprimido,277.6910,2026-09-25,"PAMI, precio de venta al público: ALPLAX (Gador)",minorista,,sí,Medicamentos
Alprazolam 2 mg comprimidos de liberación prolongada,comprimido,446.7815,2026-09-25,"PAMI, precio de venta al público: ALPLAX XR (Gador)",minorista,,sí,Medicamentos
Alprazolam 2 mg comprimidos,comprimido,466.5143,2026-09-25,"PAMI, precio de venta al público: ALPLAX (Gador)",minorista,,sí,Medicamentos
Alprazolam 2 mg comprimidos,comprimido,453.6247,2026-09-25,"PAMI, precio de venta al público: ALPLAX (Gador)",minorista,,sí,Medicamentos
Atenolol 100 mg comprimidos,comprimido,501.2079,2026-09-25,"PAMI, precio de venta al público: ATENOLOL GADOR (Gador)",minorista,,sí,Medicamentos
Atenolol 100 mg comprimidos,comprimido,481.4163,2026-09-25,"PAMI, precio de venta al público: ATENOLOL GADOR (Gador)",minorista,,sí,Medicamentos
Atenolol 100 mg comprimidos,comprimido,500.9473,2026-09-25,"PAMI, precio de venta al público: ATENOLOL GADOR (Gador)",minorista,,sí,Medicamentos
Atenolol 100 mg comprimidos,comprimido,481.9327,2026-09-25,"PAMI, precio de venta al público: ATENOLOL GADOR (Gador)",minorista,,sí,Medicamentos
Atenolol 25 mg comprimidos,comprimido,243.5386,2026-09-25,"PAMI, precio de venta al público: ATENOLOL GADOR (Gador)",minorista,,sí,Medicamentos
Atenolol 25 mg comprimidos,comprimido,231.9367,2026-09-25,"PAMI, precio de venta al público: ATENOLOL GADOR (Gador)",minorista,,sí,Medicamentos
Atenolol 25 mg comprimidos,comprimido,240.2425,2026-09-25,"PAMI, precio de venta al público: ATENOLOL GADOR (Gador)",minorista,,sí,Medicamentos
Atenolol 25 mg comprimidos,comprimido,228.9285,2026-09-25,"PAMI, precio de venta al público: ATENOLOL GADOR (Gador)",minorista,,sí,Medicamentos
Atenolol 50 mg comprimidos,comprimido,370.4729,2026-09-25,"PAMI, precio de venta al público: ATENOLOL GADOR (Gador)",minorista,,sí,Medicamentos
Atenolol 50 mg comprimidos,comprimido,347.3203,2026-09-25,"PAMI, precio de venta al público: ATENOLOL GADOR (Gador)",minorista,,sí,Medicamentos
Atenolol 50 mg comprimidos,comprimido,370.5729,2026-09-25,"PAMI, precio de venta al público: ATENOLOL GADOR (Gador)",minorista,,sí,Medicamentos
Atenolol 50 mg comprimidos,comprimido,346.8760,2026-09-25,"PAMI, precio de venta al público: ATENOLOL GADOR (Gador)",minorista,,sí,Medicamentos
Atomoxetina 10 mg cápsulas,cápsula,3942.7414,2026-09-25,"PAMI, precio de venta al público: RECIT (Gador)",minorista,,sí,Medicamentos
Atomoxetina 18 mg cápsulas,cápsula,3942.7414,2026-09-25,"PAMI, precio de venta al público: RECIT (Gador)",minorista,,sí,Medicamentos
Atomoxetina 25 mg cápsulas,cápsula,3943.7157,2026-09-25,"PAMI, precio de venta al público: RECIT (Gador)",minorista,,sí,Medicamentos
Atomoxetina 40 mg cápsulas,cápsula,3943.7157,2026-09-25,"PAMI, precio de venta al público: RECIT (Gador)",minorista,,sí,Medicamentos
Atomoxetina 60 mg cápsulas,cápsula,3943.7157,2026-09-25,"PAMI, precio de venta al público: RECIT (Gador)",minorista,,sí,Medicamentos
Bisoprolol 10 mg comprimidos,comprimido,789.9467,2026-09-25,"PAMI, precio de venta al público: BISOPIL (Gador)",minorista,,sí,Medicamentos
Bisoprolol 2.5 mg comprimidos,comprimido,319.4420,2026-09-25,"PAMI, precio de venta al público: BISOPIL (Gador)",minorista,,sí,Medicamentos
Bisoprolol 5 mg comprimidos,comprimido,618.8353,2026-09-25,"PAMI, precio de venta al público: BISOPIL (Gador)",minorista,,sí,Medicamentos
Carvedilol 10 mg cápsulas de liberación prolongada,cápsula,518.6123,2026-09-25,"PAMI, precio de venta al público: FILTEN LP (Gador)",minorista,,sí,Medicamentos
Carvedilol 12.5 mg comprimidos,comprimido,180.1032,2026-09-25,"PAMI, precio de venta al público: FILTEN (Gador)",minorista,,sí,Medicamentos
Carvedilol 12.5 mg comprimidos,comprimido,559.5497,2026-09-25,"PAMI, precio de venta al público: FILTEN (Gador)",minorista,,sí,Medicamentos
Carvedilol 12.5 mg comprimidos,comprimido,172.9427,2026-09-25,"PAMI, precio de venta al público: FILTEN (Gador)",minorista,,sí,Medicamentos
Carvedilol 12.5 mg comprimidos,comprimido,395.9338,2026-09-25,"PAMI, precio de venta al público: FILTEN (Gador)",minorista,,sí,Medicamentos
Carvedilol 20 mg cápsulas de liberación prolongada,cápsula,835.7643,2026-09-25,"PAMI, precio de venta al público: FILTEN LP (Gador)",minorista,,sí,Medicamentos
Carvedilol 25 mg comprimidos,comprimido,202.1936,2026-09-25,"PAMI, precio de venta al público: FILTEN (Gador)",minorista,,sí,Medicamentos
Carvedilol 25 mg comprimidos,comprimido,665.8063,2026-09-25,"PAMI, precio de venta al público: FILTEN (Gador)",minorista,,sí,Medicamentos
Carvedilol 25 mg comprimidos,comprimido,192.1309,2026-09-25,"PAMI, precio de venta al público: FILTEN (Gador)",minorista,,sí,Medicamentos
Carvedilol 25 mg comprimidos,comprimido,487.2765,2026-09-25,"PAMI, precio de venta al público: FILTEN (Gador)",minorista,,sí,Medicamentos
Carvedilol 3.125 mg comprimidos,comprimido,79.4336,2026-09-25,"PAMI, precio de venta al público: FILTEN (Gador)",minorista,,sí,Medicamentos
Carvedilol 3.125 mg comprimidos,comprimido,254.7900,2026-09-25,"PAMI, precio de venta al público: FILTEN (Gador)",minorista,,sí,Medicamentos
Carvedilol 3.125 mg comprimidos,comprimido,65.3266,2026-09-25,"PAMI, precio de venta al público: FILTEN (Gador)",minorista,,sí,Medicamentos
Carvedilol 3.125 mg comprimidos,comprimido,159.4283,2026-09-25,"PAMI, precio de venta al público: FILTEN (Gador)",minorista,,sí,Medicamentos
Carvedilol 40 mg cápsulas de liberación prolongada,cápsula,1046.0720,2026-09-25,"PAMI, precio de venta al público: FILTEN LP (Gador)",minorista,,sí,Medicamentos
Carvedilol 50 mg comprimidos,comprimido,89.7496,2026-09-25,"PAMI, precio de venta al público: FILTEN (Gador)",minorista,,sí,Medicamentos
Carvedilol 50 mg comprimidos,comprimido,797.9107,2026-09-25,"PAMI, precio de venta al público: FILTEN (Gador)",minorista,,sí,Medicamentos
Carvedilol 6.25 mg comprimidos,comprimido,146.6861,2026-09-25,"PAMI, precio de venta al público: FILTEN (Gador)",minorista,,sí,Medicamentos
Carvedilol 6.25 mg comprimidos,comprimido,461.9623,2026-09-25,"PAMI, precio de venta al público: FILTEN (Gador)",minorista,,sí,Medicamentos
Carvedilol 6.25 mg comprimidos,comprimido,117.9945,2026-09-25,"PAMI, precio de venta al público: FILTEN (Gador)",minorista,,sí,Medicamentos
Carvedilol 6.25 mg comprimidos,comprimido,292.4335,2026-09-25,"PAMI, precio de venta al público: FILTEN (Gador)",minorista,,sí,Medicamentos
Carvedilol 80 mg cápsulas de liberación prolongada,cápsula,1257.0727,2026-09-25,"PAMI, precio de venta al público: FILTEN LP (Gador)",minorista,,sí,Medicamentos
Cilostazol 100 mg comprimidos,comprimido,1187.3190,2026-09-25,"PAMI, precio de venta al público: POLICOR (Gador)",minorista,,sí,Medicamentos
Cilostazol 50 mg comprimidos,comprimido,629.3570,2026-09-25,"PAMI, precio de venta al público: POLICOR (Gador)",minorista,,sí,Medicamentos
Clonazepam 0.25 mg comprimidos sublinguales,comprimido,205.6787,2026-09-25,"PAMI, precio de venta al público: DIOCAM SL (Gador)",minorista,,sí,Medicamentos
Clonazepam 0.5 mg comprimidos,comprimido,327.3677,2026-09-25,"PAMI, precio de venta al público: DIOCAM (Gador)",minorista,,sí,Medicamentos
Clonazepam 0.5 mg comprimidos,comprimido,281.1282,2026-09-25,"PAMI, precio de venta al público: DIOCAM (Gador)",minorista,,sí,Medicamentos
Clonazepam 0.5 mg comprimidos,comprimido,280.4187,2026-09-25,"PAMI, precio de venta al público: DIOCAM (Gador)",minorista,,sí,Medicamentos
Clonazepam 1 mg comprimidos,comprimido,345.2910,2026-09-25,"PAMI, precio de venta al público: DIOCAM (Gador)",minorista,,sí,Medicamentos
Clonazepam 1 mg comprimidos,comprimido,329.2926,2026-09-25,"PAMI, precio de venta al público: DIOCAM (Gador)",minorista,,sí,Medicamentos
Clonazepam 1 mg comprimidos,comprimido,286.2165,2026-09-25,"PAMI, precio de venta al público: DIOCAM (Gador)",minorista,,sí,Medicamentos
Clonazepam 2 mg comprimidos,comprimido,375.6183,2026-09-25,"PAMI, precio de venta al público: DIOCAM (Gador)",minorista,,sí,Medicamentos
Clonazepam 2 mg comprimidos,comprimido,344.9752,2026-09-25,"PAMI, precio de venta al público: DIOCAM (Gador)",minorista,,sí,Medicamentos
Clonazepam 2 mg comprimidos,comprimido,288.8102,2026-09-25,"PAMI, precio de venta al público: DIOCAM (Gador)",minorista,,sí,Medicamentos
Desvenlafaxina 100 mg comprimidos de liberación prolongada,comprimido,2053.2980,2026-09-25,"PAMI, precio de venta al público: DESLAFAX (Gador)",minorista,,sí,Medicamentos
Desvenlafaxina 50 mg comprimidos de liberación prolongada,comprimido,1156.8950,2026-09-25,"PAMI, precio de venta al público: DESLAFAX (Gador)",minorista,,sí,Medicamentos
Diclofenac sódico 100 mg ap comprimidos,comprimido,122.6967,2026-09-25,"PAMI, precio de venta al público: DOLVAN (Gador)",minorista,,sí,Medicamentos
Diosmina+hesperidina micronizada 1000 mg comprimidos,comprimido,1986.2823,2026-09-25,"PAMI, precio de venta al público: ATUREN (Gador)",minorista,,sí,Medicamentos
Diosmina+hesperidina micronizada 500 mg comprimidos,comprimido,1102.2997,2026-09-25,"PAMI, precio de venta al público: ATUREN (Gador)",minorista,,sí,Medicamentos
Diosmina+hesperidina micronizada 500 mg comprimidos,comprimido,1033.3273,2026-09-25,"PAMI, precio de venta al público: ATUREN (Gador)",minorista,,sí,Medicamentos
Duloxetina 30 mg cápsulas,cápsula,2347.9479,2026-09-25,"PAMI, precio de venta al público: DUXETIN (Gador)",minorista,,sí,Medicamentos
Duloxetina 60 mg cápsulas,cápsula,2417.0650,2026-09-25,"PAMI, precio de venta al público: DUXETIN (Gador)",minorista,,sí,Medicamentos
Duloxetina 60 mg cápsulas,cápsula,2312.9161,2026-09-25,"PAMI, precio de venta al público: DUXETIN (Gador)",minorista,,sí,Medicamentos
Empagliflozina 10 mg comprimidos,comprimido,4536.6557,2026-09-25,"PAMI, precio de venta al público: ENCLYNA (Gador)",minorista,,sí,Medicamentos
Empagliflozina 25 mg comprimidos,comprimido,4876.0480,2026-09-25,"PAMI, precio de venta al público: ENCLYNA (Gador)",minorista,,sí,Medicamentos
Enalapril 10 mg comprimidos,comprimido,322.7199,2026-09-25,"PAMI, precio de venta al público: GADOPRIL (Gador)",minorista,,sí,Medicamentos
Enalapril 10 mg comprimidos,comprimido,358.1210,2026-09-25,"PAMI, precio de venta al público: GADOPRIL (Gador)",minorista,,sí,Medicamentos
Enalapril 10 mg comprimidos,comprimido,337.3808,2026-09-25,"PAMI, precio de venta al público: GADOPRIL (Gador)",minorista,,sí,Medicamentos
Enalapril 2.5 mg comprimidos,comprimido,95.2067,2026-09-25,"PAMI, precio de venta al público: GADOPRIL (Gador)",minorista,,sí,Medicamentos
Enalapril 2.5 mg comprimidos,comprimido,95.3652,2026-09-25,"PAMI, precio de venta al público: GADOPRIL (Gador)",minorista,,sí,Medicamentos
Enalapril 20 mg comprimidos,comprimido,37.0510,2026-09-25,"PAMI, precio de venta al público: GADOPRIL (Gador)",minorista,,sí,Medicamentos
Enalapril 20 mg comprimidos,comprimido,426.1270,2026-09-25,"PAMI, precio de venta al público: GADOPRIL (Gador)",minorista,,sí,Medicamentos
Enalapril 20 mg comprimidos,comprimido,409.6620,2026-09-25,"PAMI, precio de venta al público: GADOPRIL (Gador)",minorista,,sí,Medicamentos
Enalapril 5 mg comprimidos,comprimido,8.5486,2026-09-25,"PAMI, precio de venta al público: GADOPRIL (Gador)",minorista,,sí,Medicamentos
Enalapril 5 mg comprimidos,comprimido,200.9320,2026-09-25,"PAMI, precio de venta al público: GADOPRIL (Gador)",minorista,,sí,Medicamentos
Enalapril 5 mg comprimidos,comprimido,193.2195,2026-09-25,"PAMI, precio de venta al público: GADOPRIL (Gador)",minorista,,sí,Medicamentos
Enalapril+hidroclorotiazida 10/25 mg comprimidos,comprimido,535.2587,2026-09-25,"PAMI, precio de venta al público: GADOPRIL D (Gador)",minorista,,sí,Medicamentos
Eplerenona 25 mg comprimidos,comprimido,886.4887,2026-09-25,"PAMI, precio de venta al público: EPLERONA (Gador)",minorista,,sí,Medicamentos
Eplerenona 50 mg comprimidos,comprimido,1287.1393,2026-09-25,"PAMI, precio de venta al público: EPLERONA (Gador)",minorista,,sí,Medicamentos
Escitalopram 10 mg comprimidos,comprimido,1321.4275,2026-09-25,"PAMI, precio de venta al público: NEXDIA (Gador)",minorista,,sí,Medicamentos
Escitalopram 10 mg comprimidos,comprimido,1233.3320,2026-09-25,"PAMI, precio de venta al público: NEXDIA (Gador)",minorista,,sí,Medicamentos
Escitalopram 20 mg comprimidos,comprimido,2302.8521,2026-09-25,"PAMI, precio de venta al público: NEXDIA (Gador)",minorista,,sí,Medicamentos
Escitalopram 20 mg comprimidos,comprimido,2191.6957,2026-09-25,"PAMI, precio de venta al público: NEXDIA (Gador)",minorista,,sí,Medicamentos
Espironolactona 100 mg comprimidos,comprimido,474.4137,2026-09-25,"PAMI, precio de venta al público: DRIMUX A (Gador)",minorista,,sí,Medicamentos
Espironolactona 25 mg comprimidos,comprimido,432.5933,2026-09-25,"PAMI, precio de venta al público: DRIMUX A (Gador)",minorista,,sí,Medicamentos
Espironolactona 50 mg comprimidos,comprimido,481.1823,2026-09-25,"PAMI, precio de venta al público: DRIMUX A (Gador)",minorista,,sí,Medicamentos
Eszopiclona 2 mg comprimidos,comprimido,452.2680,2026-09-25,"PAMI, precio de venta al público: NOVO INSOMNIUM (Gador)",minorista,,sí,Medicamentos
Eszopiclona 3 mg comprimidos,comprimido,591.0980,2026-09-25,"PAMI, precio de venta al público: NOVO INSOMNIUM (Gador)",minorista,,sí,Medicamentos
Ezetimibe 10 mg comprimidos,comprimido,692.4010,2026-09-25,"PAMI, precio de venta al público: CORACIL (Gador)",minorista,,sí,Medicamentos
"Fenofíbrico,ác. 135 mg cápsulas",cápsula,1460.6677,2026-09-25,"PAMI, precio de venta al público: GADOLIP (Gador)",minorista,,sí,Medicamentos
"Fenofíbrico,ác. 45 mg cápsulas",cápsula,1239.0367,2026-09-25,"PAMI, precio de venta al público: GADOLIP (Gador)",minorista,,sí,Medicamentos
Fluoxetina 10 mg comprimidos,comprimido,812.5177,2026-09-25,"PAMI, precio de venta al público: FOXETIN 10 (Gador)",minorista,,sí,Medicamentos
Fluoxetina 20 mg comprimidos,comprimido,866.7960,2026-09-25,"PAMI, precio de venta al público: FOXETIN (Gador)",minorista,,sí,Medicamentos
Fluoxetina 20 mg comprimidos,comprimido,962.3127,2026-09-25,"PAMI, precio de venta al público: FOXETIN (Gador)",minorista,,sí,Medicamentos
Fluoxetina 20 mg comprimidos,comprimido,859.7770,2026-09-25,"PAMI, precio de venta al público: FOXETIN (Gador)",minorista,,sí,Medicamentos
Fluoxetina 20 mg comprimidos,comprimido,925.4002,2026-09-25,"PAMI, precio de venta al público: FOXETIN (Gador)",minorista,,sí,Medicamentos
Flurbiprofeno 100 mg comprimidos,comprimido,574.7119,2026-09-25,"PAMI, precio de venta al público: CLINADOL FORTE (Gador)",minorista,,sí,Medicamentos
Flurbiprofeno 100 mg comprimidos,comprimido,731.6750,2026-09-25,"PAMI, precio de venta al público: CLINADOL FORTE (Gador)",minorista,,sí,Medicamentos
Flurbiprofeno 200mg comprimidos,comprimido,1229.3250,2026-09-25,"PAMI, precio de venta al público: CLINADOL FORTE AP (Gador)",minorista,,sí,Medicamentos
Glimepiride 2 mg comprimidos,comprimido,424.8353,2026-09-25,"PAMI, precio de venta al público: HIPOGLUT 2 (Gador)",minorista,,sí,Medicamentos
Glimepiride 4 mg comprimidos,comprimido,781.9070,2026-09-25,"PAMI, precio de venta al público: HIPOGLUT 4 (Gador)",minorista,,sí,Medicamentos
Lercanidipina 10 mg comprimidos,comprimido,1071.8473,2026-09-25,"PAMI, precio de venta al público: LERCADIP (Gador)",minorista,,sí,Medicamentos
Lercanidipina 10 mg comprimidos,comprimido,1072.3437,2026-09-25,"PAMI, precio de venta al público: LERCADIP (Gador)",minorista,,sí,Medicamentos
Lercanidipina 20 mg comprimidos,comprimido,1627.8473,2026-09-25,"PAMI, precio de venta al público: LERCADIP (Gador)",minorista,,sí,Medicamentos
Lercanidipina 20 mg comprimidos,comprimido,1373.9732,2026-09-25,"PAMI, precio de venta al público: LERCADIP (Gador)",minorista,,sí,Medicamentos
Levetiracetam 1000 mg comprimidos,comprimido,4549.8363,2026-09-25,"PAMI, precio de venta al público: ETABYX (Gador)",minorista,,sí,Medicamentos
Levetiracetam 500 mg comprimidos,comprimido,2319.5243,2026-09-25,"PAMI, precio de venta al público: ETABYX (Gador)",minorista,,sí,Medicamentos
Levetiracetam 500 mg comprimidos,comprimido,2141.0995,2026-09-25,"PAMI, precio de venta al público: ETABYX (Gador)",minorista,,sí,Medicamentos
Losartán 100 mg comprimidos,comprimido,1716.9140,2026-09-25,"PAMI, precio de venta al público: PAXON XR (Gador)",minorista,,sí,Medicamentos
Losartán 100 mg comprimidos,comprimido,40.8379,2026-09-25,"PAMI, precio de venta al público: PAXON (Gador)",minorista,,sí,Medicamentos
Losartán 100 mg comprimidos,comprimido,1151.3737,2026-09-25,"PAMI, precio de venta al público: PAXON (Gador)",minorista,,sí,Medicamentos
Losartán 100 mg comprimidos,comprimido,78.3521,2026-09-25,"PAMI, precio de venta al público: PAXON (Gador)",minorista,,sí,Medicamentos
Losartán 100 mg comprimidos,comprimido,1006.7942,2026-09-25,"PAMI, precio de venta al público: PAXON (Gador)",minorista,,sí,Medicamentos
Losartán 50 mg comprimidos,comprimido,67.2450,2026-09-25,"PAMI, precio de venta al público: PAXON (Gador)",minorista,,sí,Medicamentos
Losartán 50 mg comprimidos,comprimido,964.1353,2026-09-25,"PAMI, precio de venta al público: PAXON (Gador)",minorista,,sí,Medicamentos
Losartán 50 mg comprimidos,comprimido,33.6432,2026-09-25,"PAMI, precio de venta al público: PAXON (Gador)",minorista,,sí,Medicamentos
Losartán 50 mg comprimidos,comprimido,909.5637,2026-09-25,"PAMI, precio de venta al público: PAXON (Gador)",minorista,,sí,Medicamentos
Losartán+hidroclorotiazida 100/12.5 mg comprimidos,comprimido,1231.8053,2026-09-25,"PAMI, precio de venta al público: PAXON D (Gador)",minorista,,sí,Medicamentos
Losartán+hidroclorotiazida 100/25 mg comprimidos,comprimido,86.9493,2026-09-25,"PAMI, precio de venta al público: PAXON D (Gador)",minorista,,sí,Medicamentos
Losartán+hidroclorotiazida 100/25 mg comprimidos,comprimido,1233.7463,2026-09-25,"PAMI, precio de venta al público: PAXON D (Gador)",minorista,,sí,Medicamentos
Losartán+hidroclorotiazida 50/12.5 mg comprimidos,comprimido,40.3693,2026-09-25,"PAMI, precio de venta al público: PAXON D (Gador)",minorista,,sí,Medicamentos
Losartán+hidroclorotiazida 50/12.5 mg comprimidos,comprimido,1115.8777,2026-09-25,"PAMI, precio de venta al público: PAXON D (Gador)",minorista,,sí,Medicamentos
Losartán+hidroclorotiazida 50/12.5 mg comprimidos,comprimido,40.0630,2026-09-25,"PAMI, precio de venta al público: PAXON D (Gador)",minorista,,sí,Medicamentos
Losartán+hidroclorotiazida 50/12.5 mg comprimidos,comprimido,1110.1903,2026-09-25,"PAMI, precio de venta al público: PAXON D (Gador)",minorista,,sí,Medicamentos
Memantine 14 mg cápsulas,cápsula,113.2250,2026-09-25,"PAMI, precio de venta al público: TONIBRAL XR (Gador)",minorista,,sí,Medicamentos
Memantine 21 mg cápsulas,cápsula,146.6780,2026-09-25,"PAMI, precio de venta al público: TONIBRAL XR (Gador)",minorista,,sí,Medicamentos
Memantine+donepezilo 14/10mg cápsulas,cápsula,1968.5333,2026-09-25,"PAMI, precio de venta al público: ALZETIX (Gador)",minorista,,sí,Medicamentos
Memantine+donepezilo 28/10mg cápsulas,cápsula,2162.8990,2026-09-25,"PAMI, precio de venta al público: ALZETIX (Gador)",minorista,,sí,Medicamentos
Meprednisona 4 mg comprimidos,comprimido,419.0530,2026-09-25,"PAMI, precio de venta al público: CORTIPYREN B (Gador)",minorista,,sí,Medicamentos
Meprednisona 40 mg comprimidos,comprimido,2514.7960,2026-09-25,"PAMI, precio de venta al público: CORTIPYREN B (Gador)",minorista,,sí,Medicamentos
Meprednisona 8 mg comprimidos,comprimido,916.5235,2026-09-25,"PAMI, precio de venta al público: CORTIPYREN B (Gador)",minorista,,sí,Medicamentos
Metformina 500 mg comprimidos,comprimido,206.9243,2026-09-25,"PAMI, precio de venta al público: DIABESIL (Gador)",minorista,,sí,Medicamentos
Metformina 500 mg comprimidos,comprimido,247.1843,2026-09-25,"PAMI, precio de venta al público: DIABESIL (Gador)",minorista,,sí,Medicamentos
Metimazol 20 mg comprimidos,comprimido,344.8020,2026-09-25,"PAMI, precio de venta al público: DANANTIZOL (Gador)",minorista,,sí,Medicamentos
Metimazol 5 mg comprimidos,comprimido,78.0036,2026-09-25,"PAMI, precio de venta al público: DANANTIZOL (Gador)",minorista,,sí,Medicamentos
Nebivolol 10 mg comprimidos,comprimido,1316.4007,2026-09-25,"PAMI, precio de venta al público: GADOCOR (Gador)",minorista,,sí,Medicamentos
Nebivolol 5 mg comprimidos,comprimido,688.5137,2026-09-25,"PAMI, precio de venta al público: GADOCOR (Gador)",minorista,,sí,Medicamentos
Pregabalina 150 mg cápsulas,cápsula,132.9507,2026-09-25,"PAMI, precio de venta al público: GAVIN (Gador)",minorista,,sí,Medicamentos
Pregabalina 150 mg cápsulas,cápsula,2035.5854,2026-09-25,"PAMI, precio de venta al público: GAVIN (Gador)",minorista,,sí,Medicamentos
Pregabalina 150 mg cápsulas,cápsula,2187.9307,2026-09-25,"PAMI, precio de venta al público: GAVIN (Gador)",minorista,,sí,Medicamentos
Pregabalina 25 mg cápsulas,cápsula,27.0193,2026-09-25,"PAMI, precio de venta al público: GAVIN (Gador)",minorista,,sí,Medicamentos
Pregabalina 25 mg cápsulas,cápsula,445.8271,2026-09-25,"PAMI, precio de venta al público: GAVIN (Gador)",minorista,,sí,Medicamentos
Pregabalina 25 mg cápsulas,cápsula,470.7313,2026-09-25,"PAMI, precio de venta al público: GAVIN (Gador)",minorista,,sí,Medicamentos
Pregabalina 300 mg cápsulas,cápsula,181.4398,2026-09-25,"PAMI, precio de venta al público: GAVIN (Gador)",minorista,,sí,Medicamentos
Pregabalina 300 mg cápsulas,cápsula,2801.3029,2026-09-25,"PAMI, precio de venta al público: GAVIN (Gador)",minorista,,sí,Medicamentos
Pregabalina 300 mg cápsulas,cápsula,2905.9140,2026-09-25,"PAMI, precio de venta al público: GAVIN (Gador)",minorista,,sí,Medicamentos
Pregabalina 50 mg cápsulas,cápsula,59.2487,2026-09-25,"PAMI, precio de venta al público: GAVIN (Gador)",minorista,,sí,Medicamentos
Pregabalina 50 mg cápsulas,cápsula,907.6079,2026-09-25,"PAMI, precio de venta al público: GAVIN (Gador)",minorista,,sí,Medicamentos
Pregabalina 50 mg cápsulas,cápsula,1020.8693,2026-09-25,"PAMI, precio de venta al público: GAVIN (Gador)",minorista,,sí,Medicamentos
Pregabalina 75 mg cápsulas,cápsula,105.4607,2026-09-25,"PAMI, precio de venta al público: GAVIN (Gador)",minorista,,sí,Medicamentos
Pregabalina 75 mg cápsulas,cápsula,71.1047,2026-09-25,"PAMI, precio de venta al público: GAVIN (Gador)",minorista,,sí,Medicamentos
Pregabalina 75 mg comprimidos,comprimido,1446.4457,2026-09-25,"PAMI, precio de venta al público: GAVIN 75 BIRRANURADO (Gador)",minorista,,sí,Medicamentos
Pregabalina 75 mg comprimidos,comprimido,74.4440,2026-09-25,"PAMI, precio de venta al público: GAVIN 75 BIRRANURADO (Gador)",minorista,,sí,Medicamentos
Pregabalina 75 mg cápsulas,cápsula,1190.3368,2026-09-25,"PAMI, precio de venta al público: GAVIN (Gador)",minorista,,sí,Medicamentos
Pregabalina 75 mg cápsulas,cápsula,1415.8033,2026-09-25,"PAMI, precio de venta al público: GAVIN (Gador)",minorista,,sí,Medicamentos
Propranolol 10 mg comprimidos,comprimido,118.4140,2026-09-25,"PAMI, precio de venta al público: PROPRANOLOL GADOR (Gador)",minorista,,sí,Medicamentos
Propranolol 40 mg comprimidos,comprimido,108.8365,2026-09-25,"PAMI, precio de venta al público: PROPRANOLOL GADOR (Gador)",minorista,,sí,Medicamentos
Propranolol 40 mg comprimidos,comprimido,103.7104,2026-09-25,"PAMI, precio de venta al público: PROPRANOLOL GADOR (Gador)",minorista,,sí,Medicamentos
Propranolol 80 mg comprimidos,comprimido,163.8170,2026-09-25,"PAMI, precio de venta al público: PROPRANOLOL GADOR (Gador)",minorista,,sí,Medicamentos
Quetiapina 100 mg comprimidos,comprimido,2872.6770,2026-09-25,"PAMI, precio de venta al público: ANELKA (Gador)",minorista,,sí,Medicamentos
Quetiapina 200 mg comprimidos,comprimido,3595.3923,2026-09-25,"PAMI, precio de venta al público: ANELKA (Gador)",minorista,,sí,Medicamentos
Quetiapina 25 mg comprimidos,comprimido,1590.8813,2026-09-25,"PAMI, precio de venta al público: ANELKA (Gador)",minorista,,sí,Medicamentos
Quetiapina 300 mg comprimidos,comprimido,5025.5080,2026-09-25,"PAMI, precio de venta al público: ANELKA (Gador)",minorista,,sí,Medicamentos
Risperidona 0.25 mg comprimidos,comprimido,171.5625,2026-09-25,"PAMI, precio de venta al público: RISPERIN (Gador)",minorista,,sí,Medicamentos
Risperidona 0.50 mg comprimidos,comprimido,429.6940,2026-09-25,"PAMI, precio de venta al público: RISPERIN (Gador)",minorista,,sí,Medicamentos
Risperidona 0.50 mg comprimidos,comprimido,391.1482,2026-09-25,"PAMI, precio de venta al público: RISPERIN (Gador)",minorista,,sí,Medicamentos
Risperidona 1 mg comprimidos,comprimido,694.1945,2026-09-25,"PAMI, precio de venta al público: RISPERIN (Gador)",minorista,,sí,Medicamentos
Risperidona 1 mg comprimidos,comprimido,529.7753,2026-09-25,"PAMI, precio de venta al público: RISPERIN (Gador)",minorista,,sí,Medicamentos
Risperidona 1mg/ml solución oral,1 ml,1026.9457,2026-09-25,"PAMI, precio de venta al público: RISPERIN (Gador)",minorista,,sí,Medicamentos
Risperidona 2 mg comprimidos,comprimido,1398.7715,2026-09-25,"PAMI, precio de venta al público: RISPERIN (Gador)",minorista,,sí,Medicamentos
Risperidona 2 mg comprimidos,comprimido,1391.6340,2026-09-25,"PAMI, precio de venta al público: RISPERIN (Gador)",minorista,,sí,Medicamentos
Risperidona 3 mg comprimidos,comprimido,1427.6920,2026-09-25,"PAMI, precio de venta al público: RISPERIN (Gador)",minorista,,sí,Medicamentos
Risperidona 3 mg comprimidos,comprimido,1782.5590,2026-09-25,"PAMI, precio de venta al público: RISPERIN (Gador)",minorista,,sí,Medicamentos
Risperidona 4 mg comprimidos,comprimido,112.3215,2026-09-25,"PAMI, precio de venta al público: RISPERIN (Gador)",minorista,,sí,Medicamentos
Rosuvastatina 10 mg comprimidos,comprimido,894.0253,2026-09-25,"PAMI, precio de venta al público: SINLIP (Gador)",minorista,,sí,Medicamentos
Rosuvastatina 10 mg comprimidos,comprimido,880.0168,2026-09-25,"PAMI, precio de venta al público: SINLIP (Gador)",minorista,,sí,Medicamentos
Rosuvastatina 20 mg comprimidos,comprimido,1585.7447,2026-09-25,"PAMI, precio de venta al público: SINLIP (Gador)",minorista,,sí,Medicamentos
Rosuvastatina 20 mg comprimidos,comprimido,1529.5623,2026-09-25,"PAMI, precio de venta al público: SINLIP (Gador)",minorista,,sí,Medicamentos
Rosuvastatina 40 mg comprimidos,comprimido,2709.9480,2026-09-25,"PAMI, precio de venta al público: SINLIP (Gador)",minorista,,sí,Medicamentos
Rosuvastatina 5 mg comprimidos,comprimido,585.7867,2026-09-25,"PAMI, precio de venta al público: SINLIP (Gador)",minorista,,sí,Medicamentos
Rosuvastatina 5 mg comprimidos,comprimido,552.1327,2026-09-25,"PAMI, precio de venta al público: SINLIP (Gador)",minorista,,sí,Medicamentos
Rosuvastatina+ezetimibe 10/10 mg comprimidos,comprimido,1144.6317,2026-09-25,"PAMI, precio de venta al público: SINLIP EZ (Gador)",minorista,,sí,Medicamentos
Rosuvastatina+ezetimibe 20/10 mg comprimidos,comprimido,1784.2497,2026-09-25,"PAMI, precio de venta al público: SINLIP EZ (Gador)",minorista,,sí,Medicamentos
Sildenafil 100 mg comprimidos,comprimido,2004.7600,2026-09-25,"PAMI, precio de venta al público: SEGUREX (Gador)",minorista,,sí,Medicamentos
Sildenafil 50 mg comprimidos,comprimido,712.8675,2026-09-25,"PAMI, precio de venta al público: SEGUREX (Gador)",minorista,,sí,Medicamentos
Sitagliptina 100 mg comprimidos,comprimido,4502.4671,2026-09-25,"PAMI, precio de venta al público: XELEVIA (Gador)",minorista,,sí,Medicamentos
Sitagliptina 25 mg comprimidos,comprimido,3561.0468,2026-09-25,"PAMI, precio de venta al público: XELEVIA (Gador)",minorista,,sí,Medicamentos
Sitagliptina 50 mg comprimidos,comprimido,4201.1118,2026-09-25,"PAMI, precio de venta al público: XELEVIA (Gador)",minorista,,sí,Medicamentos
"Sitagliptina+metformina,clorh. 100/1000 mg comprimidos",comprimido,4933.6832,2026-09-25,"PAMI, precio de venta al público: XELEVIA MET XR (Gador)",minorista,,sí,Medicamentos
"Sitagliptina+metformina,clorh. 50/1000 mg comprimidos",comprimido,2740.0516,2026-09-25,"PAMI, precio de venta al público: XELEVIA MET XR (Gador)",minorista,,sí,Medicamentos
"Sitagliptina+metformina,clorh. 50/1000 mg comprimidos",comprimido,2889.4836,2026-09-25,"PAMI, precio de venta al público: XELEVIA MET (Gador)",minorista,,sí,Medicamentos
"Sitagliptina+metformina,clorh. 50/1000 mg comprimidos",comprimido,2735.6988,2026-09-25,"PAMI, precio de venta al público: XELEVIA MET (Gador)",minorista,,sí,Medicamentos
"Sitagliptina+metformina,clorh. 50/500 mg comprimidos",comprimido,2472.8625,2026-09-25,"PAMI, precio de venta al público: XELEVIA MET (Gador)",minorista,,sí,Medicamentos
"Sitagliptina+metformina,clorh. 50/850 mg comprimidos",comprimido,2380.8300,2026-09-25,"PAMI, precio de venta al público: XELEVIA MET (Gador)",minorista,,sí,Medicamentos
"Sitagliptina+metformina,clorh. 50/850 mg comprimidos",comprimido,2435.9798,2026-09-25,"PAMI, precio de venta al público: XELEVIA MET (Gador)",minorista,,sí,Medicamentos
"Sodio,divalproato 250 mg comprimidos",comprimido,726.0996,2026-09-25,"PAMI, precio de venta al público: DIVALPREX (Gador)",minorista,,sí,Medicamentos
"Sodio,divalproato 500 mg comprimidos",comprimido,1386.9876,2026-09-25,"PAMI, precio de venta al público: DIVALPREX (Gador)",minorista,,sí,Medicamentos
Solifenacina 10 mg comprimidos,comprimido,2135.2400,2026-09-25,"PAMI, precio de venta al público: VESICARE (Gador)",minorista,,sí,Medicamentos
Solifenacina 10 mg comprimidos,comprimido,2135.3017,2026-09-25,"PAMI, precio de venta al público: VESICARE (Gador)",minorista,,sí,Medicamentos
Solifenacina 5 mg comprimidos,comprimido,1933.4875,2026-09-25,"PAMI, precio de venta al público: VESICARE (Gador)",minorista,,sí,Medicamentos
Solifenacina 5 mg comprimidos,comprimido,1933.8013,2026-09-25,"PAMI, precio de venta al público: VESICARE (Gador)",minorista,,sí,Medicamentos
Tamsulosina 0.4mg cápsulas,cápsula,41.7097,2026-09-25,"PAMI, precio de venta al público: OMNIC (Gador)",minorista,,sí,Medicamentos
Tamsulosina 0.4mg comprimidos de liberación prolongada,comprimido,1626.5110,2026-09-25,"PAMI, precio de venta al público: OMNIC OCAS (Gador)",minorista,,sí,Medicamentos
Tamsulosina 0.4mg comprimidos de liberación prolongada,comprimido,1425.2865,2026-09-25,"PAMI, precio de venta al público: OMNIC OCAS (Gador)",minorista,,sí,Medicamentos
"Tióctico,ác. 25 mg comprimidos",comprimido,183.8175,2026-09-25,"PAMI, precio de venta al público: BILETAN (Gador)",minorista,,sí,Medicamentos
"Tióctico,ác. 50 mg comprimidos",comprimido,550.5700,2026-09-25,"PAMI, precio de venta al público: BILETAN FORTE (Gador)",minorista,,sí,Medicamentos
"Tióctico,ác. 50 mg comprimidos",comprimido,578.0867,2026-09-25,"PAMI, precio de venta al público: BILETAN FORTE (Gador)",minorista,,sí,Medicamentos
"Tióctico,ác. 50 mg comprimidos",comprimido,530.1677,2026-09-25,"PAMI, precio de venta al público: BILETAN FORTE (Gador)",minorista,,sí,Medicamentos
"Tióctico,ác. 50 mg comprimidos",comprimido,556.7013,2026-09-25,"PAMI, precio de venta al público: BILETAN FORTE (Gador)",minorista,,sí,Medicamentos
"Tióctico,ác. 600 mg comprimidos",comprimido,1611.3860,2026-09-25,"PAMI, precio de venta al público: NEURO BILETAN (Gador)",minorista,,sí,Medicamentos
Valsartán 160 mg comprimidos,comprimido,1230.5143,2026-09-25,"PAMI, precio de venta al público: PALIAX (Gador)",minorista,,sí,Medicamentos
Valsartán 320 mg comprimidos,comprimido,1315.5800,2026-09-25,"PAMI, precio de venta al público: PALIAX (Gador)",minorista,,sí,Medicamentos
Valsartán 80 mg comprimidos,comprimido,932.4387,2026-09-25,"PAMI, precio de venta al público: PALIAX (Gador)",minorista,,sí,Medicamentos
Valsartán+hidroclorotiazida 160/12.5mg comprimidos,comprimido,1039.2683,2026-09-25,"PAMI, precio de venta al público: PALIAX D (Gador)",minorista,,sí,Medicamentos
Valsartán+hidroclorotiazida 160/25 mg comprimidos,comprimido,1261.5003,2026-09-25,"PAMI, precio de venta al público: PALIAX D (Gador)",minorista,,sí,Medicamentos
Valsartán+hidroclorotiazida 320/25 mg comprimidos,comprimido,1388.1260,2026-09-25,"PAMI, precio de venta al público: PALIAX D (Gador)",minorista,,sí,Medicamentos
Valsartán+hidroclorotiazida 80/12.5 mg comprimidos,comprimido,927.1717,2026-09-25,"PAMI, precio de venta al público: PALIAX D (Gador)",minorista,,sí,Medicamentos
Venlafaxina 150 mg comprimidos,comprimido,1462.1532,2026-09-25,"PAMI, precio de venta al público: ELAFAX XR (Gador)",minorista,,sí,Medicamentos
Venlafaxina 150 mg cápsulas,cápsula,1382.2207,2026-09-25,"PAMI, precio de venta al público: ELAFAX LP (Gador)",minorista,,sí,Medicamentos
Venlafaxina 25 mg comprimidos,comprimido,350.5263,2026-09-25,"PAMI, precio de venta al público: ELAFAX (Gador)",minorista,,sí,Medicamentos
Venlafaxina 37.5 mg cápsulas,cápsula,995.2929,2026-09-25,"PAMI, precio de venta al público: ELAFAX LP (Gador)",minorista,,sí,Medicamentos
Venlafaxina 50 mg comprimidos,comprimido,497.5113,2026-09-25,"PAMI, precio de venta al público: ELAFAX (Gador)",minorista,,sí,Medicamentos
Venlafaxina 75 mg comprimidos,comprimido,1058.4586,2026-09-25,"PAMI, precio de venta al público: ELAFAX XR (Gador)",minorista,,sí,Medicamentos
Venlafaxina 75 mg comprimidos,comprimido,714.0540,2026-09-25,"PAMI, precio de venta al público: ELAFAX (Gador)",minorista,,sí,Medicamentos
Venlafaxina 75 mg cápsulas,cápsula,1035.4389,2026-09-25,"PAMI, precio de venta al público: ELAFAX LP (Gador)",minorista,,sí,Medicamentos
Vit.d3 100000 ui cápsulas,cápsula,13955.0600,2026-09-25,"PAMI, precio de venta al público: GADOFEROL CB (Gador)",minorista,,sí,Medicamentos
Vit.d3 100000 ui cápsulas,cápsula,10420.7050,2026-09-25,"PAMI, precio de venta al público: GADOFEROL CB (Gador)",minorista,,sí,Medicamentos
Vit.d3 100000 ui cápsulas,cápsula,9749.2175,2026-09-25,"PAMI, precio de venta al público: GADOFEROL CB (Gador)",minorista,,sí,Medicamentos
Vit.d3 50000 ui cápsulas,cápsula,7428.0100,2026-09-25,"PAMI, precio de venta al público: GADOFEROL CB (Gador)",minorista,,sí,Medicamentos
Zolpidem 10 mg comprimidos,comprimido,564.8457,2026-09-25,"PAMI, precio de venta al público: SOMIT (Gador)",minorista,,sí,Medicamentos
Zolpidem 12.5 mg comprimidos,comprimido,861.9950,2026-09-25,"PAMI, precio de venta al público: SOMIT CR (Gador)",minorista,,sí,Medicamentos
Zolpidem 3.5 mg comprimidos sublinguales,comprimido,47.7913,2026-09-25,"PAMI, precio de venta al público: SOMIT INTERSUEÑO (Gador)",minorista,,sí,Medicamentos
Zolpidem 5 mg comprimidos,comprimido,461.9170,2026-09-25,"PAMI, precio de venta al público: SOMIT (Gador)",minorista,,sí,Medicamentos
Zolpidem 6.25 mg comprimidos,comprimido,679.6770,2026-09-25,"PAMI, precio de venta al público: SOMIT CR (Gador)",minorista,,sí,Medicamentos
"Benzoílo,peróxido 10% gel",1 g,48.3002,2026-09-25,"PAMI, precio de venta al público: BENZIHEX AC (Galderma)",minorista,,sí,Medicamentos
"Benzoílo,peróxido 5% gel",1 g,474.7750,2026-09-25,"PAMI, precio de venta al público: BENZIHEX AC (Galderma)",minorista,,sí,Medicamentos
Limeciclina 150 mg cápsulas,cápsula,1391.2381,2026-09-25,"PAMI, precio de venta al público: TETRALYSAL (Galderma)",minorista,,sí,Medicamentos
Limeciclina 300 mg cápsulas,cápsula,1761.4786,2026-09-25,"PAMI, precio de venta al público: TETRALYSAL (Galderma)",minorista,,sí,Medicamentos
Metronidazol 0.75% gel,1 g,1209.0563,2026-09-25,"PAMI, precio de venta al público: ROZEX (Galderma)",minorista,,sí,Medicamentos
"Retinoico,ác. 0.025% crema",1 g,19.0577,2026-09-25,"PAMI, precio de venta al público: RETACNYL (Galderma)",minorista,,sí,Medicamentos
"Retinoico,ác. 0.050% crema",1 g,116.7617,2026-09-25,"PAMI, precio de venta al público: RETACNYL (Galderma)",minorista,,sí,Medicamentos
"Hierro,sacarosa 100 mg/5 ml ampollas",ampolla,1721.7200,2026-09-25,"PAMI, precio de venta al público: ENERGAVIT (Gemabiotech)",minorista,,sí,Medicamentos
Diclofenac potásico+paracetamol 50/500 mg comprimidos,comprimido,1522.7500,2026-09-25,"PAMI, precio de venta al público: TAFIROL ARTRO (Genomma Lab.)",minorista,,sí,Medicamentos
Bupropión 150mg comprimidos,comprimido,4655.7253,2026-09-25,"PAMI, precio de venta al público: WELLBUTRIN XL (GlaxoSmithKline)",minorista,,sí,Medicamentos
Bupropión 300mg comprimidos,comprimido,7751.2670,2026-09-25,"PAMI, precio de venta al público: WELLBUTRIN XL (GlaxoSmithKline)",minorista,,sí,Medicamentos
Cetirizina 10 mg comprimidos,comprimido,2295.7250,2026-09-25,"PAMI, precio de venta al público: SALVALERG (GlaxoSmithKline)",minorista,,sí,Medicamentos
Cetirizina 10 mg comprimidos,comprimido,2310.8910,2026-09-25,"PAMI, precio de venta al público: ZYRTEC (GlaxoSmithKline)",minorista,,sí,Medicamentos
Cetirizina 10 mg comprimidos,comprimido,2012.7003,2026-09-25,"PAMI, precio de venta al público: SALVALERG (GlaxoSmithKline)",minorista,,sí,Medicamentos
Cetirizina 10 mg comprimidos,comprimido,2024.7350,2026-09-25,"PAMI, precio de venta al público: ZYRTEC (GlaxoSmithKline)",minorista,,sí,Medicamentos
Dutasteride 0.5 mg cápsulas,cápsula,1793.0400,2026-09-25,"PAMI, precio de venta al público: AVODART (GlaxoSmithKline)",minorista,,sí,Medicamentos
Dutasteride+tamsulosina 0.5/0.4 mg cápsulas,cápsula,2863.4023,2026-09-25,"PAMI, precio de venta al público: DUODART (GlaxoSmithKline)",minorista,,sí,Medicamentos
"Fluticasona,propionato 0.5 mg/2 ml ampollas",ampolla,125.0260,2026-09-25,"PAMI, precio de venta al público: FLIXOTIDE NEBULES (GlaxoSmithKline)",minorista,,sí,Medicamentos
"Fluticasona,propionato 2 mg/2 ml ampollas",ampolla,113.9280,2026-09-25,"PAMI, precio de venta al público: FLIXOTIDE NEBULES (GlaxoSmithKline)",minorista,,sí,Medicamentos
Hidroxietil rutósidos 1 g comprimidos,comprimido,31.1000,2026-09-25,"PAMI, precio de venta al público: VENORUTON (GlaxoSmithKline)",minorista,,sí,Medicamentos
Hidroxietil rutósidos 500 mg comprimidos,comprimido,13.4942,2026-09-25,"PAMI, precio de venta al público: VENORUTON (GlaxoSmithKline)",minorista,,sí,Medicamentos
Lamotrigina 100 mg comprimidos,comprimido,3222.0813,2026-09-25,"PAMI, precio de venta al público: LAMICTAL DISPERSABLE (GlaxoSmithKline)",minorista,,sí,Medicamentos
Lamotrigina 100 mg comprimidos,comprimido,1821.7368,2026-09-25,"PAMI, precio de venta al público: LAMICTAL DISPERSABLE (GlaxoSmithKline)",minorista,,sí,Medicamentos
Lamotrigina 200 mg comprimidos,comprimido,5352.1147,2026-09-25,"PAMI, precio de venta al público: LAMICTAL DISPERSABLE (GlaxoSmithKline)",minorista,,sí,Medicamentos
Lamotrigina 25 mg comprimidos,comprimido,1273.9553,2026-09-25,"PAMI, precio de venta al público: LAMICTAL DISPERSABLE (GlaxoSmithKline)",minorista,,sí,Medicamentos
Lamotrigina 5 mg comprimidos,comprimido,740.8037,2026-09-25,"PAMI, precio de venta al público: LAMICTAL DISPERSABLE (GlaxoSmithKline)",minorista,,sí,Medicamentos
Lamotrigina 50 mg comprimidos,comprimido,2133.0900,2026-09-25,"PAMI, precio de venta al público: LAMICTAL DISPERSABLE (GlaxoSmithKline)",minorista,,sí,Medicamentos
Levetiracetam 1000 mg comprimidos,comprimido,7495.9643,2026-09-25,"PAMI, precio de venta al público: KEPPRA (GlaxoSmithKline)",minorista,,sí,Medicamentos
Levetiracetam 1000 mg comprimidos,comprimido,4293.6530,2026-09-25,"PAMI, precio de venta al público: KEPPRA (GlaxoSmithKline)",minorista,,sí,Medicamentos
Levetiracetam 500 mg comprimidos,comprimido,4442.6875,2026-09-25,"PAMI, precio de venta al público: KEPPRA (GlaxoSmithKline)",minorista,,sí,Medicamentos
Levetiracetam 500 mg comprimidos,comprimido,3087.3410,2026-09-25,"PAMI, precio de venta al público: KEPPRA (GlaxoSmithKline)",minorista,,sí,Medicamentos
Levetiracetam 500 mg comprimidos,comprimido,3513.5472,2026-09-25,"PAMI, precio de venta al público: KEPPRA (GlaxoSmithKline)",minorista,,sí,Medicamentos
Levotiroxina 100 mcg comprimidos,comprimido,285.8250,2026-09-25,"PAMI, precio de venta al público: LEVOTIROXINA GSK (GlaxoSmithKline)",minorista,,sí,Medicamentos
Levotiroxina 112 mcg comprimidos,comprimido,381.2436,2026-09-25,"PAMI, precio de venta al público: LEVOTIROXINA GSK (GlaxoSmithKline)",minorista,,sí,Medicamentos
Levotiroxina 125 mcg comprimidos,comprimido,404.8408,2026-09-25,"PAMI, precio de venta al público: LEVOTIROXINA GSK (GlaxoSmithKline)",minorista,,sí,Medicamentos
Levotiroxina 137 mcg comprimidos,comprimido,442.4884,2026-09-25,"PAMI, precio de venta al público: LEVOTIROXINA GSK (GlaxoSmithKline)",minorista,,sí,Medicamentos
Levotiroxina 150 mcg comprimidos,comprimido,456.2900,2026-09-25,"PAMI, precio de venta al público: LEVOTIROXINA GSK (GlaxoSmithKline)",minorista,,sí,Medicamentos
Levotiroxina 175 mcg comprimidos,comprimido,508.2162,2026-09-25,"PAMI, precio de venta al público: LEVOTIROXINA GSK (GlaxoSmithKline)",minorista,,sí,Medicamentos
Levotiroxina 25 mcg comprimidos,comprimido,193.7590,2026-09-25,"PAMI, precio de venta al público: LEVOTIROXINA GSK (GlaxoSmithKline)",minorista,,sí,Medicamentos
Levotiroxina 50 mcg comprimidos,comprimido,197.7488,2026-09-25,"PAMI, precio de venta al público: LEVOTIROXINA GSK (GlaxoSmithKline)",minorista,,sí,Medicamentos
Levotiroxina 75 mcg comprimidos,comprimido,248.8282,2026-09-25,"PAMI, precio de venta al público: LEVOTIROXINA GSK (GlaxoSmithKline)",minorista,,sí,Medicamentos
Levotiroxina 88 mcg comprimidos,comprimido,253.4440,2026-09-25,"PAMI, precio de venta al público: LEVOTIROXINA GSK (GlaxoSmithKline)",minorista,,sí,Medicamentos
Naratriptán 2.5 mg comprimidos,comprimido,11480.2929,2026-09-25,"PAMI, precio de venta al público: NARAMIG (GlaxoSmithKline)",minorista,,sí,Medicamentos
Paroxetina 12.5 mg comprimidos,comprimido,1781.8307,2026-09-25,"PAMI, precio de venta al público: PAXIL CR (GlaxoSmithKline)",minorista,,sí,Medicamentos
Paroxetina 20 mg comprimidos,comprimido,2277.7397,2026-09-25,"PAMI, precio de venta al público: AROPAX (GlaxoSmithKline)",minorista,,sí,Medicamentos
Paroxetina 25 mg comprimidos,comprimido,2392.4480,2026-09-25,"PAMI, precio de venta al público: PAXIL CR (GlaxoSmithKline)",minorista,,sí,Medicamentos
Piracetam 1200 mg comprimidos,comprimido,2211.1460,2026-09-25,"PAMI, precio de venta al público: NOOSTAN (GlaxoSmithKline)",minorista,,sí,Medicamentos
Piracetam 800 mg comprimidos,comprimido,1290.9551,2026-09-25,"PAMI, precio de venta al público: NOOSTAN (GlaxoSmithKline)",minorista,,sí,Medicamentos
Ropinirol 0.25 mg comprimidos,comprimido,48.4958,2026-09-25,"PAMI, precio de venta al público: REQUIP (GlaxoSmithKline)",minorista,,sí,Medicamentos
Ropinirol 0.50 mg comprimidos,comprimido,49.9305,2026-09-25,"PAMI, precio de venta al público: REQUIP (GlaxoSmithKline)",minorista,,sí,Medicamentos
Ropinirol 1 mg comprimidos,comprimido,87.8838,2026-09-25,"PAMI, precio de venta al público: REQUIP (GlaxoSmithKline)",minorista,,sí,Medicamentos
Ropinirol 2 mg comprimidos de liberación prolongada,comprimido,2659.7250,2026-09-25,"PAMI, precio de venta al público: REQUIP PD (GlaxoSmithKline)",minorista,,sí,Medicamentos
Ropinirol 2 mg comprimidos,comprimido,124.1024,2026-09-25,"PAMI, precio de venta al público: REQUIP (GlaxoSmithKline)",minorista,,sí,Medicamentos
Ropinirol 4 mg comprimidos de liberación prolongada,comprimido,4284.3129,2026-09-25,"PAMI, precio de venta al público: REQUIP PD (GlaxoSmithKline)",minorista,,sí,Medicamentos
Ropinirol 8 mg comprimidos de liberación prolongada,comprimido,6824.0204,2026-09-25,"PAMI, precio de venta al público: REQUIP PD (GlaxoSmithKline)",minorista,,sí,Medicamentos
Sumatriptán 50 mg comprimidos,comprimido,7639.6900,2026-09-25,"PAMI, precio de venta al público: IMIGRAN (GlaxoSmithKline)",minorista,,sí,Medicamentos
Valaciclovir 1 g comprimidos,comprimido,8891.7657,2026-09-25,"PAMI, precio de venta al público: VALTREX (GlaxoSmithKline)",minorista,,sí,Medicamentos
Finasteride 5 mg comprimidos,comprimido,160.7027,2026-09-25,"PAMI, precio de venta al público: PROSTANOVAG (Gobbi)",minorista,,sí,Medicamentos
Fosfomicina 500 mg cápsulas,cápsula,219.1533,2026-09-25,"PAMI, precio de venta al público: SOLUFOS (Gobbi)",minorista,,sí,Medicamentos
Fosfomicina 500 mg cápsulas,cápsula,137.7771,2026-09-25,"PAMI, precio de venta al público: SOLUFOS (Gobbi)",minorista,,sí,Medicamentos
Metadona 10 mg comprimidos,comprimido,1606.4720,2026-09-25,"PAMI, precio de venta al público: GOBBIDONA (Gobbi)",minorista,,sí,Medicamentos
Metadona 10 mg comprimidos,comprimido,1596.7373,2026-09-25,"PAMI, precio de venta al público: GOBBIDONA (Gobbi)",minorista,,sí,Medicamentos
Metadona 40 mg comprimidos,comprimido,3729.9992,2026-09-25,"PAMI, precio de venta al público: GOBBIDONA (Gobbi)",minorista,,sí,Medicamentos
Metadona 40 mg comprimidos,comprimido,3710.0421,2026-09-25,"PAMI, precio de venta al público: GOBBIDONA (Gobbi)",minorista,,sí,Medicamentos
Metadona 5 mg comprimidos,comprimido,886.8636,2026-09-25,"PAMI, precio de venta al público: GOBBIDONA (Gobbi)",minorista,,sí,Medicamentos
Metadona 5 mg comprimidos,comprimido,872.6525,2026-09-25,"PAMI, precio de venta al público: GOBBIDONA (Gobbi)",minorista,,sí,Medicamentos
Oxicodona 10 mg comprimidos de liberación prolongada,comprimido,446.9857,2026-09-25,"PAMI, precio de venta al público: OXINOVAG (Gobbi)",minorista,,sí,Medicamentos
Oxicodona 20 mg comprimidos de liberación prolongada,comprimido,1315.5857,2026-09-25,"PAMI, precio de venta al público: OXINOVAG (Gobbi)",minorista,,sí,Medicamentos
Oxicodona 40 mg comprimidos de liberación prolongada,comprimido,1074.7683,2026-09-25,"PAMI, precio de venta al público: OXINOVAG (Gobbi)",minorista,,sí,Medicamentos
Tolterodina 2 mg comprimidos,comprimido,81.1913,2026-09-25,"PAMI, precio de venta al público: BREMINAL (Gobbi)",minorista,,sí,Medicamentos
Tolterodina 2 mg comprimidos,comprimido,81.2007,2026-09-25,"PAMI, precio de venta al público: BREMINAL (Gobbi)",minorista,,sí,Medicamentos
Tramadol 50 mg comprimidos,comprimido,29.9090,2026-09-25,"PAMI, precio de venta al público: TRAMANOVAG (Gobbi)",minorista,,sí,Medicamentos
Carvedilol 12.5 mg comprimidos,comprimido,477.9237,2026-09-25,"PAMI, precio de venta al público: CARVICORD",minorista,,sí,Medicamentos
Carvedilol 25 mg comprimidos,comprimido,534.5987,2026-09-25,"PAMI, precio de venta al público: CARVICORD",minorista,,sí,Medicamentos
Carvedilol 50 mg comprimidos,comprimido,681.6967,2026-09-25,"PAMI, precio de venta al público: CARVICORD",minorista,,sí,Medicamentos
Carvedilol 6.25 mg comprimidos,comprimido,365.4550,2026-09-25,"PAMI, precio de venta al público: CARVICORD",minorista,,sí,Medicamentos
Clopidogrel 75 mg comprimidos,comprimido,2180.1143,2026-09-25,"PAMI, precio de venta al público: NADENEL",minorista,,sí,Medicamentos
Clopidogrel 75 mg comprimidos,comprimido,1714.0589,2026-09-25,"PAMI, precio de venta al público: NADENEL",minorista,,sí,Medicamentos
Clopidogrel 75 mg comprimidos,comprimido,1994.0303,2026-09-25,"PAMI, precio de venta al público: NADENEL",minorista,,sí,Medicamentos
Etoricoxib 120 mg comprimidos,comprimido,2042.0843,2026-09-25,"PAMI, precio de venta al público: RODICOX 120",minorista,,sí,Medicamentos
Etoricoxib 120 mg comprimidos,comprimido,1407.1370,2026-09-25,"PAMI, precio de venta al público: RODICOX 120",minorista,,sí,Medicamentos
Etoricoxib 60 mg comprimidos,comprimido,1295.9629,2026-09-25,"PAMI, precio de venta al público: RODICOX 60",minorista,,sí,Medicamentos
Etoricoxib 60 mg comprimidos,comprimido,1232.4293,2026-09-25,"PAMI, precio de venta al público: RODICOX 60",minorista,,sí,Medicamentos
Etoricoxib 90 mg comprimidos,comprimido,1977.4486,2026-09-25,"PAMI, precio de venta al público: RODICOX 90",minorista,,sí,Medicamentos
Etoricoxib 90 mg comprimidos,comprimido,1765.6307,2026-09-25,"PAMI, precio de venta al público: RODICOX 90",minorista,,sí,Medicamentos
Etoricoxib 90 mg comprimidos,comprimido,1607.9718,2026-09-25,"PAMI, precio de venta al público: RODICOX 90",minorista,,sí,Medicamentos
Etoricoxib 90 mg comprimidos,comprimido,1487.5027,2026-09-25,"PAMI, precio de venta al público: RODICOX 90",minorista,,sí,Medicamentos
Etoricoxib 90 mg comprimidos,comprimido,1916.6400,2026-09-25,"PAMI, precio de venta al público: RODICOX 90",minorista,,sí,Medicamentos
Fexofenadina 180 mg comprimidos,comprimido,1708.3470,2026-09-25,"PAMI, precio de venta al público: MUDANTIL F",minorista,,sí,Medicamentos
Fexofenadina 180 mg comprimidos,comprimido,1518.0785,2026-09-25,"PAMI, precio de venta al público: MUDANTIL F",minorista,,sí,Medicamentos
Fluconazol 150 mg comprimidos,comprimido,7894.4100,2026-09-25,"PAMI, precio de venta al público: NIMIC 150",minorista,,sí,Medicamentos
Fluconazol 150 mg comprimidos,comprimido,6762.0950,2026-09-25,"PAMI, precio de venta al público: NIMIC 150",minorista,,sí,Medicamentos
Fluconazol 150 mg comprimidos,comprimido,5697.2550,2026-09-25,"PAMI, precio de venta al público: NIMIC 150",minorista,,sí,Medicamentos
Fluconazol 150 mg comprimidos,comprimido,4883.3800,2026-09-25,"PAMI, precio de venta al público: NIMIC 150",minorista,,sí,Medicamentos
"Ibandrónico,ác. 150 mg comprimidos",comprimido,25581.1100,2026-09-25,"PAMI, precio de venta al público: OSEUM",minorista,,sí,Medicamentos
"Ibandrónico,ác. 150 mg comprimidos",comprimido,22381.8600,2026-09-25,"PAMI, precio de venta al público: OSEUM",minorista,,sí,Medicamentos
"Ibandrónico,ác. 150 mg comprimidos",comprimido,21350.9567,2026-09-25,"PAMI, precio de venta al público: OSEUM",minorista,,sí,Medicamentos
Levofloxacina 500 mg comprimidos,comprimido,1899.3614,2026-09-25,"PAMI, precio de venta al público: UNILEVO 500",minorista,,sí,Medicamentos
Levofloxacina 500 mg comprimidos,comprimido,1951.9557,2026-09-25,"PAMI, precio de venta al público: UNILEVO 500",minorista,,sí,Medicamentos
Levofloxacina 750 mg comprimidos,comprimido,2961.0620,2026-09-25,"PAMI, precio de venta al público: UNILEVO 750",minorista,,sí,Medicamentos
Losartán 100 mg comprimidos,comprimido,854.1190,2026-09-25,"PAMI, precio de venta al público: LOREBIL 100",minorista,,sí,Medicamentos
Losartán 100 mg comprimidos,comprimido,742.6543,2026-09-25,"PAMI, precio de venta al público: LOREBIL 100",minorista,,sí,Medicamentos
Losartán 50 mg comprimidos,comprimido,647.9320,2026-09-25,"PAMI, precio de venta al público: LOREBIL 50",minorista,,sí,Medicamentos
Losartán 50 mg comprimidos,comprimido,617.1340,2026-09-25,"PAMI, precio de venta al público: LOREBIL 50",minorista,,sí,Medicamentos
Pregabalina 150 mg comprimidos,comprimido,1508.1907,2026-09-25,"PAMI, precio de venta al público: DOLONEUTIN PRACTIDOSIS",minorista,,sí,Medicamentos
Pregabalina 150 mg cápsulas,cápsula,1945.0487,2026-09-25,"PAMI, precio de venta al público: DOLONEUTIN",minorista,,sí,Medicamentos
Pregabalina 25 mg cápsulas,cápsula,446.9853,2026-09-25,"PAMI, precio de venta al público: DOLONEUTIN",minorista,,sí,Medicamentos
Pregabalina 300 mg cápsulas,cápsula,2224.6430,2026-09-25,"PAMI, precio de venta al público: DOLONEUTIN",minorista,,sí,Medicamentos
Pregabalina 50 mg cápsulas,cápsula,917.0007,2026-09-25,"PAMI, precio de venta al público: DOLONEUTIN",minorista,,sí,Medicamentos
Pregabalina 75 mg comprimidos,comprimido,1459.3833,2026-09-25,"PAMI, precio de venta al público: DOLONEUTIN PRACTIDOSIS",minorista,,sí,Medicamentos
Pregabalina 75 mg comprimidos,comprimido,1333.0990,2026-09-25,"PAMI, precio de venta al público: DOLONEUTIN PRACTIDOSIS",minorista,,sí,Medicamentos
Pregabalina 75 mg cápsulas,cápsula,1207.3040,2026-09-25,"PAMI, precio de venta al público: DOLONEUTIN",minorista,,sí,Medicamentos
Pregabalina 75 mg cápsulas,cápsula,1233.2757,2026-09-25,"PAMI, precio de venta al público: DOLONEUTIN",minorista,,sí,Medicamentos
"Pridinol,mesilato 4 mg comprimidos",comprimido,577.8270,2026-09-25,"PAMI, precio de venta al público: RODI RELAX",minorista,,sí,Medicamentos
"Pridinol,mesilato 4 mg comprimidos",comprimido,705.3640,2026-09-25,"PAMI, precio de venta al público: RODI RELAX",minorista,,sí,Medicamentos
"Pridinol,mesilato 4 mg comprimidos",comprimido,453.0887,2026-09-25,"PAMI, precio de venta al público: RODI RELAX",minorista,,sí,Medicamentos
Rosuvastatina 10 mg comprimidos,comprimido,890.3021,2026-09-25,"PAMI, precio de venta al público: ROSUCOL",minorista,,sí,Medicamentos
Rosuvastatina 10 mg comprimidos,comprimido,786.7670,2026-09-25,"PAMI, precio de venta al público: ROSUCOL",minorista,,sí,Medicamentos
Rosuvastatina 10 mg comprimidos,comprimido,816.2820,2026-09-25,"PAMI, precio de venta al público: ROSUCOL",minorista,,sí,Medicamentos
Rosuvastatina 20 mg comprimidos,comprimido,1559.9125,2026-09-25,"PAMI, precio de venta al público: ROSUCOL",minorista,,sí,Medicamentos
Rosuvastatina 20 mg comprimidos,comprimido,1387.7220,2026-09-25,"PAMI, precio de venta al público: ROSUCOL",minorista,,sí,Medicamentos
Rosuvastatina 20 mg comprimidos,comprimido,1413.2295,2026-09-25,"PAMI, precio de venta al público: ROSUCOL",minorista,,sí,Medicamentos
Rosuvastatina 40 mg comprimidos,comprimido,2083.0203,2026-09-25,"PAMI, precio de venta al público: ROSUCOL",minorista,,sí,Medicamentos
Rosuvastatina 5 mg comprimidos,comprimido,522.3247,2026-09-25,"PAMI, precio de venta al público: ROSUCOL",minorista,,sí,Medicamentos
Rosuvastatina 5 mg comprimidos,comprimido,520.4417,2026-09-25,"PAMI, precio de venta al público: ROSUCOL",minorista,,sí,Medicamentos
Simvastatin 10 mg comprimidos,comprimido,844.3363,2026-09-25,"PAMI, precio de venta al público: GEMISTATIN 10",minorista,,sí,Medicamentos
Simvastatin 20 mg comprimidos,comprimido,984.8033,2026-09-25,"PAMI, precio de venta al público: GEMISTATIN 20",minorista,,sí,Medicamentos
Vit.b12 1 mg comprimidos,comprimido,1511.8853,2026-09-25,"PAMI, precio de venta al público: BEGAN 12",minorista,,sí,Medicamentos
Vit.b12 1 mg comprimidos,comprimido,1300.3027,2026-09-25,"PAMI, precio de venta al público: BEGAN 12",minorista,,sí,Medicamentos
Oseltamivir 75 mg cápsulas,cápsula,51.2520,2026-09-25,"PAMI, precio de venta al público: TAMIFLU (Investi)",minorista,,sí,Medicamentos
Cilostazol 100 mg comprimidos,comprimido,423.2135,2026-09-25,"PAMI, precio de venta al público: PLETAAL (Janssen-Cilag)",minorista,,sí,Medicamentos
Cilostazol 100 mg comprimidos,comprimido,381.2998,2026-09-25,"PAMI, precio de venta al público: PLETAAL (Janssen-Cilag)",minorista,,sí,Medicamentos
Cilostazol 50 mg comprimidos,comprimido,44.3785,2026-09-25,"PAMI, precio de venta al público: PLETAAL (Janssen-Cilag)",minorista,,sí,Medicamentos
Cilostazol 50 mg comprimidos,comprimido,41.6475,2026-09-25,"PAMI, precio de venta al público: PLETAAL (Janssen-Cilag)",minorista,,sí,Medicamentos
Galantamina 12 mg comprimidos,comprimido,153.5091,2026-09-25,"PAMI, precio de venta al público: REMINYL (Janssen-Cilag)",minorista,,sí,Medicamentos
Galantamina 16 mg cápsulas,cápsula,6234.8554,2026-09-25,"PAMI, precio de venta al público: REMINYL ER (Janssen-Cilag)",minorista,,sí,Medicamentos
Galantamina 4 mg comprimidos,comprimido,96.4621,2026-09-25,"PAMI, precio de venta al público: REMINYL (Janssen-Cilag)",minorista,,sí,Medicamentos
Galantamina 8 mg cápsulas,cápsula,4092.9729,2026-09-25,"PAMI, precio de venta al público: REMINYL ER (Janssen-Cilag)",minorista,,sí,Medicamentos
Haloperidol 1 mg comprimidos,comprimido,189.8319,2026-09-25,"PAMI, precio de venta al público: HALOPIDOL (Janssen-Cilag)",minorista,,sí,Medicamentos
Haloperidol 10 mg comprimidos,comprimido,1252.4502,2026-09-25,"PAMI, precio de venta al público: HALOPIDOL (Janssen-Cilag)",minorista,,sí,Medicamentos
Haloperidol 2 mg/ml solución oral,1 ml,597.3143,2026-09-25,"PAMI, precio de venta al público: HALOPIDOL (Janssen-Cilag)",minorista,,sí,Medicamentos
Haloperidol 5 mg comprimidos,comprimido,644.6232,2026-09-25,"PAMI, precio de venta al público: HALOPIDOL (Janssen-Cilag)",minorista,,sí,Medicamentos
Levofloxacina 500 mg comprimidos,comprimido,328.5971,2026-09-25,"PAMI, precio de venta al público: LEVAQUIN (Janssen-Cilag)",minorista,,sí,Medicamentos
Lincomicina 500 mg cápsulas,cápsula,110.0369,2026-09-25,"PAMI, precio de venta al público: FRADEMICINA (Janssen-Cilag)",minorista,,sí,Medicamentos
Metilfenidato 18 mg comprimidos,comprimido,4102.9340,2026-09-25,"PAMI, precio de venta al público: CONCERTA (Janssen-Cilag)",minorista,,sí,Medicamentos
Metilfenidato 36 mg comprimidos,comprimido,5868.1660,2026-09-25,"PAMI, precio de venta al público: CONCERTA (Janssen-Cilag)",minorista,,sí,Medicamentos
Metilfenidato 54 mg comprimidos,comprimido,7978.6977,2026-09-25,"PAMI, precio de venta al público: CONCERTA (Janssen-Cilag)",minorista,,sí,Medicamentos
Paliperidona 3 mg comprimidos de liberación prolongada,comprimido,7614.2957,2026-09-25,"PAMI, precio de venta al público: INVEGA (Janssen-Cilag)",minorista,,sí,Medicamentos
Paliperidona 6 mg comprimidos de liberación prolongada,comprimido,8278.1468,2026-09-25,"PAMI, precio de venta al público: INVEGA (Janssen-Cilag)",minorista,,sí,Medicamentos
Risperidona 0.25 mg comprimidos,comprimido,22.5515,2026-09-25,"PAMI, precio de venta al público: RISPERDAL (Janssen-Cilag)",minorista,,sí,Medicamentos
Risperidona 0.5 mg comprimidos,comprimido,612.5455,2026-09-25,"PAMI, precio de venta al público: RISPERDAL (Janssen-Cilag)",minorista,,sí,Medicamentos
Risperidona 1 mg comprimidos,comprimido,922.4705,2026-09-25,"PAMI, precio de venta al público: RISPERDAL (Janssen-Cilag)",minorista,,sí,Medicamentos
Risperidona 2 mg comprimidos,comprimido,2371.8425,2026-09-25,"PAMI, precio de venta al público: RISPERDAL (Janssen-Cilag)",minorista,,sí,Medicamentos
Risperidona 2 mg comprimidos,comprimido,2244.8498,2026-09-25,"PAMI, precio de venta al público: RISPERDAL (Janssen-Cilag)",minorista,,sí,Medicamentos
Risperidona 3 mg comprimidos,comprimido,3542.6335,2026-09-25,"PAMI, precio de venta al público: RISPERDAL (Janssen-Cilag)",minorista,,sí,Medicamentos
Risperidona 3 mg comprimidos,comprimido,3317.3753,2026-09-25,"PAMI, precio de venta al público: RISPERDAL (Janssen-Cilag)",minorista,,sí,Medicamentos
Risperidona 4 mg comprimidos,comprimido,4471.6935,2026-09-25,"PAMI, precio de venta al público: RISPERDAL (Janssen-Cilag)",minorista,,sí,Medicamentos
Topiramato 100 mg comprimidos,comprimido,2973.1546,2026-09-25,"PAMI, precio de venta al público: TOPAMAC (Janssen-Cilag)",minorista,,sí,Medicamentos
Topiramato 100 mg comprimidos,comprimido,2680.8912,2026-09-25,"PAMI, precio de venta al público: TOPAMAC (Janssen-Cilag)",minorista,,sí,Medicamentos
Topiramato 15 mg cápsulas,cápsula,780.0135,2026-09-25,"PAMI, precio de venta al público: TOPAMAC SPRINKLE (Janssen-Cilag)",minorista,,sí,Medicamentos
Topiramato 25 mg comprimidos,comprimido,1060.2936,2026-09-25,"PAMI, precio de venta al público: TOPAMAC (Janssen-Cilag)",minorista,,sí,Medicamentos
Topiramato 25 mg cápsulas,cápsula,1344.3245,2026-09-25,"PAMI, precio de venta al público: TOPAMAC SPRINKLE (Janssen-Cilag)",minorista,,sí,Medicamentos
Topiramato 50 mg comprimidos,comprimido,1951.0325,2026-09-25,"PAMI, precio de venta al público: TOPAMAC (Janssen-Cilag)",minorista,,sí,Medicamentos
Amlodipina 10 mg comprimidos,comprimido,661.4673,2026-09-25,"PAMI, precio de venta al público: AMLOTENS (Klonal)",minorista,,sí,Medicamentos
Amlodipina 5 mg comprimidos,comprimido,350.9630,2026-09-25,"PAMI, precio de venta al público: AMLOTENS (Klonal)",minorista,,sí,Medicamentos
Atenolol 50 mg comprimidos,comprimido,152.1247,2026-09-25,"PAMI, precio de venta al público: ATENOBLOCK (Klonal)",minorista,,sí,Medicamentos
Atorvastatín 10 mg comprimidos,comprimido,960.3487,2026-09-25,"PAMI, precio de venta al público: LIPOVASTATIN KLONAL (Klonal)",minorista,,sí,Medicamentos
Atorvastatín 20 mg comprimidos,comprimido,1498.3883,2026-09-25,"PAMI, precio de venta al público: LIPOVASTATIN KLONAL (Klonal)",minorista,,sí,Medicamentos
Azitromicina 200 mg/5 ml suspensión oral,1 ml,514.4247,2026-09-25,"PAMI, precio de venta al público: AZITRONA KLONAL (Klonal)",minorista,,sí,Medicamentos
Azitromicina 500 mg comprimidos,comprimido,2301.9817,2026-09-25,"PAMI, precio de venta al público: AZITRONA KLONAL (Klonal)",minorista,,sí,Medicamentos
Carbamazepina 200 mg comprimidos,comprimido,387.1770,2026-09-25,"PAMI, precio de venta al público: C.M.P.200 (Klonal)",minorista,,sí,Medicamentos
Carvedilol 12.5 mg comprimidos,comprimido,405.5753,2026-09-25,"PAMI, precio de venta al público: HIPOTEN KLONAL (Klonal)",minorista,,sí,Medicamentos
Carvedilol 25 mg comprimidos,comprimido,482.4663,2026-09-25,"PAMI, precio de venta al público: HIPOTEN KLONAL (Klonal)",minorista,,sí,Medicamentos
Carvedilol 6.25 mg comprimidos,comprimido,316.0630,2026-09-25,"PAMI, precio de venta al público: HIPOTEN KLONAL (Klonal)",minorista,,sí,Medicamentos
Cefadroxilo 500 mg comprimidos,comprimido,915.8763,2026-09-25,"PAMI, precio de venta al público: KLONDROXIL (Klonal)",minorista,,sí,Medicamentos
Ciprofloxacina 500 mg comprimidos,comprimido,1389.8630,2026-09-25,"PAMI, precio de venta al público: CIRFLOX-G (Klonal)",minorista,,sí,Medicamentos
Claritromicina 125 mg/5 ml jarabe,1 ml,257.3893,2026-09-25,"PAMI, precio de venta al público: KLONACID (Klonal)",minorista,,sí,Medicamentos
Claritromicina 500 mg comprimidos,comprimido,1712.8650,2026-09-25,"PAMI, precio de venta al público: KLONACID (Klonal)",minorista,,sí,Medicamentos
Dexametasona 0.1% colirio,1 ml,2836.2020,2026-09-25,"PAMI, precio de venta al público: NEXADRON OFTAL (Klonal)",minorista,,sí,Medicamentos
Dexametasona+neomicina+asoc. 5/500/50mg% colirio,1 ml,2592.4740,2026-09-25,"PAMI, precio de venta al público: NEXADRON COMPUESTO (Klonal)",minorista,,sí,Medicamentos
Enalapril 10 mg comprimidos,comprimido,301.3373,2026-09-25,"PAMI, precio de venta al público: NALAPRIL (Klonal)",minorista,,sí,Medicamentos
Eritromicina 200 mg suspensión oral,1 ml,101.4905,2026-09-25,"PAMI, precio de venta al público: ERITROMICINA KLONAL (Klonal)",minorista,,sí,Medicamentos
Espironolactona 100 mg comprimidos,comprimido,733.0693,2026-09-25,"PAMI, precio de venta al público: ESPIMAX (Klonal)",minorista,,sí,Medicamentos
Espironolactona 25 mg comprimidos,comprimido,519.3587,2026-09-25,"PAMI, precio de venta al público: ESPIMAX (Klonal)",minorista,,sí,Medicamentos
Fenoximetilpenicilina 1500000 ui comprimidos,comprimido,622.8342,2026-09-25,"PAMI, precio de venta al público: PENFANTIL ORAL (Klonal)",minorista,,sí,Medicamentos
Fenoximetilpenicilina 300000ui/5ml suspensión oral,1 ml,77.3784,2026-09-25,"PAMI, precio de venta al público: PENFANTIL ORAL (Klonal)",minorista,,sí,Medicamentos
Fluconazol 150 mg comprimidos,comprimido,4527.7400,2026-09-25,"PAMI, precio de venta al público: KLONARIZOL (Klonal)",minorista,,sí,Medicamentos
Furosemida 40 mg comprimidos,comprimido,19.6810,2026-09-25,"PAMI, precio de venta al público: FUROSEMIDA KLONAL (Klonal)",minorista,,sí,Medicamentos
Hidrocortisona 1% crema,1 g,463.8733,2026-09-25,"PAMI, precio de venta al público: HIDROCORTISONA (Klonal)",minorista,,sí,Medicamentos
Hidrocortisona 10 mg comprimidos,comprimido,429.1043,2026-09-25,"PAMI, precio de venta al público: HIDROCORTISONA (Klonal)",minorista,,sí,Medicamentos
Latanoprost 50mcg/ml colirio,1 ml,8079.5320,2026-09-25,"PAMI, precio de venta al público: KLONAPROST (Klonal)",minorista,,sí,Medicamentos
Levodopa+carbidopa 250/25 mg comprimidos,comprimido,513.7860,2026-09-25,"PAMI, precio de venta al público: LECARGE (Klonal)",minorista,,sí,Medicamentos
Losartán 100 mg comprimidos,comprimido,868.7330,2026-09-25,"PAMI, precio de venta al público: KLOSARTAN (Klonal)",minorista,,sí,Medicamentos
Losartán 50 mg comprimidos,comprimido,702.2387,2026-09-25,"PAMI, precio de venta al público: KLOSARTAN (Klonal)",minorista,,sí,Medicamentos
Losartán+hidroclorotiazida 50/12.5 mg comprimidos,comprimido,767.9707,2026-09-25,"PAMI, precio de venta al público: KLOSARTAN-D (Klonal)",minorista,,sí,Medicamentos
Meprednisona 40 mg comprimidos,comprimido,2146.4805,2026-09-25,"PAMI, precio de venta al público: PREDNISONAL (Klonal)",minorista,,sí,Medicamentos
Meprednisona 8 mg comprimidos,comprimido,31.5845,2026-09-25,"PAMI, precio de venta al público: PREDNISONAL (Klonal)",minorista,,sí,Medicamentos
Metronidazol 500 mg comprimidos,comprimido,390.6775,2026-09-25,"PAMI, precio de venta al público: ETRONIL (Klonal)",minorista,,sí,Medicamentos
Naproxeno 500 mg comprimidos,comprimido,1192.4445,2026-09-25,"PAMI, precio de venta al público: NAPROGEN (Klonal)",minorista,,sí,Medicamentos
Norfloxacina 400 mg comprimidos,comprimido,827.0485,2026-09-25,"PAMI, precio de venta al público: NORFLOXACINA KLONAL (Klonal)",minorista,,sí,Medicamentos
Tamsulosina 0.4 mg cápsulas,cápsula,1399.8647,2026-09-25,"PAMI, precio de venta al público: FLOCPROX (Klonal)",minorista,,sí,Medicamentos
"Timolol,maleato 0.5% colirio",1 ml,1878.7780,2026-09-25,"PAMI, precio de venta al público: KLONALOL (Klonal)",minorista,,sí,Medicamentos
"Vit.b,complejo 250/250/3 mg comprimidos",comprimido,831.3860,2026-09-25,"PAMI, precio de venta al público: TRISEL (Klonal)",minorista,,sí,Medicamentos
Dexametasona 40 mg comprimidos,comprimido,55.1729,2026-09-25,"PAMI, precio de venta al público: DEXAMERAL 40 (LKM)",minorista,,sí,Medicamentos
Mesalazina 500 mg comprimidos,comprimido,2197.0173,2026-09-25,"PAMI, precio de venta al público: SALOFALK (LKM)",minorista,,sí,Medicamentos
Mesalazina 500 mg supositorios,supositorio,4475.4657,2026-09-25,"PAMI, precio de venta al público: SALOFALK (LKM)",minorista,,sí,Medicamentos
Pipotiazina 100 mg ampollas,ampolla,839.8200,2026-09-25,"PAMI, precio de venta al público: PIPOTIAZINA 100 DOSA (LKM)",minorista,,sí,Medicamentos
Pipotiazina 25 mg ampollas,ampolla,211.4867,2026-09-25,"PAMI, precio de venta al público: PIPOTIAZINA 25 DOSA (LKM)",minorista,,sí,Medicamentos
Risperidona 3 mg comprimidos,comprimido,14.2292,2026-09-25,"PAMI, precio de venta al público: RISPERIDONA DOSA (LKM)",minorista,,sí,Medicamentos
Rivastigmina 1.5 mg cápsulas,cápsula,2084.0271,2026-09-25,"PAMI, precio de venta al público: EXELON (LKM)",minorista,,sí,Medicamentos
Rivastigmina 13.3 mg parches,parche,4049.6587,2026-09-25,"PAMI, precio de venta al público: EXELON PARCHE 15 (LKM)",minorista,,sí,Medicamentos
Rivastigmina 3 mg cápsulas,cápsula,2085.4861,2026-09-25,"PAMI, precio de venta al público: EXELON (LKM)",minorista,,sí,Medicamentos
Rivastigmina 4.5 mg cápsulas,cápsula,2104.4782,2026-09-25,"PAMI, precio de venta al público: EXELON (LKM)",minorista,,sí,Medicamentos
Rivastigmina 4.6 mg parches,parche,3722.7477,2026-09-25,"PAMI, precio de venta al público: EXELON PARCHE 5 (LKM)",minorista,,sí,Medicamentos
Rivastigmina 6 mg cápsulas,cápsula,2186.5182,2026-09-25,"PAMI, precio de venta al público: EXELON (LKM)",minorista,,sí,Medicamentos
Rivastigmina 9.5 mg parches,parche,3722.7477,2026-09-25,"PAMI, precio de venta al público: EXELON PARCHE 10 (LKM)",minorista,,sí,Medicamentos
Roflumilast 0.5 mg comprimidos,comprimido,91.7250,2026-09-25,"PAMI, precio de venta al público: PLUSMUV (LKM)",minorista,,sí,Medicamentos
"Ursodesoxicólico,ác. 250 mg cápsulas",cápsula,1563.3001,2026-09-25,"PAMI, precio de venta al público: URSOFALK (LKM)",minorista,,sí,Medicamentos
"Ursodesoxicólico,ác. 500 mg comprimidos",comprimido,2951.7574,2026-09-25,"PAMI, precio de venta al público: URSOFALK (LKM)",minorista,,sí,Medicamentos
Sildenafil 50 mg comprimidos,comprimido,2668.9260,2026-09-25,"PAMI, precio de venta al público: FIRMEL (Laboratorio Mil)",minorista,,sí,Medicamentos
Sildenafil 50 mg comprimidos,comprimido,3100.0000,2026-09-25,"PAMI, precio de venta al público: FIRMEL (Laboratorio Mil)",minorista,,sí,Medicamentos
Sildenafil 50 mg comprimidos,comprimido,2724.3720,2026-09-25,"PAMI, precio de venta al público: FIRMEL (Laboratorio Mil)",minorista,,sí,Medicamentos
Mebendazol 200 mg comprimidos,comprimido,1732.1000,2026-09-25,"PAMI, precio de venta al público: TRU M (Laboratorio Val)",minorista,,sí,Medicamentos
Acetilcisteína 600 mg comprimidos dispersables,comprimido,1696.3590,2026-09-25,"PAMI, precio de venta al público: QURA MUK (Laboratorios Be)",minorista,,sí,Medicamentos
Acetilcisteína 600 mg comprimidos dispersables,comprimido,1384.1330,2026-09-25,"PAMI, precio de venta al público: QURA MUK (Laboratorios Be)",minorista,,sí,Medicamentos
Amlodipina 10 mg comprimidos,comprimido,1023.7877,2026-09-25,"PAMI, precio de venta al público: ARTERIOSAN (Laboratorios Be)",minorista,,sí,Medicamentos
Amlodipina 5 mg comprimidos,comprimido,548.3813,2026-09-25,"PAMI, precio de venta al público: ARTERIOSAN (Laboratorios Be)",minorista,,sí,Medicamentos
Amlodipina+benazepril 2.5/10 mg cápsulas,cápsula,583.4387,2026-09-25,"PAMI, precio de venta al público: ARTERIOSAN PLUS (Laboratorios Be)",minorista,,sí,Medicamentos
Amlodipina+benazepril 5/10 mg cápsulas,cápsula,911.6733,2026-09-25,"PAMI, precio de venta al público: ARTERIOSAN PLUS (Laboratorios Be)",minorista,,sí,Medicamentos
Amlodipina+benazepril 5/20 mg cápsulas,cápsula,1129.9933,2026-09-25,"PAMI, precio de venta al público: ARTERIOSAN PLUS (Laboratorios Be)",minorista,,sí,Medicamentos
"Amlodipina+losartán,potásico 5/100 mg comprimidos",comprimido,1264.1427,2026-09-25,"PAMI, precio de venta al público: ARTERIOSAN COMPUESTO (Laboratorios Be)",minorista,,sí,Medicamentos
"Amlodipina+losartán,potásico 5/50 mg comprimidos",comprimido,1147.2573,2026-09-25,"PAMI, precio de venta al público: ARTERIOSAN COMPUESTO (Laboratorios Be)",minorista,,sí,Medicamentos
Amoxicilina 1 g comprimidos,comprimido,1284.5456,2026-09-25,"PAMI, precio de venta al público: AMIXEN (Laboratorios Be)",minorista,,sí,Medicamentos
Amoxicilina 500 mg comprimidos,comprimido,500.9050,2026-09-25,"PAMI, precio de venta al público: AMIXEN (Laboratorios Be)",minorista,,sí,Medicamentos
Amoxicilina 500 mg comprimidos,comprimido,378.9362,2026-09-25,"PAMI, precio de venta al público: AMIXEN (Laboratorios Be)",minorista,,sí,Medicamentos
Amoxicilina 500 mg comprimidos,comprimido,554.3613,2026-09-25,"PAMI, precio de venta al público: AMIXEN (Laboratorios Be)",minorista,,sí,Medicamentos
"Amoxicilina+clavulánico,ác. 1 g comprimidos",comprimido,1765.3129,2026-09-25,"PAMI, precio de venta al público: AMIXEN CLAVULANICO 1 G (Laboratorios Be)",minorista,,sí,Medicamentos
"Amoxicilina+clavulánico,ác. 500 mg comprimidos",comprimido,1506.4300,2026-09-25,"PAMI, precio de venta al público: AMIXEN CLAVULANICO (Laboratorios Be)",minorista,,sí,Medicamentos
"Amoxicilina+clavulánico,ác. 500 mg comprimidos",comprimido,1578.5400,2026-09-25,"PAMI, precio de venta al público: AMIXEN CLAVULANICO (Laboratorios Be)",minorista,,sí,Medicamentos
Atorvastatín 10 mg comprimidos,comprimido,1310.0803,2026-09-25,"PAMI, precio de venta al público: LIPOCAMBI (Laboratorios Be)",minorista,,sí,Medicamentos
Atorvastatín 20 mg comprimidos,comprimido,2113.2083,2026-09-25,"PAMI, precio de venta al público: LIPOCAMBI (Laboratorios Be)",minorista,,sí,Medicamentos
Atorvastatín 40 mg comprimidos,comprimido,2359.2710,2026-09-25,"PAMI, precio de venta al público: LIPOCAMBI (Laboratorios Be)",minorista,,sí,Medicamentos
Atorvastatín+ezetimibe 10/10 mg comprimidos,comprimido,978.6303,2026-09-25,"PAMI, precio de venta al público: LIPOCAMBI PLUS (Laboratorios Be)",minorista,,sí,Medicamentos
Atorvastatín+ezetimibe 20/10 mg comprimidos,comprimido,1397.9947,2026-09-25,"PAMI, precio de venta al público: LIPOCAMBI PLUS (Laboratorios Be)",minorista,,sí,Medicamentos
Azitromicina 500 mg comprimidos,comprimido,4591.8433,2026-09-25,"PAMI, precio de venta al público: MISULTINA (Laboratorios Be)",minorista,,sí,Medicamentos
Azitromicina 500 mg comprimidos,comprimido,3180.6160,2026-09-25,"PAMI, precio de venta al público: MISULTINA (Laboratorios Be)",minorista,,sí,Medicamentos
Azitromicina 500 mg comprimidos,comprimido,3178.4917,2026-09-25,"PAMI, precio de venta al público: MISULTINA (Laboratorios Be)",minorista,,sí,Medicamentos
Carvedilol 12.5 mg comprimidos,comprimido,508.9832,2026-09-25,"PAMI, precio de venta al público: CORAFEN (Laboratorios Be)",minorista,,sí,Medicamentos
Carvedilol 25 mg comprimidos,comprimido,623.3043,2026-09-25,"PAMI, precio de venta al público: CORAFEN (Laboratorios Be)",minorista,,sí,Medicamentos
Carvedilol 50 mg comprimidos,comprimido,33.3243,2026-09-25,"PAMI, precio de venta al público: CORAFEN (Laboratorios Be)",minorista,,sí,Medicamentos
Carvedilol 6.25 mg comprimidos,comprimido,417.0525,2026-09-25,"PAMI, precio de venta al público: CORAFEN (Laboratorios Be)",minorista,,sí,Medicamentos
Dapagliflozina 10 mg comprimidos,comprimido,2566.7089,2026-09-25,"PAMI, precio de venta al público: DAPABER (Laboratorios Be)",minorista,,sí,Medicamentos
Darifenacina 15 mg comprimidos de liberación prolongada,comprimido,2321.2647,2026-09-25,"PAMI, precio de venta al público: DARINAX 15 (Laboratorios Be)",minorista,,sí,Medicamentos
Darifenacina 7.5mg comprimidos de liberación prolongada,comprimido,1677.3133,2026-09-25,"PAMI, precio de venta al público: DARINAX 7.5 (Laboratorios Be)",minorista,,sí,Medicamentos
Dexlansoprazol 30 mg cápsulas,cápsula,1276.1360,2026-09-25,"PAMI, precio de venta al público: DEXOGASTEC (Laboratorios Be)",minorista,,sí,Medicamentos
Dexlansoprazol 60 mg cápsulas,cápsula,1813.9917,2026-09-25,"PAMI, precio de venta al público: DEXOGASTEC (Laboratorios Be)",minorista,,sí,Medicamentos
Diclofenac sódico 75 mg comprimidos,comprimido,1003.9227,2026-09-25,"PAMI, precio de venta al público: DISIPAN 75 MG (Laboratorios Be)",minorista,,sí,Medicamentos
Diclofenac sódico 75 mg comprimidos,comprimido,42.8637,2026-09-25,"PAMI, precio de venta al público: DISIPAN 75 MG (Laboratorios Be)",minorista,,sí,Medicamentos
Diosmina+hesperidina micronizada 1000 mg comprimidos,comprimido,1875.7557,2026-09-25,"PAMI, precio de venta al público: TERBENOL DUO 1000 (Laboratorios Be)",minorista,,sí,Medicamentos
Empagliflozina 10 mg comprimidos,comprimido,3100.6577,2026-09-25,"PAMI, precio de venta al público: EMGLIBER (Laboratorios Be)",minorista,,sí,Medicamentos
Empagliflozina 25 mg comprimidos,comprimido,3326.1140,2026-09-25,"PAMI, precio de venta al público: EMGLIBER (Laboratorios Be)",minorista,,sí,Medicamentos
Eplerenona 25 mg comprimidos,comprimido,825.2493,2026-09-25,"PAMI, precio de venta al público: ETILES (Laboratorios Be)",minorista,,sí,Medicamentos
Eplerenona 50 mg comprimidos,comprimido,1209.5717,2026-09-25,"PAMI, precio de venta al público: ETILES (Laboratorios Be)",minorista,,sí,Medicamentos
Etoricoxib 120 mg comprimidos,comprimido,2218.4900,2026-09-25,"PAMI, precio de venta al público: ERICOB (Laboratorios Be)",minorista,,sí,Medicamentos
Etoricoxib 60 mg comprimidos,comprimido,1345.1936,2026-09-25,"PAMI, precio de venta al público: ERICOB (Laboratorios Be)",minorista,,sí,Medicamentos
Etoricoxib 60 mg comprimidos,comprimido,1313.4346,2026-09-25,"PAMI, precio de venta al público: ERICOB (Laboratorios Be)",minorista,,sí,Medicamentos
Etoricoxib 90 mg comprimidos,comprimido,2051.8314,2026-09-25,"PAMI, precio de venta al público: ERICOB (Laboratorios Be)",minorista,,sí,Medicamentos
Etoricoxib 90 mg comprimidos,comprimido,1645.1604,2026-09-25,"PAMI, precio de venta al público: ERICOB (Laboratorios Be)",minorista,,sí,Medicamentos
Ezetimibe 10 mg comprimidos,comprimido,719.4877,2026-09-25,"PAMI, precio de venta al público: ALIPAS (Laboratorios Be)",minorista,,sí,Medicamentos
Ezetimibe+simvastatin 10/10 mg comprimidos,comprimido,958.8330,2026-09-25,"PAMI, precio de venta al público: ALIPAS DUO (Laboratorios Be)",minorista,,sí,Medicamentos
Ezetimibe+simvastatin 10/20 mg comprimidos,comprimido,945.9587,2026-09-25,"PAMI, precio de venta al público: ALIPAS DUO (Laboratorios Be)",minorista,,sí,Medicamentos
Ezetimibe+simvastatin 10/40 mg comprimidos,comprimido,1435.1147,2026-09-25,"PAMI, precio de venta al público: ALIPAS DUO (Laboratorios Be)",minorista,,sí,Medicamentos
Fenofibrato micronizado 100 mg comprimidos,comprimido,256.5868,2026-09-25,"PAMI, precio de venta al público: PROCETOKEN (Laboratorios Be)",minorista,,sí,Medicamentos
Fenofibrato micronizado 200 mg cápsulas,cápsula,1393.6850,2026-09-25,"PAMI, precio de venta al público: PROCETOKEN (Laboratorios Be)",minorista,,sí,Medicamentos
Fenofibrato micronizado 300 mg comprimidos,comprimido,1656.0510,2026-09-25,"PAMI, precio de venta al público: PROCETOKEN (Laboratorios Be)",minorista,,sí,Medicamentos
"Fenofíbrico,ác. 135 mg cápsulas",cápsula,1348.3370,2026-09-25,"PAMI, precio de venta al público: PROCETOKEN XR (Laboratorios Be)",minorista,,sí,Medicamentos
"Fenofíbrico,ác. 45 mg cápsulas",cápsula,1072.2097,2026-09-25,"PAMI, precio de venta al público: PROCETOKEN XR (Laboratorios Be)",minorista,,sí,Medicamentos
Fluoxetina 20 mg comprimidos,comprimido,631.9853,2026-09-25,"PAMI, precio de venta al público: ANIMEX-ON (Laboratorios Be)",minorista,,sí,Medicamentos
"Fólico,ác. 1 mg comprimidos",comprimido,296.3633,2026-09-25,"PAMI, precio de venta al público: BERNAFOLIC 1 (Laboratorios Be)",minorista,,sí,Medicamentos
"Fólico,ác. 1 mg comprimidos",comprimido,231.2630,2026-09-25,"PAMI, precio de venta al público: BERNAFOLIC 1 (Laboratorios Be)",minorista,,sí,Medicamentos
"Fólico,ác. 5 mg comprimidos",comprimido,373.5960,2026-09-25,"PAMI, precio de venta al público: BERNAFOLIC 5 (Laboratorios Be)",minorista,,sí,Medicamentos
"Fólico,ác. 5 mg comprimidos",comprimido,316.4335,2026-09-25,"PAMI, precio de venta al público: BERNAFOLIC 5 (Laboratorios Be)",minorista,,sí,Medicamentos
"Ibandrónico,ác. 150 mg comprimidos",comprimido,39597.5000,2026-09-25,"PAMI, precio de venta al público: IBANLEG (Laboratorios Be)",minorista,,sí,Medicamentos
"Ibandrónico,ác. 150 mg comprimidos",comprimido,27115.7200,2026-09-25,"PAMI, precio de venta al público: IBANLEG (Laboratorios Be)",minorista,,sí,Medicamentos
Ketorolac 10 mg comprimidos sublinguales,comprimido,1256.0730,2026-09-25,"PAMI, precio de venta al público: SINALGICO SL (Laboratorios Be)",minorista,,sí,Medicamentos
Ketorolac 10 mg comprimidos sublinguales,comprimido,1217.5650,2026-09-25,"PAMI, precio de venta al público: SINALGICO SL (Laboratorios Be)",minorista,,sí,Medicamentos
Ketorolac 10 mg comprimidos,comprimido,740.7345,2026-09-25,"PAMI, precio de venta al público: SINALGICO (Laboratorios Be)",minorista,,sí,Medicamentos
Ketorolac 20 mg comprimidos,comprimido,1394.4250,2026-09-25,"PAMI, precio de venta al público: SINALGICO (Laboratorios Be)",minorista,,sí,Medicamentos
Ketorolac 20 mg comprimidos,comprimido,1145.7690,2026-09-25,"PAMI, precio de venta al público: SINALGICO (Laboratorios Be)",minorista,,sí,Medicamentos
Levofloxacina 500 mg comprimidos,comprimido,2260.9300,2026-09-25,"PAMI, precio de venta al público: BACFURON (Laboratorios Be)",minorista,,sí,Medicamentos
Levofloxacina 500 mg comprimidos,comprimido,2316.4071,2026-09-25,"PAMI, precio de venta al público: BACFURON (Laboratorios Be)",minorista,,sí,Medicamentos
Levofloxacina 750 mg comprimidos,comprimido,3707.3020,2026-09-25,"PAMI, precio de venta al público: BACFURON (Laboratorios Be)",minorista,,sí,Medicamentos
Losartán 100 mg comprimidos,comprimido,1200.3973,2026-09-25,"PAMI, precio de venta al público: VASEXTEN 100 (Laboratorios Be)",minorista,,sí,Medicamentos
Losartán 50 mg comprimidos,comprimido,976.6270,2026-09-25,"PAMI, precio de venta al público: VASEXTEN 50 (Laboratorios Be)",minorista,,sí,Medicamentos
Losartán 50 mg comprimidos,comprimido,805.5113,2026-09-25,"PAMI, precio de venta al público: VASEXTEN 50 (Laboratorios Be)",minorista,,sí,Medicamentos
Losartán+hidroclorotiazida 100/25 mg comprimidos,comprimido,1252.4850,2026-09-25,"PAMI, precio de venta al público: VASEXTEN D (Laboratorios Be)",minorista,,sí,Medicamentos
Losartán+hidroclorotiazida 50/12.5 mg comprimidos,comprimido,1139.6507,2026-09-25,"PAMI, precio de venta al público: VASEXTEN D (Laboratorios Be)",minorista,,sí,Medicamentos
Loxoprofeno sódico anhidro 60 mg comprimidos,comprimido,1017.2295,2026-09-25,"PAMI, precio de venta al público: TABE (Laboratorios Be)",minorista,,sí,Medicamentos
"Omeprazol+sodio,bicarbonato 20 mg cápsulas",cápsula,1180.5467,2026-09-25,"PAMI, precio de venta al público: GASTEC RAPIDO (Laboratorios Be)",minorista,,sí,Medicamentos
"Omeprazol+sodio,bicarbonato 40 mg cápsulas",cápsula,2645.2220,2026-09-25,"PAMI, precio de venta al público: GASTEC RAPIDO (Laboratorios Be)",minorista,,sí,Medicamentos
Piroxicam 20 mg comprimidos,comprimido,516.7545,2026-09-25,"PAMI, precio de venta al público: SOLOCALM (Laboratorios Be)",minorista,,sí,Medicamentos
Piroxicam 20 mg comprimidos,comprimido,380.4038,2026-09-25,"PAMI, precio de venta al público: SOLOCALM (Laboratorios Be)",minorista,,sí,Medicamentos
Rifaximina 200 mg comprimidos,comprimido,1036.3285,2026-09-25,"PAMI, precio de venta al público: ROCIAMIN (Laboratorios Be)",minorista,,sí,Medicamentos
Rifaximina 200 mg comprimidos,comprimido,975.5322,2026-09-25,"PAMI, precio de venta al público: ROCIAMIN (Laboratorios Be)",minorista,,sí,Medicamentos
Rifaximina 400 mg comprimidos,comprimido,1992.7437,2026-09-25,"PAMI, precio de venta al público: ROCIAMIN (Laboratorios Be)",minorista,,sí,Medicamentos
Rivaroxabán 15 mg comprimidos,comprimido,3680.1563,2026-09-25,"PAMI, precio de venta al público: LIXATROM (Laboratorios Be)",minorista,,sí,Medicamentos
Rivaroxabán 20 mg comprimidos,comprimido,3851.8810,2026-09-25,"PAMI, precio de venta al público: LIXATROM (Laboratorios Be)",minorista,,sí,Medicamentos
Rosuvastatina 10 mg comprimidos,comprimido,874.1683,2026-09-25,"PAMI, precio de venta al público: ROSUBER (Laboratorios Be)",minorista,,sí,Medicamentos
Rosuvastatina 20 mg comprimidos,comprimido,1556.6913,2026-09-25,"PAMI, precio de venta al público: ROSUBER (Laboratorios Be)",minorista,,sí,Medicamentos
Rosuvastatina 40 mg comprimidos,comprimido,2657.1937,2026-09-25,"PAMI, precio de venta al público: ROSUBER (Laboratorios Be)",minorista,,sí,Medicamentos
Rosuvastatina 5 mg comprimidos,comprimido,584.9827,2026-09-25,"PAMI, precio de venta al público: ROSUBER (Laboratorios Be)",minorista,,sí,Medicamentos
Rosuvastatina+ezetimibe 10/10 mg comprimidos,comprimido,1168.6117,2026-09-25,"PAMI, precio de venta al público: ROSUBER PLUS (Laboratorios Be)",minorista,,sí,Medicamentos
Rosuvastatina+ezetimibe 20/10 mg comprimidos,comprimido,2074.1533,2026-09-25,"PAMI, precio de venta al público: ROSUBER PLUS (Laboratorios Be)",minorista,,sí,Medicamentos
Rosuvastatina+ezetimibe 5/10 mg comprimidos,comprimido,1023.6190,2026-09-25,"PAMI, precio de venta al público: ROSUBER PLUS (Laboratorios Be)",minorista,,sí,Medicamentos
Sildenafil 100 mg comprimidos,comprimido,3824.2500,2026-09-25,"PAMI, precio de venta al público: VORST (Laboratorios Be)",minorista,,sí,Medicamentos
Sildenafil 100 mg comprimidos,comprimido,3307.9775,2026-09-25,"PAMI, precio de venta al público: VORST (Laboratorios Be)",minorista,,sí,Medicamentos
Sildenafil 100 mg comprimidos,comprimido,3219.9317,2026-09-25,"PAMI, precio de venta al público: VORST (Laboratorios Be)",minorista,,sí,Medicamentos
Sildenafil 25 mg comprimidos,comprimido,1959.0967,2026-09-25,"PAMI, precio de venta al público: VORST (Laboratorios Be)",minorista,,sí,Medicamentos
Sildenafil 50 mg comprimidos,comprimido,2398.2340,2026-09-25,"PAMI, precio de venta al público: VORST-M (Laboratorios Be)",minorista,,sí,Medicamentos
Sildenafil 50 mg comprimidos,comprimido,2418.9933,2026-09-25,"PAMI, precio de venta al público: VORST-M (Laboratorios Be)",minorista,,sí,Medicamentos
Sildenafil 50 mg comprimidos,comprimido,2612.8350,2026-09-25,"PAMI, precio de venta al público: VORST (Laboratorios Be)",minorista,,sí,Medicamentos
Sildenafil 50 mg comprimidos,comprimido,2233.0835,2026-09-25,"PAMI, precio de venta al público: VORST (Laboratorios Be)",minorista,,sí,Medicamentos
Sildenafil 50 mg comprimidos,comprimido,2274.4825,2026-09-25,"PAMI, precio de venta al público: VORST (Laboratorios Be)",minorista,,sí,Medicamentos
Sildenafil 50 mg comprimidos,comprimido,2371.2467,2026-09-25,"PAMI, precio de venta al público: VORST (Laboratorios Be)",minorista,,sí,Medicamentos
Simvastatin 10 mg comprimidos,comprimido,890.5883,2026-09-25,"PAMI, precio de venta al público: LISAC (Laboratorios Be)",minorista,,sí,Medicamentos
Simvastatin 20 mg comprimidos,comprimido,1175.8757,2026-09-25,"PAMI, precio de venta al público: LISAC (Laboratorios Be)",minorista,,sí,Medicamentos
Sitagliptina 100 mg comprimidos,comprimido,3480.9400,2026-09-25,"PAMI, precio de venta al público: SIGLIBER (Laboratorios Be)",minorista,,sí,Medicamentos
Sitagliptina 25 mg comprimidos,comprimido,2770.8943,2026-09-25,"PAMI, precio de venta al público: SIGLIBER (Laboratorios Be)",minorista,,sí,Medicamentos
Sitagliptina 50 mg comprimidos,comprimido,3238.5007,2026-09-25,"PAMI, precio de venta al público: SIGLIBER (Laboratorios Be)",minorista,,sí,Medicamentos
"Sitagliptina+metformina,clorh. 50/1000 mg comprimidos",comprimido,1978.1472,2026-09-25,"PAMI, precio de venta al público: SIGLIBER MET (Laboratorios Be)",minorista,,sí,Medicamentos
"Sitagliptina+metformina,clorh. 50/850 mg comprimidos",comprimido,1926.7337,2026-09-25,"PAMI, precio de venta al público: SIGLIBER MET (Laboratorios Be)",minorista,,sí,Medicamentos
Tadalafilo 20 mg comprimidos,comprimido,11851.8700,2026-09-25,"PAMI, precio de venta al público: VORST 36 (Laboratorios Be)",minorista,,sí,Medicamentos
Tadalafilo 20 mg comprimidos,comprimido,10127.3420,2026-09-25,"PAMI, precio de venta al público: VORST 36 (Laboratorios Be)",minorista,,sí,Medicamentos
Tadalafilo 20 mg comprimidos,comprimido,10840.4450,2026-09-25,"PAMI, precio de venta al público: VORST 36 (Laboratorios Be)",minorista,,sí,Medicamentos
Tadalafilo 20 mg comprimidos,comprimido,10502.5075,2026-09-25,"PAMI, precio de venta al público: VORST 36 (Laboratorios Be)",minorista,,sí,Medicamentos
Tadalafilo 5 mg comprimidos,comprimido,3475.8043,2026-09-25,"PAMI, precio de venta al público: VORST 36 (Laboratorios Be)",minorista,,sí,Medicamentos
Trimebutina+bromazepam 100/1.5 mg comprimidos,comprimido,676.4355,2026-09-25,"PAMI, precio de venta al público: MIOPROPAN T (Laboratorios Be)",minorista,,sí,Medicamentos
Trimebutina+bromazepam 100/1.5 mg comprimidos,comprimido,624.3024,2026-09-25,"PAMI, precio de venta al público: MIOPROPAN T (Laboratorios Be)",minorista,,sí,Medicamentos
Trimebutina+bromazepam 200/1.5 mg comprimidos,comprimido,814.2093,2026-09-25,"PAMI, precio de venta al público: MIOPROPAN T 200 (Laboratorios Be)",minorista,,sí,Medicamentos
Vit.d3 100000 ui cápsulas,cápsula,14216.1800,2026-09-25,"PAMI, precio de venta al público: SUBICAL CB (Laboratorios Be)",minorista,,sí,Medicamentos
Vit.d3 100000 ui cápsulas,cápsula,10233.0500,2026-09-25,"PAMI, precio de venta al público: SUBICAL CB (Laboratorios Be)",minorista,,sí,Medicamentos
Vit.d3 25000 ui cápsulas,cápsula,5640.4750,2026-09-25,"PAMI, precio de venta al público: SUBICAL CB 25000 (Laboratorios Be)",minorista,,sí,Medicamentos
Vit.d3 25000 ui cápsulas,cápsula,3715.2950,2026-09-25,"PAMI, precio de venta al público: SUBICAL CB 25000 (Laboratorios Be)",minorista,,sí,Medicamentos
Vit.d3 50000 ui cápsulas,cápsula,11722.8700,2026-09-25,"PAMI, precio de venta al público: SUBICAL CB (Laboratorios Be)",minorista,,sí,Medicamentos
Vit.d3 50000 ui cápsulas,cápsula,7438.1900,2026-09-25,"PAMI, precio de venta al público: SUBICAL CB (Laboratorios Be)",minorista,,sí,Medicamentos
Vit.d3 5600 ui cápsulas,cápsula,4016.3025,2026-09-25,"PAMI, precio de venta al público: SUBICAL CB 5600 (Laboratorios Be)",minorista,,sí,Medicamentos
Vit.d3 800 ui cápsulas,cápsula,615.9854,2026-09-25,"PAMI, precio de venta al público: SUBICAL CB 800 (Laboratorios Be)",minorista,,sí,Medicamentos
Aciclovir 200 mg comprimidos,comprimido,849.0845,2026-09-25,"PAMI, precio de venta al público: LAFEVIR (Lafedar)",minorista,,sí,Medicamentos
Aciclovir 200 mg comprimidos,comprimido,560.8105,2026-09-25,"PAMI, precio de venta al público: LAFEVIR (Lafedar)",minorista,,sí,Medicamentos
Aciclovir 800 mg comprimidos,comprimido,1409.4150,2026-09-25,"PAMI, precio de venta al público: LAFEVIR (Lafedar)",minorista,,sí,Medicamentos
Aciclovir 800 mg comprimidos,comprimido,1299.5073,2026-09-25,"PAMI, precio de venta al público: LAFEVIR (Lafedar)",minorista,,sí,Medicamentos
Amiodarona 200 mg comprimidos,comprimido,242.8760,2026-09-25,"PAMI, precio de venta al público: MIODARONA (Lafedar)",minorista,,sí,Medicamentos
Amiodarona 200 mg comprimidos,comprimido,176.8417,2026-09-25,"PAMI, precio de venta al público: MIODARONA (Lafedar)",minorista,,sí,Medicamentos
Amitriptilina 25 mg comprimidos,comprimido,397.6843,2026-09-25,"PAMI, precio de venta al público: FIORDA (Lafedar)",minorista,,sí,Medicamentos
Amitriptilina 25 mg comprimidos,comprimido,317.2821,2026-09-25,"PAMI, precio de venta al público: FIORDA (Lafedar)",minorista,,sí,Medicamentos
Amitriptilina 25 mg comprimidos,comprimido,336.8950,2026-09-25,"PAMI, precio de venta al público: FIORDA (Lafedar)",minorista,,sí,Medicamentos
Amlodipina 10 mg comprimidos,comprimido,703.1507,2026-09-25,"PAMI, precio de venta al público: CARDIVAS (Lafedar)",minorista,,sí,Medicamentos
Amlodipina 5 mg comprimidos,comprimido,451.0220,2026-09-25,"PAMI, precio de venta al público: CARDIVAS (Lafedar)",minorista,,sí,Medicamentos
Atorvastatín 10 mg comprimidos,comprimido,1263.4143,2026-09-25,"PAMI, precio de venta al público: LIPODREN (Lafedar)",minorista,,sí,Medicamentos
Atorvastatín 20 mg comprimidos,comprimido,2050.3497,2026-09-25,"PAMI, precio de venta al público: LIPODREN (Lafedar)",minorista,,sí,Medicamentos
Baclofeno 10 mg comprimidos,comprimido,381.3252,2026-09-25,"PAMI, precio de venta al público: ISEDIS (Lafedar)",minorista,,sí,Medicamentos
Bromazepam 3 mg comprimidos,comprimido,197.3510,2026-09-25,"PAMI, precio de venta al público: NEUROZEPAM (Lafedar)",minorista,,sí,Medicamentos
Bromazepam 6 mg comprimidos,comprimido,363.5540,2026-09-25,"PAMI, precio de venta al público: NEUROZEPAM (Lafedar)",minorista,,sí,Medicamentos
Carvedilol 12.5 mg comprimidos,comprimido,412.7386,2026-09-25,"PAMI, precio de venta al público: KOLLOSTERIL (Lafedar)",minorista,,sí,Medicamentos
Carvedilol 25 mg comprimidos,comprimido,547.0671,2026-09-25,"PAMI, precio de venta al público: KOLLOSTERIL (Lafedar)",minorista,,sí,Medicamentos
Carvedilol 6.25 mg comprimidos,comprimido,366.5621,2026-09-25,"PAMI, precio de venta al público: KOLLOSTERIL (Lafedar)",minorista,,sí,Medicamentos
Clindamicina 300 mg cápsulas,cápsula,898.8362,2026-09-25,"PAMI, precio de venta al público: CLINDALAF (Lafedar)",minorista,,sí,Medicamentos
Colistina metansulfonato 100 mg frasco ampolla,frasco ampolla,24551.8000,2026-09-25,"PAMI, precio de venta al público: COLISTYN (Lafedar)",minorista,,sí,Medicamentos
Dexametasona 4 mg comprimidos,comprimido,714.8630,2026-09-25,"PAMI, precio de venta al público: DEXALAF (Lafedar)",minorista,,sí,Medicamentos
Dexametasona 4 mg comprimidos,comprimido,679.4620,2026-09-25,"PAMI, precio de venta al público: DEXALAF (Lafedar)",minorista,,sí,Medicamentos
Dexametasona 8 mg comprimidos,comprimido,1298.5600,2026-09-25,"PAMI, precio de venta al público: DEXALAF (Lafedar)",minorista,,sí,Medicamentos
Dexametasona 8 mg comprimidos,comprimido,1363.7235,2026-09-25,"PAMI, precio de venta al público: DEXALAF (Lafedar)",minorista,,sí,Medicamentos
Dexametasona 8 mg comprimidos,comprimido,1037.8953,2026-09-25,"PAMI, precio de venta al público: DEXALAF (Lafedar)",minorista,,sí,Medicamentos
Diclofenac sódico 100 mg comprimidos,comprimido,1730.1753,2026-09-25,"PAMI, precio de venta al público: DIFENAC RETARD (Lafedar)",minorista,,sí,Medicamentos
Diclofenac sódico 75 mg comprimidos,comprimido,1060.9053,2026-09-25,"PAMI, precio de venta al público: DIFENAC (Lafedar)",minorista,,sí,Medicamentos
Digoxina 0.25 mg comprimidos,comprimido,203.8805,2026-09-25,"PAMI, precio de venta al público: DIGOXINA LAFEDAR (Lafedar)",minorista,,sí,Medicamentos
Digoxina 75 mg gotas,1 ml,839.0800,2026-09-25,"PAMI, precio de venta al público: DIGOXINA LAFEDAR (Lafedar)",minorista,,sí,Medicamentos
Ezetimibe+simvastatin 10/10 mg comprimidos,comprimido,896.3647,2026-09-25,"PAMI, precio de venta al público: COLEFLUX DUO (Lafedar)",minorista,,sí,Medicamentos
Ezetimibe+simvastatin 10/20 mg comprimidos,comprimido,888.2967,2026-09-25,"PAMI, precio de venta al público: COLEFLUX DUO (Lafedar)",minorista,,sí,Medicamentos
Ezetimibe+simvastatin 10/40 mg comprimidos,comprimido,1146.6987,2026-09-25,"PAMI, precio de venta al público: COLEFLUX DUO (Lafedar)",minorista,,sí,Medicamentos
Ezetimibe+simvastatin 10/80 mg comprimidos,comprimido,1756.1007,2026-09-25,"PAMI, precio de venta al público: COLEFLUX DUO (Lafedar)",minorista,,sí,Medicamentos
Fluconazol 100 mg comprimidos,comprimido,2717.5178,2026-09-25,"PAMI, precio de venta al público: FLUCOLAF (Lafedar)",minorista,,sí,Medicamentos
Fluconazol 150 mg comprimidos,comprimido,8680.7800,2026-09-25,"PAMI, precio de venta al público: FLUCOLAF (Lafedar)",minorista,,sí,Medicamentos
Fluconazol 150 mg comprimidos,comprimido,8083.7450,2026-09-25,"PAMI, precio de venta al público: FLUCOLAF (Lafedar)",minorista,,sí,Medicamentos
Fluconazol 150 mg comprimidos,comprimido,6902.2075,2026-09-25,"PAMI, precio de venta al público: FLUCOLAF (Lafedar)",minorista,,sí,Medicamentos
Fluconazol 50 mg comprimidos,comprimido,1398.0300,2026-09-25,"PAMI, precio de venta al público: FLUCOLAF (Lafedar)",minorista,,sí,Medicamentos
Fluconazol 50 mg comprimidos,comprimido,1280.1456,2026-09-25,"PAMI, precio de venta al público: FLUCOLAF (Lafedar)",minorista,,sí,Medicamentos
Galantamina 12 mg comprimidos,comprimido,2314.8280,2026-09-25,"PAMI, precio de venta al público: MEMOLOS (Lafedar)",minorista,,sí,Medicamentos
Galantamina 4 mg comprimidos,comprimido,1391.5871,2026-09-25,"PAMI, precio de venta al público: MEMOLOS (Lafedar)",minorista,,sí,Medicamentos
Galantamina 4 mg comprimidos,comprimido,991.9055,2026-09-25,"PAMI, precio de venta al público: MEMOLOS (Lafedar)",minorista,,sí,Medicamentos
Galantamina 8 mg comprimidos,comprimido,1291.9209,2026-09-25,"PAMI, precio de venta al público: MEMOLOS (Lafedar)",minorista,,sí,Medicamentos
Gentamicina 0.1% crema,1 g,608.6020,2026-09-25,"PAMI, precio de venta al público: GENTAMICIN (Lafedar)",minorista,,sí,Medicamentos
Glibenclamida 5 mg comprimidos,comprimido,162.7855,2026-09-25,"PAMI, precio de venta al público: DIABEMIN (Lafedar)",minorista,,sí,Medicamentos
Gliclazida 80 mg comprimidos,comprimido,543.2305,2026-09-25,"PAMI, precio de venta al público: UNAVA (Lafedar)",minorista,,sí,Medicamentos
Gliclazida 80 mg comprimidos,comprimido,454.1623,2026-09-25,"PAMI, precio de venta al público: UNAVA (Lafedar)",minorista,,sí,Medicamentos
"Hierro,fumarato 330 mg comprimidos",comprimido,948.4920,2026-09-25,"PAMI, precio de venta al público: HEMOFER 330 (Lafedar)",minorista,,sí,Medicamentos
Ibuprofeno 4 g% suspensión oral,1 ml,123.7090,2026-09-25,"PAMI, precio de venta al público: IBUFULL 4% (Lafedar)",minorista,,sí,Medicamentos
Ibuprofeno 600 mg comprimidos,comprimido,889.7870,2026-09-25,"PAMI, precio de venta al público: IBUFULL 600 (Lafedar)",minorista,,sí,Medicamentos
Ibuprofeno 600 mg comprimidos,comprimido,780.3170,2026-09-25,"PAMI, precio de venta al público: IBUFULL 600 (Lafedar)",minorista,,sí,Medicamentos
Indometacina 2% crema,1 g,197.0466,2026-09-25,"PAMI, precio de venta al público: INDOMET LAFEDAR (Lafedar)",minorista,,sí,Medicamentos
Ketoconazol 2% crema,1 g,641.0000,2026-09-25,"PAMI, precio de venta al público: KETONAZOL LAFEDAR (Lafedar)",minorista,,sí,Medicamentos
Ketoconazol 2% suspensión oral,1 ml,175.7001,2026-09-25,"PAMI, precio de venta al público: KETONAZOL LAFEDAR (Lafedar)",minorista,,sí,Medicamentos
Ketoconazol 2% suspensión oral,1 ml,410.5667,2026-09-25,"PAMI, precio de venta al público: KETONAZOL LAFEDAR (Lafedar)",minorista,,sí,Medicamentos
Ketoconazol 200 mg comprimidos,comprimido,989.5000,2026-09-25,"PAMI, precio de venta al público: KETONAZOL LAFEDAR (Lafedar)",minorista,,sí,Medicamentos
Labetalol 200 mg comprimidos,comprimido,1020.1315,2026-09-25,"PAMI, precio de venta al público: BLOCAMINE (Lafedar)",minorista,,sí,Medicamentos
Loperamida 2 mg comprimidos,comprimido,766.3600,2026-09-25,"PAMI, precio de venta al público: LANSEKA (Lafedar)",minorista,,sí,Medicamentos
Loperamida 2 mg comprimidos,comprimido,599.5190,2026-09-25,"PAMI, precio de venta al público: LANSEKA (Lafedar)",minorista,,sí,Medicamentos
Lorazepam 1 mg comprimidos sublinguales,comprimido,262.3123,2026-09-25,"PAMI, precio de venta al público: PLARDOX (Lafedar)",minorista,,sí,Medicamentos
Lorazepam 1 mg comprimidos,comprimido,89.7513,2026-09-25,"PAMI, precio de venta al público: PLARDOX (Lafedar)",minorista,,sí,Medicamentos
Lorazepam 1 mg comprimidos,comprimido,126.9194,2026-09-25,"PAMI, precio de venta al público: PLARDOX (Lafedar)",minorista,,sí,Medicamentos
Lorazepam 2.5 mg comprimidos,comprimido,143.3167,2026-09-25,"PAMI, precio de venta al público: PLARDOX (Lafedar)",minorista,,sí,Medicamentos
Lorazepam 2.5 mg comprimidos,comprimido,181.5024,2026-09-25,"PAMI, precio de venta al público: PLARDOX (Lafedar)",minorista,,sí,Medicamentos
Losartán 50 mg comprimidos,comprimido,879.4933,2026-09-25,"PAMI, precio de venta al público: PRESINOR (Lafedar)",minorista,,sí,Medicamentos
Losartán 50 mg comprimidos,comprimido,937.6160,2026-09-25,"PAMI, precio de venta al público: PRESINOR (Lafedar)",minorista,,sí,Medicamentos
Mupirocina 2% ungüento,1 g,3382.9433,2026-09-25,"PAMI, precio de venta al público: QUEMICETINA NF NASAL (Lafedar)",minorista,,sí,Medicamentos
Nimodipina 30 mg comprimidos,comprimido,377.8187,2026-09-25,"PAMI, precio de venta al público: MACOBAL 30 MG (Lafedar)",minorista,,sí,Medicamentos
Nimodipina 30 mg comprimidos,comprimido,294.6128,2026-09-25,"PAMI, precio de venta al público: MACOBAL 30 MG (Lafedar)",minorista,,sí,Medicamentos
Rivastigmina 1.5 mg cápsulas,cápsula,1566.7507,2026-09-25,"PAMI, precio de venta al público: RIVASMINA (Lafedar)",minorista,,sí,Medicamentos
Rivastigmina 1.5 mg cápsulas,cápsula,1253.3714,2026-09-25,"PAMI, precio de venta al público: RIVASMINA (Lafedar)",minorista,,sí,Medicamentos
Rivastigmina 1.5 mg cápsulas,cápsula,855.6662,2026-09-25,"PAMI, precio de venta al público: RIVASMINA (Lafedar)",minorista,,sí,Medicamentos
Rivastigmina 3 mg cápsulas,cápsula,1566.7507,2026-09-25,"PAMI, precio de venta al público: RIVASMINA (Lafedar)",minorista,,sí,Medicamentos
Rivastigmina 3 mg cápsulas,cápsula,1253.3714,2026-09-25,"PAMI, precio de venta al público: RIVASMINA (Lafedar)",minorista,,sí,Medicamentos
Rivastigmina 3 mg cápsulas,cápsula,855.6662,2026-09-25,"PAMI, precio de venta al público: RIVASMINA (Lafedar)",minorista,,sí,Medicamentos
Rivastigmina 4.5 mg cápsulas,cápsula,1566.7507,2026-09-25,"PAMI, precio de venta al público: RIVASMINA (Lafedar)",minorista,,sí,Medicamentos
Rivastigmina 4.5 mg cápsulas,cápsula,1253.3714,2026-09-25,"PAMI, precio de venta al público: RIVASMINA (Lafedar)",minorista,,sí,Medicamentos
Rivastigmina 4.5 mg cápsulas,cápsula,855.6662,2026-09-25,"PAMI, precio de venta al público: RIVASMINA (Lafedar)",minorista,,sí,Medicamentos
Rivastigmina 6 mg cápsulas,cápsula,1566.7507,2026-09-25,"PAMI, precio de venta al público: RIVASMINA (Lafedar)",minorista,,sí,Medicamentos
Rivastigmina 6 mg cápsulas,cápsula,1253.3714,2026-09-25,"PAMI, precio de venta al público: RIVASMINA (Lafedar)",minorista,,sí,Medicamentos
Rivastigmina 6 mg cápsulas,cápsula,855.6662,2026-09-25,"PAMI, precio de venta al público: RIVASMINA (Lafedar)",minorista,,sí,Medicamentos
Rosuvastatina 20 mg comprimidos,comprimido,1433.3877,2026-09-25,"PAMI, precio de venta al público: TIALIPOL (Lafedar)",minorista,,sí,Medicamentos
Simvastatin 10 mg comprimidos,comprimido,782.8007,2026-09-25,"PAMI, precio de venta al público: COLEFLUX (Lafedar)",minorista,,sí,Medicamentos
Simvastatin 20 mg comprimidos,comprimido,1031.2223,2026-09-25,"PAMI, precio de venta al público: COLEFLUX (Lafedar)",minorista,,sí,Medicamentos
Simvastatin 40 mg comprimidos,comprimido,1392.2097,2026-09-25,"PAMI, precio de venta al público: COLEFLUX (Lafedar)",minorista,,sí,Medicamentos
Simvastatin 80 mg comprimidos,comprimido,1793.8520,2026-09-25,"PAMI, precio de venta al público: COLEFLUX (Lafedar)",minorista,,sí,Medicamentos
Sumatriptán 100 mg comprimidos,comprimido,11923.1500,2026-09-25,"PAMI, precio de venta al público: MIGRANEITOR (Lafedar)",minorista,,sí,Medicamentos
Sumatriptán 100 mg comprimidos,comprimido,11801.2650,2026-09-25,"PAMI, precio de venta al público: MIGRANEITOR (Lafedar)",minorista,,sí,Medicamentos
Teofilina anhidra 0.8 g jarabe,1 ml,81.5037,2026-09-25,"PAMI, precio de venta al público: TEODILAT (Lafedar)",minorista,,sí,Medicamentos
Teofilina anhidra 1.6 g jarabe,1 ml,86.3756,2026-09-25,"PAMI, precio de venta al público: TEODILAT (Lafedar)",minorista,,sí,Medicamentos
Teofilina anhidra 200 mg comprimidos,comprimido,372.9220,2026-09-25,"PAMI, precio de venta al público: TEODILAT (Lafedar)",minorista,,sí,Medicamentos
Teofilina anhidra 300 mg comprimidos,comprimido,535.9335,2026-09-25,"PAMI, precio de venta al público: TEODILAT (Lafedar)",minorista,,sí,Medicamentos
Tizanidina 2 mg comprimidos,comprimido,474.8973,2026-09-25,"PAMI, precio de venta al público: TIZANIDAL (Lafedar)",minorista,,sí,Medicamentos
Tizanidina 4 mg comprimidos,comprimido,683.9177,2026-09-25,"PAMI, precio de venta al público: TIZANIDAL (Lafedar)",minorista,,sí,Medicamentos
Triac 0.35 mg comprimidos,comprimido,182.5738,2026-09-25,"PAMI, precio de venta al público: TRIACANA (Lafedar)",minorista,,sí,Medicamentos
Acetilcisteína 600 mg sobres,sobre,1682.1650,2026-09-25,"PAMI, precio de venta al público: TEMPOTANE (Lazar)",minorista,,sí,Medicamentos
Acetilcisteína 600 mg sobres,sobre,1416.4035,2026-09-25,"PAMI, precio de venta al público: TEMPOTANE (Lazar)",minorista,,sí,Medicamentos
Aciclovir 200 mg comprimidos,comprimido,682.3043,2026-09-25,"PAMI, precio de venta al público: XICLOVIR (Lazar)",minorista,,sí,Medicamentos
Aciclovir 400 mg comprimidos,comprimido,935.9740,2026-09-25,"PAMI, precio de venta al público: XICLOVIR (Lazar)",minorista,,sí,Medicamentos
Aciclovir 400 mg comprimidos,comprimido,797.8868,2026-09-25,"PAMI, precio de venta al público: XICLOVIR (Lazar)",minorista,,sí,Medicamentos
Aciclovir 8% suspensión oral,1 ml,174.8391,2026-09-25,"PAMI, precio de venta al público: XICLOVIR (Lazar)",minorista,,sí,Medicamentos
Amlodipina 10 mg comprimidos,comprimido,1035.9610,2026-09-25,"PAMI, precio de venta al público: TERVALON (Lazar)",minorista,,sí,Medicamentos
Amlodipina 5 mg comprimidos,comprimido,545.6857,2026-09-25,"PAMI, precio de venta al público: TERVALON (Lazar)",minorista,,sí,Medicamentos
Atenolol 100 mg comprimidos,comprimido,338.3333,2026-09-25,"PAMI, precio de venta al público: VERICORDIN (Lazar)",minorista,,sí,Medicamentos
Atenolol 100 mg comprimidos,comprimido,329.6093,2026-09-25,"PAMI, precio de venta al público: VERICORDIN (Lazar)",minorista,,sí,Medicamentos
Atenolol 25 mg comprimidos,comprimido,178.1871,2026-09-25,"PAMI, precio de venta al público: VERICORDIN (Lazar)",minorista,,sí,Medicamentos
Atenolol 25 mg comprimidos,comprimido,169.1727,2026-09-25,"PAMI, precio de venta al público: VERICORDIN (Lazar)",minorista,,sí,Medicamentos
Atenolol 50 mg comprimidos,comprimido,196.4207,2026-09-25,"PAMI, precio de venta al público: VERICORDIN (Lazar)",minorista,,sí,Medicamentos
Atenolol 50 mg comprimidos,comprimido,184.0938,2026-09-25,"PAMI, precio de venta al público: VERICORDIN (Lazar)",minorista,,sí,Medicamentos
Atorvastatín 10 mg comprimidos,comprimido,109.9820,2026-09-25,"PAMI, precio de venta al público: LIPONORM (Lazar)",minorista,,sí,Medicamentos
Atorvastatín 10 mg comprimidos,comprimido,1265.3243,2026-09-25,"PAMI, precio de venta al público: LIPONORM (Lazar)",minorista,,sí,Medicamentos
Atorvastatín 10 mg comprimidos,comprimido,1131.3570,2026-09-25,"PAMI, precio de venta al público: LIPONORM (Lazar)",minorista,,sí,Medicamentos
Atorvastatín 20 mg comprimidos,comprimido,2126.1773,2026-09-25,"PAMI, precio de venta al público: LIPONORM (Lazar)",minorista,,sí,Medicamentos
Atorvastatín 20 mg comprimidos,comprimido,1929.1810,2026-09-25,"PAMI, precio de venta al público: LIPONORM (Lazar)",minorista,,sí,Medicamentos
Atorvastatín 40 mg comprimidos,comprimido,2386.6427,2026-09-25,"PAMI, precio de venta al público: LIPONORM (Lazar)",minorista,,sí,Medicamentos
Atorvastatín 80 mg comprimidos,comprimido,3078.5457,2026-09-25,"PAMI, precio de venta al público: LIPONORM (Lazar)",minorista,,sí,Medicamentos
Atorvastatín+ezetimibe 10/10 mg comprimidos,comprimido,1463.5147,2026-09-25,"PAMI, precio de venta al público: LIPONORM PLUS (Lazar)",minorista,,sí,Medicamentos
Atorvastatín+ezetimibe 20/10 mg comprimidos,comprimido,2029.3940,2026-09-25,"PAMI, precio de venta al público: LIPONORM PLUS (Lazar)",minorista,,sí,Medicamentos
Atorvastatín+ezetimibe 40/10 mg comprimidos,comprimido,2504.0050,2026-09-25,"PAMI, precio de venta al público: LIPONORM PLUS (Lazar)",minorista,,sí,Medicamentos
Azitromicina 500 mg comprimidos,comprimido,3562.0333,2026-09-25,"PAMI, precio de venta al público: NEBLIC (Lazar)",minorista,,sí,Medicamentos
Azitromicina 500 mg comprimidos,comprimido,2821.5167,2026-09-25,"PAMI, precio de venta al público: NEBLIC (Lazar)",minorista,,sí,Medicamentos
Carvedilol 12.5 mg comprimidos,comprimido,534.8414,2026-09-25,"PAMI, precio de venta al público: CORUBIN (Lazar)",minorista,,sí,Medicamentos
Carvedilol 25 mg comprimidos,comprimido,677.2482,2026-09-25,"PAMI, precio de venta al público: CORUBIN (Lazar)",minorista,,sí,Medicamentos
Carvedilol 6.25 mg comprimidos,comprimido,428.7729,2026-09-25,"PAMI, precio de venta al público: CORUBIN (Lazar)",minorista,,sí,Medicamentos
Cetirizina 10 mg comprimidos,comprimido,1050.0270,2026-09-25,"PAMI, precio de venta al público: CETIZINE (Lazar)",minorista,,sí,Medicamentos
Cetirizina 10 mg comprimidos,comprimido,813.6940,2026-09-25,"PAMI, precio de venta al público: CETIZINE (Lazar)",minorista,,sí,Medicamentos
Ciprofibrato 100 mg comprimidos,comprimido,1451.4357,2026-09-25,"PAMI, precio de venta al público: FIXERIL (Lazar)",minorista,,sí,Medicamentos
Ciprofibrato 100 mg comprimidos,comprimido,1342.9107,2026-09-25,"PAMI, precio de venta al público: FIXERIL (Lazar)",minorista,,sí,Medicamentos
Ciprofloxacina 250 mg comprimidos,comprimido,726.8180,2026-09-25,"PAMI, precio de venta al público: CIPROFLOXACINA LAZAR (Lazar)",minorista,,sí,Medicamentos
Ciprofloxacina 500 mg comprimidos,comprimido,1986.7690,2026-09-25,"PAMI, precio de venta al público: CIPROFLOXACINA LAZAR (Lazar)",minorista,,sí,Medicamentos
Ciprofloxacina 500 mg comprimidos,comprimido,1850.0935,2026-09-25,"PAMI, precio de venta al público: CIPROFLOXACINA LAZAR (Lazar)",minorista,,sí,Medicamentos
Ciprofloxacina 750 mg comprimidos,comprimido,3276.9620,2026-09-25,"PAMI, precio de venta al público: CIPROFLOXACINA LAZAR (Lazar)",minorista,,sí,Medicamentos
Clindamicina+ketoconazol 400/100 mg óvulos,óvulo,3086.9471,2026-09-25,"PAMI, precio de venta al público: FANGAN DUO (Lazar)",minorista,,sí,Medicamentos
Dapsona 100 mg comprimidos,comprimido,462.2742,2026-09-25,"PAMI, precio de venta al público: DAPSONA LAZAR (Lazar)",minorista,,sí,Medicamentos
Desloratadina 5 mg comprimidos,comprimido,937.3179,2026-09-25,"PAMI, precio de venta al público: DELORAT (Lazar)",minorista,,sí,Medicamentos
Desloratadina 5mg/10ml jarabe,1 ml,213.7226,2026-09-25,"PAMI, precio de venta al público: DELORAT (Lazar)",minorista,,sí,Medicamentos
Diclofenac sódico 75 mg comprimidos,comprimido,1108.3113,2026-09-25,"PAMI, precio de venta al público: FLOGOLISIN (Lazar)",minorista,,sí,Medicamentos
Diosmina+hesperidina micronizada 1000 mg comprimidos,comprimido,1904.0263,2026-09-25,"PAMI, precio de venta al público: DIPEMINA (Lazar)",minorista,,sí,Medicamentos
Diosmina+hesperidina micronizada 500 mg comprimidos,comprimido,1127.3243,2026-09-25,"PAMI, precio de venta al público: DIPEMINA (Lazar)",minorista,,sí,Medicamentos
Diosmina+hesperidina micronizada 500 mg comprimidos,comprimido,1020.1475,2026-09-25,"PAMI, precio de venta al público: DIPEMINA (Lazar)",minorista,,sí,Medicamentos
Dutasteride 0.5 mg comprimidos,comprimido,1508.4237,2026-09-25,"PAMI, precio de venta al público: TUMULAN (Lazar)",minorista,,sí,Medicamentos
Dutasteride+tamsulosina 0.5/0.4 mg cápsulas,cápsula,2297.3133,2026-09-25,"PAMI, precio de venta al público: DIUFORTAN PLUS (Lazar)",minorista,,sí,Medicamentos
Enalapril 10 mg comprimidos,comprimido,355.5213,2026-09-25,"PAMI, precio de venta al público: ECAPRILAT (Lazar)",minorista,,sí,Medicamentos
Enalapril 10 mg comprimidos,comprimido,337.4415,2026-09-25,"PAMI, precio de venta al público: ECAPRILAT (Lazar)",minorista,,sí,Medicamentos
Enalapril 20 mg comprimidos,comprimido,397.7077,2026-09-25,"PAMI, precio de venta al público: ECAPRILAT (Lazar)",minorista,,sí,Medicamentos
Enalapril 20 mg comprimidos,comprimido,389.5702,2026-09-25,"PAMI, precio de venta al público: ECAPRILAT (Lazar)",minorista,,sí,Medicamentos
Eplerenona 25 mg comprimidos,comprimido,797.8397,2026-09-25,"PAMI, precio de venta al público: PLERIAM (Lazar)",minorista,,sí,Medicamentos
Eplerenona 50 mg comprimidos,comprimido,1158.4250,2026-09-25,"PAMI, precio de venta al público: PLERIAM (Lazar)",minorista,,sí,Medicamentos
Ezetimibe 10 mg comprimidos,comprimido,730.5647,2026-09-25,"PAMI, precio de venta al público: ALIN (Lazar)",minorista,,sí,Medicamentos
Famotidina 20 mg comprimidos,comprimido,342.8610,2026-09-25,"PAMI, precio de venta al público: LAZARTIDINA (Lazar)",minorista,,sí,Medicamentos
Famotidina 20 mg comprimidos,comprimido,302.9980,2026-09-25,"PAMI, precio de venta al público: LAZARTIDINA (Lazar)",minorista,,sí,Medicamentos
Famotidina 40 mg comprimidos,comprimido,667.5667,2026-09-25,"PAMI, precio de venta al público: LAZARTIDINA (Lazar)",minorista,,sí,Medicamentos
Famotidina 40 mg comprimidos,comprimido,620.0733,2026-09-25,"PAMI, precio de venta al público: LAZARTIDINA (Lazar)",minorista,,sí,Medicamentos
Fexofenadina 180 mg comprimidos,comprimido,2168.8210,2026-09-25,"PAMI, precio de venta al público: ALERFEDINE (Lazar)",minorista,,sí,Medicamentos
Fexofenadina 180 mg comprimidos,comprimido,1683.1915,2026-09-25,"PAMI, precio de venta al público: ALERFEDINE (Lazar)",minorista,,sí,Medicamentos
Fluconazol 100 mg comprimidos,comprimido,5366.5719,2026-09-25,"PAMI, precio de venta al público: FUNGOCINA (Lazar)",minorista,,sí,Medicamentos
Fluconazol 150 mg comprimidos,comprimido,9196.9600,2026-09-25,"PAMI, precio de venta al público: FUNGOCINA (Lazar)",minorista,,sí,Medicamentos
Fluconazol 150 mg comprimidos,comprimido,8505.2600,2026-09-25,"PAMI, precio de venta al público: FUNGOCINA (Lazar)",minorista,,sí,Medicamentos
Fluconazol 150 mg comprimidos,comprimido,7203.0675,2026-09-25,"PAMI, precio de venta al público: FUNGOCINA (Lazar)",minorista,,sí,Medicamentos
Fluconazol 150 mg comprimidos,comprimido,5646.3325,2026-09-25,"PAMI, precio de venta al público: FUNGOCINA (Lazar)",minorista,,sí,Medicamentos
Fluconazol 200 mg comprimidos,comprimido,8159.3242,2026-09-25,"PAMI, precio de venta al público: FUNGOCINA (Lazar)",minorista,,sí,Medicamentos
Fluconazol 50 mg comprimidos,comprimido,1262.8370,2026-09-25,"PAMI, precio de venta al público: FUNGOCINA (Lazar)",minorista,,sí,Medicamentos
"Fusídico,ác. 2% crema",1 g,840.9867,2026-09-25,"PAMI, precio de venta al público: ARZIMOL (Lazar)",minorista,,sí,Medicamentos
Glimepiride 2 mg comprimidos,comprimido,429.2313,2026-09-25,"PAMI, precio de venta al público: ADIUVAN (Lazar)",minorista,,sí,Medicamentos
Glimepiride 4 mg comprimidos,comprimido,741.7637,2026-09-25,"PAMI, precio de venta al público: ADIUVAN (Lazar)",minorista,,sí,Medicamentos
Glimepiride+metformina 2/1000 mg comprimidos,comprimido,527.0913,2026-09-25,"PAMI, precio de venta al público: ADIUVAN MET (Lazar)",minorista,,sí,Medicamentos
Glimepiride+metformina 4/1000 mg comprimidos,comprimido,912.5940,2026-09-25,"PAMI, precio de venta al público: ADIUVAN MET (Lazar)",minorista,,sí,Medicamentos
Hidrosmina 200 mg cápsulas,cápsula,1207.5207,2026-09-25,"PAMI, precio de venta al público: FLEBOSMINA (Lazar)",minorista,,sí,Medicamentos
Hidrosmina 200 mg cápsulas,cápsula,978.0293,2026-09-25,"PAMI, precio de venta al público: FLEBOSMINA (Lazar)",minorista,,sí,Medicamentos
Hidroxicina 10 mg comprimidos,comprimido,705.4570,2026-09-25,"PAMI, precio de venta al público: ATARAXONE (Lazar)",minorista,,sí,Medicamentos
Hidroxicina 25 mg comprimidos,comprimido,982.4535,2026-09-25,"PAMI, precio de venta al público: ATARAXONE (Lazar)",minorista,,sí,Medicamentos
Hidroxicina 50 mg comprimidos,comprimido,1868.3105,2026-09-25,"PAMI, precio de venta al público: ATARAXONE (Lazar)",minorista,,sí,Medicamentos
Ibuprofeno 4% suspensión oral,1 ml,107.9097,2026-09-25,"PAMI, precio de venta al público: IBUMULTIN (Lazar)",minorista,,sí,Medicamentos
Ibuprofeno 400 mg comprimidos,comprimido,315.8100,2026-09-25,"PAMI, precio de venta al público: IBUMULTIN V.L. (Lazar)",minorista,,sí,Medicamentos
Ibuprofeno 600 mg comprimidos,comprimido,655.3800,2026-09-25,"PAMI, precio de venta al público: IBUMULTIN (Lazar)",minorista,,sí,Medicamentos
Imiquimod 3.75% crema,1 g,7113.6200,2026-09-25,"PAMI, precio de venta al público: MIQUIMOD (Lazar)",minorista,,sí,Medicamentos
Imiquimod 5% crema,1 g,4598.0050,2026-09-25,"PAMI, precio de venta al público: MIQUIMOD (Lazar)",minorista,,sí,Medicamentos
Imiquimod 5% crema,1 g,8867.5600,2026-09-25,"PAMI, precio de venta al público: MIQUIMOD (Lazar)",minorista,,sí,Medicamentos
Levofloxacina 500 mg comprimidos,comprimido,2464.9843,2026-09-25,"PAMI, precio de venta al público: BACTOCILINA (Lazar)",minorista,,sí,Medicamentos
Levofloxacina 750 mg comprimidos,comprimido,3939.2440,2026-09-25,"PAMI, precio de venta al público: BACTOCILINA (Lazar)",minorista,,sí,Medicamentos
Metformina 1000 mg comprimidos,comprimido,541.4993,2026-09-25,"PAMI, precio de venta al público: MEDOBIS (Lazar)",minorista,,sí,Medicamentos
Metformina 1000 mg comprimidos,comprimido,506.5630,2026-09-25,"PAMI, precio de venta al público: MEDOBIS 1000 AP (Lazar)",minorista,,sí,Medicamentos
Metformina 1000 mg comprimidos,comprimido,538.5303,2026-09-25,"PAMI, precio de venta al público: MEDOBIS 1000 AP (Lazar)",minorista,,sí,Medicamentos
Metformina 500 mg comprimidos,comprimido,200.4880,2026-09-25,"PAMI, precio de venta al público: MEDOBIS (Lazar)",minorista,,sí,Medicamentos
Metformina 500 mg comprimidos,comprimido,197.6402,2026-09-25,"PAMI, precio de venta al público: MEDOBIS (Lazar)",minorista,,sí,Medicamentos
Metformina 850 mg comprimidos,comprimido,395.2803,2026-09-25,"PAMI, precio de venta al público: MEDOBIS (Lazar)",minorista,,sí,Medicamentos
Metformina 850 mg comprimidos,comprimido,379.0155,2026-09-25,"PAMI, precio de venta al público: MEDOBIS (Lazar)",minorista,,sí,Medicamentos
Metformina 850 mg comprimidos,comprimido,438.4233,2026-09-25,"PAMI, precio de venta al público: MEDOBIS AP (Lazar)",minorista,,sí,Medicamentos
Metformina 850 mg comprimidos,comprimido,418.4712,2026-09-25,"PAMI, precio de venta al público: MEDOBIS AP (Lazar)",minorista,,sí,Medicamentos
Metronidazol 1% crema,1 g,616.5727,2026-09-25,"PAMI, precio de venta al público: ROXEDERM (Lazar)",minorista,,sí,Medicamentos
Metronidazol 500 mg comprimidos,comprimido,667.3620,2026-09-25,"PAMI, precio de venta al público: COLPOFILIN (Lazar)",minorista,,sí,Medicamentos
Metronidazol 500 mg comprimidos,comprimido,618.5285,2026-09-25,"PAMI, precio de venta al público: COLPOFILIN (Lazar)",minorista,,sí,Medicamentos
Modafinilo 200 mg comprimidos,comprimido,2215.9410,2026-09-25,"PAMI, precio de venta al público: ACTEMIN (Lazar)",minorista,,sí,Medicamentos
Montelukast 10 mg comprimidos,comprimido,1401.6243,2026-09-25,"PAMI, precio de venta al público: INSPIROL (Lazar)",minorista,,sí,Medicamentos
Montelukast 4 mg comprimidos masticables,comprimido,1317.6237,2026-09-25,"PAMI, precio de venta al público: INSPIROL (Lazar)",minorista,,sí,Medicamentos
Montelukast 5 mg comprimidos masticables,comprimido,1356.2817,2026-09-25,"PAMI, precio de venta al público: INSPIROL (Lazar)",minorista,,sí,Medicamentos
Mupirocina 2% ungüento,1 g,2606.8020,2026-09-25,"PAMI, precio de venta al público: MUPAX NASAL (Lazar)",minorista,,sí,Medicamentos
Nebivolol 10 mg comprimidos,comprimido,1378.1723,2026-09-25,"PAMI, precio de venta al público: NEBICOR (Lazar)",minorista,,sí,Medicamentos
Nebivolol 2.5 mg comprimidos,comprimido,328.0993,2026-09-25,"PAMI, precio de venta al público: NEBICOR (Lazar)",minorista,,sí,Medicamentos
Nebivolol 5 mg comprimidos,comprimido,701.7410,2026-09-25,"PAMI, precio de venta al público: NEBICOR (Lazar)",minorista,,sí,Medicamentos
Nebivolol+hidroclorotiazida 5/12.5 mg comprimidos,comprimido,889.8690,2026-09-25,"PAMI, precio de venta al público: NEBICOR D (Lazar)",minorista,,sí,Medicamentos
Norfloxacina 400 mg comprimidos,comprimido,1118.2440,2026-09-25,"PAMI, precio de venta al público: UROXACIN (Lazar)",minorista,,sí,Medicamentos
Norfloxacina 400 mg comprimidos,comprimido,1025.5245,2026-09-25,"PAMI, precio de venta al público: UROXACIN (Lazar)",minorista,,sí,Medicamentos
Paracetamol 1 g comprimidos,comprimido,334.3697,2026-09-25,"PAMI, precio de venta al público: PARACETAMOL LAZAR (Lazar)",minorista,,sí,Medicamentos
Paracetamol 500 mg comprimidos,comprimido,17.5685,2026-09-25,"PAMI, precio de venta al público: PARACETAMOL LAZAR (Lazar)",minorista,,sí,Medicamentos
Pioglitazona 15 mg comprimidos,comprimido,962.1114,2026-09-25,"PAMI, precio de venta al público: HIGLUCEM (Lazar)",minorista,,sí,Medicamentos
Pioglitazona 30 mg comprimidos,comprimido,1168.5207,2026-09-25,"PAMI, precio de venta al público: HIGLUCEM (Lazar)",minorista,,sí,Medicamentos
Pioglitazona 45 mg comprimidos,comprimido,1147.5787,2026-09-25,"PAMI, precio de venta al público: HIGLUCEM (Lazar)",minorista,,sí,Medicamentos
Prasugrel 10 mg comprimidos,comprimido,1937.4561,2026-09-25,"PAMI, precio de venta al público: FLUIDIN (Lazar)",minorista,,sí,Medicamentos
Prasugrel 5 mg comprimidos,comprimido,900.4429,2026-09-25,"PAMI, precio de venta al público: FLUIDIN (Lazar)",minorista,,sí,Medicamentos
Quetiapina 100 mg comprimidos,comprimido,3094.0603,2026-09-25,"PAMI, precio de venta al público: VESPARAX (Lazar)",minorista,,sí,Medicamentos
Quetiapina 200 mg comprimidos,comprimido,3941.4290,2026-09-25,"PAMI, precio de venta al público: VESPARAX (Lazar)",minorista,,sí,Medicamentos
Quetiapina 25 mg comprimidos,comprimido,1864.3787,2026-09-25,"PAMI, precio de venta al público: VESPARAX (Lazar)",minorista,,sí,Medicamentos
Repaglinida 0.5 mg comprimidos,comprimido,477.5137,2026-09-25,"PAMI, precio de venta al público: GLUKENIL (Lazar)",minorista,,sí,Medicamentos
Repaglinida 1 mg comprimidos,comprimido,500.5390,2026-09-25,"PAMI, precio de venta al público: GLUKENIL (Lazar)",minorista,,sí,Medicamentos
Repaglinida 2 mg comprimidos,comprimido,506.0087,2026-09-25,"PAMI, precio de venta al público: GLUKENIL (Lazar)",minorista,,sí,Medicamentos
Rosuvastatina 10 mg comprimidos,comprimido,96.7014,2026-09-25,"PAMI, precio de venta al público: ASTENDE (Lazar)",minorista,,sí,Medicamentos
Rosuvastatina 10 mg comprimidos,comprimido,866.9203,2026-09-25,"PAMI, precio de venta al público: ASTENDE (Lazar)",minorista,,sí,Medicamentos
Rosuvastatina 20 mg comprimidos,comprimido,187.3271,2026-09-25,"PAMI, precio de venta al público: ASTENDE (Lazar)",minorista,,sí,Medicamentos
Rosuvastatina 20 mg comprimidos,comprimido,1581.2753,2026-09-25,"PAMI, precio de venta al público: ASTENDE (Lazar)",minorista,,sí,Medicamentos
Rosuvastatina 40 mg comprimidos,comprimido,2686.5687,2026-09-25,"PAMI, precio de venta al público: ASTENDE (Lazar)",minorista,,sí,Medicamentos
Rosuvastatina 5 mg comprimidos,comprimido,577.8967,2026-09-25,"PAMI, precio de venta al público: ASTENDE (Lazar)",minorista,,sí,Medicamentos
Sildenafil 50 mg comprimidos masticables,comprimido,539.1750,2026-09-25,"PAMI, precio de venta al público: EXPIT (Lazar)",minorista,,sí,Medicamentos
Sildenafil 50 mg comprimidos,comprimido,2820.3750,2026-09-25,"PAMI, precio de venta al público: EXPIT (Lazar)",minorista,,sí,Medicamentos
Simeticona 200 mg comprimidos,comprimido,270.4487,2026-09-25,"PAMI, precio de venta al público: SIMEFLAT (Lazar)",minorista,,sí,Medicamentos
Solifenacina 10 mg comprimidos,comprimido,180.6785,2026-09-25,"PAMI, precio de venta al público: NOVURIT (Lazar)",minorista,,sí,Medicamentos
Solifenacina 10 mg comprimidos,comprimido,1988.6177,2026-09-25,"PAMI, precio de venta al público: NOVURIT (Lazar)",minorista,,sí,Medicamentos
Solifenacina 5 mg comprimidos,comprimido,157.8435,2026-09-25,"PAMI, precio de venta al público: NOVURIT (Lazar)",minorista,,sí,Medicamentos
Solifenacina 5 mg comprimidos,comprimido,1763.4367,2026-09-25,"PAMI, precio de venta al público: NOVURIT (Lazar)",minorista,,sí,Medicamentos
Tadalafilo 20 mg comprimidos,comprimido,11760.7600,2026-09-25,"PAMI, precio de venta al público: H36 LAZAR (Lazar)",minorista,,sí,Medicamentos
Tadalafilo 20 mg comprimidos,comprimido,11094.0350,2026-09-25,"PAMI, precio de venta al público: H36 LAZAR (Lazar)",minorista,,sí,Medicamentos
Tadalafilo 5 mg comprimidos,comprimido,3730.3210,2026-09-25,"PAMI, precio de venta al público: H36 LAZAR (Lazar)",minorista,,sí,Medicamentos
Tamsulosina 0.4 mg cápsulas,cápsula,1546.4167,2026-09-25,"PAMI, precio de venta al público: DIUFORTAN (Lazar)",minorista,,sí,Medicamentos
Tamsulosina 0.4 mg cápsulas,cápsula,1281.8837,2026-09-25,"PAMI, precio de venta al público: DIUFORTAN (Lazar)",minorista,,sí,Medicamentos
Telmisartán 40 mg comprimidos,comprimido,2006.3627,2026-09-25,"PAMI, precio de venta al público: TAROPLEN (Lazar)",minorista,,sí,Medicamentos
Telmisartán 80 mg comprimidos,comprimido,2668.5983,2026-09-25,"PAMI, precio de venta al público: TAROPLEN (Lazar)",minorista,,sí,Medicamentos
Telmisartán+amlodipina 40/5 mg comprimidos,comprimido,2569.3363,2026-09-25,"PAMI, precio de venta al público: TAROPLEN A (Lazar)",minorista,,sí,Medicamentos
Telmisartán+amlodipina 80/10 mg comprimidos,comprimido,3327.2867,2026-09-25,"PAMI, precio de venta al público: TAROPLEN A (Lazar)",minorista,,sí,Medicamentos
Telmisartán+amlodipina 80/5 mg comprimidos,comprimido,3232.4717,2026-09-25,"PAMI, precio de venta al público: TAROPLEN A (Lazar)",minorista,,sí,Medicamentos
Telmisartán+hidroclorotiazida 40/12.5 mg comprimidos,comprimido,2006.3787,2026-09-25,"PAMI, precio de venta al público: TAROPLEN D (Lazar)",minorista,,sí,Medicamentos
Telmisartán+hidroclorotiazida 80/12.5 mg comprimidos,comprimido,3199.5070,2026-09-25,"PAMI, precio de venta al público: TAROPLEN D (Lazar)",minorista,,sí,Medicamentos
Terbinafina 250 mg comprimidos,comprimido,1495.5607,2026-09-25,"PAMI, precio de venta al público: FUNGUEAL (Lazar)",minorista,,sí,Medicamentos
Terbinafina 250 mg comprimidos,comprimido,1417.5354,2026-09-25,"PAMI, precio de venta al público: FUNGUEAL (Lazar)",minorista,,sí,Medicamentos
Trimebutina+simeticona 200/120 mg comprimidos,comprimido,660.6307,2026-09-25,"PAMI, precio de venta al público: COLONORM (Lazar)",minorista,,sí,Medicamentos
Trimebutina+simeticona 200/120 mg comprimidos,comprimido,564.6668,2026-09-25,"PAMI, precio de venta al público: COLONORM (Lazar)",minorista,,sí,Medicamentos
Valsartán 160 mg comprimidos,comprimido,1296.4447,2026-09-25,"PAMI, precio de venta al público: SIMULTAN (Lazar)",minorista,,sí,Medicamentos
Valsartán 320 mg comprimidos,comprimido,1394.4493,2026-09-25,"PAMI, precio de venta al público: SIMULTAN (Lazar)",minorista,,sí,Medicamentos
Valsartán 80 mg comprimidos,comprimido,1017.3103,2026-09-25,"PAMI, precio de venta al público: SIMULTAN (Lazar)",minorista,,sí,Medicamentos
Valsartán+amlodipina 160/10 mg comprimidos,comprimido,1528.7710,2026-09-25,"PAMI, precio de venta al público: SIMULTAN A (Lazar)",minorista,,sí,Medicamentos
Valsartán+amlodipina 160/5 mg comprimidos,comprimido,1519.2490,2026-09-25,"PAMI, precio de venta al público: SIMULTAN A (Lazar)",minorista,,sí,Medicamentos
Valsartán+amlodipina 320/10 mg comprimidos,comprimido,1775.9410,2026-09-25,"PAMI, precio de venta al público: SIMULTAN A (Lazar)",minorista,,sí,Medicamentos
Valsartán+amlodipina 320/5 mg comprimidos,comprimido,1677.5167,2026-09-25,"PAMI, precio de venta al público: SIMULTAN A (Lazar)",minorista,,sí,Medicamentos
Valsartán+amlodipina 80/5 mg comprimidos,comprimido,1395.2897,2026-09-25,"PAMI, precio de venta al público: SIMULTAN A (Lazar)",minorista,,sí,Medicamentos
Valsartán+hidrocloroti.+amlodip. 160/12.5/10 comprimidos,comprimido,1923.5007,2026-09-25,"PAMI, precio de venta al público: SIMULTAN TRIPLE (Lazar)",minorista,,sí,Medicamentos
Valsartán+hidrocloroti.+amlodip. 160/12.5/5 comprimidos,comprimido,1882.7680,2026-09-25,"PAMI, precio de venta al público: SIMULTAN TRIPLE (Lazar)",minorista,,sí,Medicamentos
Valsartán+hidrocloroti.+amlodip. 320/25/10 comprimidos,comprimido,2002.1550,2026-09-25,"PAMI, precio de venta al público: SIMULTAN TRIPLE (Lazar)",minorista,,sí,Medicamentos
Valsartán+hidroclorotiazida 160/12.5mg comprimidos,comprimido,1166.5630,2026-09-25,"PAMI, precio de venta al público: SIMULTAN D (Lazar)",minorista,,sí,Medicamentos
Valsartán+hidroclorotiazida 160/25 mg comprimidos,comprimido,1410.7493,2026-09-25,"PAMI, precio de venta al público: SIMULTAN D (Lazar)",minorista,,sí,Medicamentos
Valsartán+hidroclorotiazida 320/12.5mg comprimidos,comprimido,1307.7590,2026-09-25,"PAMI, precio de venta al público: SIMULTAN D (Lazar)",minorista,,sí,Medicamentos
Valsartán+hidroclorotiazida 320/25 mg comprimidos,comprimido,1316.6600,2026-09-25,"PAMI, precio de venta al público: SIMULTAN D (Lazar)",minorista,,sí,Medicamentos
Valsartán+hidroclorotiazida 80/12.5 mg comprimidos,comprimido,1058.0670,2026-09-25,"PAMI, precio de venta al público: SIMULTAN D (Lazar)",minorista,,sí,Medicamentos
Vildagliptin 50 mg comprimidos,comprimido,1366.8090,2026-09-25,"PAMI, precio de venta al público: CARFLAX (Lazar)",minorista,,sí,Medicamentos
Vildagliptin 50 mg comprimidos,comprimido,1303.6952,2026-09-25,"PAMI, precio de venta al público: CARFLAX (Lazar)",minorista,,sí,Medicamentos
Vildagliptin+metformina 50/1000 mg comprimidos,comprimido,1855.0600,2026-09-25,"PAMI, precio de venta al público: CARFLAX MET (Lazar)",minorista,,sí,Medicamentos
Vildagliptin+metformina 50/1000 mg comprimidos,comprimido,1753.8553,2026-09-25,"PAMI, precio de venta al público: CARFLAX MET (Lazar)",minorista,,sí,Medicamentos
Vildagliptin+metformina 50/850 mg comprimidos,comprimido,1598.9620,2026-09-25,"PAMI, precio de venta al público: CARFLAX MET (Lazar)",minorista,,sí,Medicamentos
Vildagliptin+metformina 50/850 mg comprimidos,comprimido,1525.6930,2026-09-25,"PAMI, precio de venta al público: CARFLAX MET (Lazar)",minorista,,sí,Medicamentos
Amlodipina 10 mg comprimidos,comprimido,484.2393,2026-09-25,"PAMI, precio de venta al público: TENSIMED (Lepetit)",minorista,,sí,Medicamentos
Amlodipina 5 mg comprimidos,comprimido,370.6080,2026-09-25,"PAMI, precio de venta al público: TENSIMED (Lepetit)",minorista,,sí,Medicamentos
"Amlodipina+losartán,potásico 5/100 mg comprimidos",comprimido,986.8340,2026-09-25,"PAMI, precio de venta al público: PRISONIL A (Lepetit)",minorista,,sí,Medicamentos
"Amlodipina+losartán,potásico 5/100 mg comprimidos",comprimido,408.5415,2026-09-25,"PAMI, precio de venta al público: PRISONIL A (Lepetit)",minorista,,sí,Medicamentos
"Amlodipina+losartán,potásico 5/50 mg comprimidos",comprimido,821.8053,2026-09-25,"PAMI, precio de venta al público: PRISONIL A (Lepetit)",minorista,,sí,Medicamentos
"Amlodipina+losartán,potásico 5/50 mg comprimidos",comprimido,404.6173,2026-09-25,"PAMI, precio de venta al público: PRISONIL A (Lepetit)",minorista,,sí,Medicamentos
Atorvastatín 10 mg comprimidos,comprimido,1127.3533,2026-09-25,"PAMI, precio de venta al público: NORMOLIPOL (Lepetit)",minorista,,sí,Medicamentos
Atorvastatín 10 mg comprimidos,comprimido,1003.6667,2026-09-25,"PAMI, precio de venta al público: NORMOLIPOL (Lepetit)",minorista,,sí,Medicamentos
Atorvastatín 20 mg comprimidos,comprimido,1600.4667,2026-09-25,"PAMI, precio de venta al público: NORMOLIPOL (Lepetit)",minorista,,sí,Medicamentos
Atorvastatín 20 mg comprimidos,comprimido,1530.3243,2026-09-25,"PAMI, precio de venta al público: NORMOLIPOL (Lepetit)",minorista,,sí,Medicamentos
Atorvastatín 40 mg comprimidos,comprimido,2082.1807,2026-09-25,"PAMI, precio de venta al público: NORMOLIPOL (Lepetit)",minorista,,sí,Medicamentos
Atorvastatín 40 mg comprimidos,comprimido,2078.2972,2026-09-25,"PAMI, precio de venta al público: NORMOLIPOL (Lepetit)",minorista,,sí,Medicamentos
Bisoprolol 10 mg comprimidos,comprimido,745.0000,2026-09-25,"PAMI, precio de venta al público: BIPROSOL 10 MG (Lepetit)",minorista,,sí,Medicamentos
Bisoprolol 5 mg comprimidos,comprimido,583.3333,2026-09-25,"PAMI, precio de venta al público: BIPROSOL 5 MG (Lepetit)",minorista,,sí,Medicamentos
Carvedilol 12.5 mg comprimidos,comprimido,539.4604,2026-09-25,"PAMI, precio de venta al público: VEDILEP 12.5 (Lepetit)",minorista,,sí,Medicamentos
Carvedilol 25 mg comprimidos,comprimido,462.1239,2026-09-25,"PAMI, precio de venta al público: VEDILEP 25 (Lepetit)",minorista,,sí,Medicamentos
Carvedilol 6.25 mg comprimidos,comprimido,421.2682,2026-09-25,"PAMI, precio de venta al público: VEDILEP 6.25 (Lepetit)",minorista,,sí,Medicamentos
Clopidogrel 75 mg comprimidos,comprimido,1203.2553,2026-09-25,"PAMI, precio de venta al público: CLOPILEP (Lepetit)",minorista,,sí,Medicamentos
Clopidogrel 75 mg comprimidos,comprimido,1190.7640,2026-09-25,"PAMI, precio de venta al público: CLOPILEP (Lepetit)",minorista,,sí,Medicamentos
Clopidogrel 75 mg comprimidos,comprimido,1192.8122,2026-09-25,"PAMI, precio de venta al público: CLOPILEP (Lepetit)",minorista,,sí,Medicamentos
Enalapril 10 mg comprimidos,comprimido,169.5640,2026-09-25,"PAMI, precio de venta al público: ENATRAL 10 MG (Lepetit)",minorista,,sí,Medicamentos
Enalapril 10 mg comprimidos,comprimido,169.5568,2026-09-25,"PAMI, precio de venta al público: ENATRAL 10 MG (Lepetit)",minorista,,sí,Medicamentos
Enalapril 20 mg comprimidos,comprimido,397.0000,2026-09-25,"PAMI, precio de venta al público: ENATRAL 20 MG (Lepetit)",minorista,,sí,Medicamentos
Enalapril 20 mg comprimidos,comprimido,183.1285,2026-09-25,"PAMI, precio de venta al público: ENATRAL 20 MG (Lepetit)",minorista,,sí,Medicamentos
Enalapril 5 mg comprimidos,comprimido,182.6667,2026-09-25,"PAMI, precio de venta al público: ENATRAL 5 MG (Lepetit)",minorista,,sí,Medicamentos
Enalapril 5 mg comprimidos,comprimido,156.0073,2026-09-25,"PAMI, precio de venta al público: ENATRAL 5 MG (Lepetit)",minorista,,sí,Medicamentos
Enalapril+hidroclorotiazida 10/25 mg comprimidos,comprimido,433.2280,2026-09-25,"PAMI, precio de venta al público: ENATRAL D (Lepetit)",minorista,,sí,Medicamentos
Enalapril+hidroclorotiazida 10/25 mg comprimidos,comprimido,491.6667,2026-09-25,"PAMI, precio de venta al público: ENATRAL D (Lepetit)",minorista,,sí,Medicamentos
Enalapril+hidroclorotiazida 20/12.5 mg comprimidos,comprimido,494.6057,2026-09-25,"PAMI, precio de venta al público: ENATRAL D (Lepetit)",minorista,,sí,Medicamentos
Enalapril+hidroclorotiazida 20/12.5 mg comprimidos,comprimido,498.0000,2026-09-25,"PAMI, precio de venta al público: ENATRAL D (Lepetit)",minorista,,sí,Medicamentos
Escitalopram 10 mg comprimidos,comprimido,1187.6667,2026-09-25,"PAMI, precio de venta al público: ELEVOPRAM (Lepetit)",minorista,,sí,Medicamentos
Escitalopram 20 mg comprimidos,comprimido,1982.6000,2026-09-25,"PAMI, precio de venta al público: ELEVOPRAM (Lepetit)",minorista,,sí,Medicamentos
Fenoximetilpenicilina 1000000 ui comprimidos,comprimido,587.1310,2026-09-25,"PAMI, precio de venta al público: PEN ORAL (Lepetit)",minorista,,sí,Medicamentos
Fenoximetilpenicilina 1500000 ui comprimidos,comprimido,889.0865,2026-09-25,"PAMI, precio de venta al público: PEN ORAL (Lepetit)",minorista,,sí,Medicamentos
Furosemida 40 mg comprimidos,comprimido,154.6427,2026-09-25,"PAMI, precio de venta al público: FUROTRAL (Lepetit)",minorista,,sí,Medicamentos
Gabapentin 100 mg cápsulas,cápsula,488.3643,2026-09-25,"PAMI, precio de venta al público: AXILEP (Lepetit)",minorista,,sí,Medicamentos
Gabapentin 300 mg cápsulas,cápsula,596.8587,2026-09-25,"PAMI, precio de venta al público: AXILEP (Lepetit)",minorista,,sí,Medicamentos
Gabapentin 300 mg cápsulas,cápsula,495.1252,2026-09-25,"PAMI, precio de venta al público: AXILEP (Lepetit)",minorista,,sí,Medicamentos
Gabapentin 400 mg cápsulas,cápsula,664.6730,2026-09-25,"PAMI, precio de venta al público: AXILEP (Lepetit)",minorista,,sí,Medicamentos
Hidralazina 25 mg comprimidos,comprimido,792.6667,2026-09-25,"PAMI, precio de venta al público: HIDRAL 25 (Lepetit)",minorista,,sí,Medicamentos
Hidralazina 50 mg comprimidos,comprimido,1315.0000,2026-09-25,"PAMI, precio de venta al público: HIDRAL 50 (Lepetit)",minorista,,sí,Medicamentos
Hidroclorotiazida 50 mg comprimidos,comprimido,292.9133,2026-09-25,"PAMI, precio de venta al público: DIURAL (Lepetit)",minorista,,sí,Medicamentos
Hidroclorotiazida 50 mg comprimidos,comprimido,274.0073,2026-09-25,"PAMI, precio de venta al público: DIURAL (Lepetit)",minorista,,sí,Medicamentos
Losartán 100 mg comprimidos,comprimido,1104.3167,2026-09-25,"PAMI, precio de venta al público: PRISONIL 100 (Lepetit)",minorista,,sí,Medicamentos
Losartán 100 mg comprimidos,comprimido,876.1667,2026-09-25,"PAMI, precio de venta al público: PRISONIL 100 (Lepetit)",minorista,,sí,Medicamentos
Losartán 50 mg comprimidos,comprimido,835.4760,2026-09-25,"PAMI, precio de venta al público: PRISONIL (Lepetit)",minorista,,sí,Medicamentos
Losartán 50 mg comprimidos,comprimido,848.1680,2026-09-25,"PAMI, precio de venta al público: PRISONIL (Lepetit)",minorista,,sí,Medicamentos
Losartán 50 mg comprimidos,comprimido,848.1760,2026-09-25,"PAMI, precio de venta al público: PRISONIL (Lepetit)",minorista,,sí,Medicamentos
Losartán+hidroclorotiazida 100/25 mg comprimidos,comprimido,1049.1593,2026-09-25,"PAMI, precio de venta al público: PRISONIL D (Lepetit)",minorista,,sí,Medicamentos
Losartán+hidroclorotiazida 50/12.5 mg comprimidos,comprimido,1009.3380,2026-09-25,"PAMI, precio de venta al público: PRISONIL D (Lepetit)",minorista,,sí,Medicamentos
Losartán+hidroclorotiazida 50/12.5 mg comprimidos,comprimido,650.3423,2026-09-25,"PAMI, precio de venta al público: PRISONIL D (Lepetit)",minorista,,sí,Medicamentos
Losartán+hidroclorotiazida 50/12.5 mg comprimidos,comprimido,980.0000,2026-09-25,"PAMI, precio de venta al público: PRISONIL D (Lepetit)",minorista,,sí,Medicamentos
Nebivolol 10 mg comprimidos,comprimido,540.2403,2026-09-25,"PAMI, precio de venta al público: NEBIBLOC (Lepetit)",minorista,,sí,Medicamentos
Nebivolol 2.5 mg comprimidos,comprimido,320.3333,2026-09-25,"PAMI, precio de venta al público: NEBIBLOC (Lepetit)",minorista,,sí,Medicamentos
Nebivolol 5 mg comprimidos,comprimido,611.4450,2026-09-25,"PAMI, precio de venta al público: NEBIBLOC (Lepetit)",minorista,,sí,Medicamentos
Norfloxacina 400 mg comprimidos,comprimido,529.0345,2026-09-25,"PAMI, precio de venta al público: FLOXATRAL (Lepetit)",minorista,,sí,Medicamentos
Olanzapina 10 mg comprimidos,comprimido,3375.2336,2026-09-25,"PAMI, precio de venta al público: ONOTRAN (Lepetit)",minorista,,sí,Medicamentos
Olanzapina 10mg comprimidos,comprimido,5512.3929,2026-09-25,"PAMI, precio de venta al público: ONOTRAN RAPID (Lepetit)",minorista,,sí,Medicamentos
Olanzapina 5 mg comprimidos,comprimido,1750.5614,2026-09-25,"PAMI, precio de venta al público: ONOTRAN (Lepetit)",minorista,,sí,Medicamentos
Olanzapina 5 mg comprimidos,comprimido,2710.2596,2026-09-25,"PAMI, precio de venta al público: ONOTRAN RAPID (Lepetit)",minorista,,sí,Medicamentos
Paroxetina 20 mg comprimidos,comprimido,976.7130,2026-09-25,"PAMI, precio de venta al público: MIXEGAN (Lepetit)",minorista,,sí,Medicamentos
Paroxetina 20 mg comprimidos,comprimido,746.0677,2026-09-25,"PAMI, precio de venta al público: MIXEGAN (Lepetit)",minorista,,sí,Medicamentos
Quetiapina 100 mg comprimidos,comprimido,1881.3660,2026-09-25,"PAMI, precio de venta al público: KENANTIS (Lepetit)",minorista,,sí,Medicamentos
Quetiapina 200 mg comprimidos,comprimido,2320.8380,2026-09-25,"PAMI, precio de venta al público: KENANTIS (Lepetit)",minorista,,sí,Medicamentos
Quetiapina 25 mg comprimidos,comprimido,1173.3127,2026-09-25,"PAMI, precio de venta al público: KENANTIS (Lepetit)",minorista,,sí,Medicamentos
Rosuvastatina 10 mg comprimidos,comprimido,747.1943,2026-09-25,"PAMI, precio de venta al público: ROSUX (Lepetit)",minorista,,sí,Medicamentos
Rosuvastatina 10 mg comprimidos,comprimido,747.1943,2026-09-25,"PAMI, precio de venta al público: ROSUVASTATINA ROSUX (Lepetit)",minorista,,sí,Medicamentos
Rosuvastatina 20 mg comprimidos,comprimido,1106.7063,2026-09-25,"PAMI, precio de venta al público: ROSUVASTATINA ROSUX (Lepetit)",minorista,,sí,Medicamentos
Rosuvastatina 20 mg comprimidos,comprimido,1106.7063,2026-09-25,"PAMI, precio de venta al público: ROSUX (Lepetit)",minorista,,sí,Medicamentos
Rosuvastatina 40 mg comprimidos,comprimido,2061.4807,2026-09-25,"PAMI, precio de venta al público: ROSUX (Lepetit)",minorista,,sí,Medicamentos
Rosuvastatina 5 mg comprimidos,comprimido,428.1367,2026-09-25,"PAMI, precio de venta al público: ROSUX (Lepetit)",minorista,,sí,Medicamentos
Rosuvastatina 5 mg comprimidos,comprimido,428.1367,2026-09-25,"PAMI, precio de venta al público: ROSUVASTATINA ROSUX (Lepetit)",minorista,,sí,Medicamentos
Sertralina 100 mg comprimidos,comprimido,895.2707,2026-09-25,"PAMI, precio de venta al público: DIMENA (Lepetit)",minorista,,sí,Medicamentos
Sertralina 50 mg comprimidos,comprimido,542.6153,2026-09-25,"PAMI, precio de venta al público: DIMENA (Lepetit)",minorista,,sí,Medicamentos
Simvastatin 10 mg comprimidos,comprimido,379.8060,2026-09-25,"PAMI, precio de venta al público: SISTATIN (Lepetit)",minorista,,sí,Medicamentos
Simvastatin 20 mg comprimidos,comprimido,501.8710,2026-09-25,"PAMI, precio de venta al público: SISTATIN (Lepetit)",minorista,,sí,Medicamentos
Tamsulosina 0.4 mg comprimidos de liberación prolongada,comprimido,1090.2977,2026-09-25,"PAMI, precio de venta al público: TARUSOL (Lepetit)",minorista,,sí,Medicamentos
Tamsulosina 0.4 mg comprimidos de liberación prolongada,comprimido,856.6788,2026-09-25,"PAMI, precio de venta al público: TARUSOL (Lepetit)",minorista,,sí,Medicamentos
Tamsulosina 0.4 mg cápsulas,cápsula,1389.4077,2026-09-25,"PAMI, precio de venta al público: TARUSOL (Lepetit)",minorista,,sí,Medicamentos
Tamsulosina 0.4 mg cápsulas,cápsula,1059.8357,2026-09-25,"PAMI, precio de venta al público: TARUSOL (Lepetit)",minorista,,sí,Medicamentos
Valsartán 160 mg comprimidos,comprimido,1107.4370,2026-09-25,"PAMI, precio de venta al público: VALSALEP (Lepetit)",minorista,,sí,Medicamentos
Valsartán 160 mg comprimidos,comprimido,999.6130,2026-09-25,"PAMI, precio de venta al público: VALSALEP (Lepetit)",minorista,,sí,Medicamentos
Valsartán 320 mg comprimidos,comprimido,1184.0110,2026-09-25,"PAMI, precio de venta al público: VALSALEP (Lepetit)",minorista,,sí,Medicamentos
Valsartán 320 mg comprimidos,comprimido,1099.8167,2026-09-25,"PAMI, precio de venta al público: VALSALEP (Lepetit)",minorista,,sí,Medicamentos
Valsartán 80 mg comprimidos,comprimido,839.1737,2026-09-25,"PAMI, precio de venta al público: VALSALEP (Lepetit)",minorista,,sí,Medicamentos
Valsartán 80 mg comprimidos,comprimido,761.9462,2026-09-25,"PAMI, precio de venta al público: VALSALEP (Lepetit)",minorista,,sí,Medicamentos
Valsartán+hidroclorotiazida 160/12.5 mg comprimidos,comprimido,1039.3427,2026-09-25,"PAMI, precio de venta al público: VALSALEP D (Lepetit)",minorista,,sí,Medicamentos
Valsartán+hidroclorotiazida 160/25 mg comprimidos,comprimido,1135.3283,2026-09-25,"PAMI, precio de venta al público: VALSALEP D (Lepetit)",minorista,,sí,Medicamentos
Valsartán+hidroclorotiazida 80/12.5 mg comprimidos,comprimido,1024.7573,2026-09-25,"PAMI, precio de venta al público: VALSALEP D (Lepetit)",minorista,,sí,Medicamentos
Zopiclona 7.5 mg comprimidos,comprimido,542.6153,2026-09-25,"PAMI, precio de venta al público: DESCANIL/ZOPICLONA (Lepetit)",minorista,,sí,Medicamentos
Budesonide+formoterol 160/4.5mcg cápsulas,cápsula,1315.1612,2026-09-25,"PAMI, precio de venta al público: MAXIVENT (Lersan)",minorista,,sí,Medicamentos
Budesonide+formoterol 160/4.5mcg cápsulas,cápsula,819.8374,2026-09-25,"PAMI, precio de venta al público: MAXIVENT (Lersan)",minorista,,sí,Medicamentos
Diazóxido 100 mg x 5 cápsulas,cápsula,34031.1105,2026-09-25,"PAMI, precio de venta al público: PROGLICEM (MSD Argentina S)",minorista,,sí,Medicamentos
Ezetimibe+simvastatin 10/20 mg comprimidos,comprimido,98.5529,2026-09-25,"PAMI, precio de venta al público: VYTORIN (MSD Argentina S)",minorista,,sí,Medicamentos
Mianserina 60 mg comprimidos,comprimido,28.2587,2026-09-25,"PAMI, precio de venta al público: LERIVON (MSD Argentina S)",minorista,,sí,Medicamentos
Mirtazapina 30 mg comprimidos,comprimido,167.6390,2026-09-25,"PAMI, precio de venta al público: REMERON (MSD Argentina S)",minorista,,sí,Medicamentos
Olmesartan+hidroclorotiazida 20/12.5 mg comprimidos,comprimido,46.8507,2026-09-25,"PAMI, precio de venta al público: OLMETEC D 20/12.5 (MSD Argentina S)",minorista,,sí,Medicamentos
Olmesartan+hidroclorotiazida 40/12.5 mg comprimidos,comprimido,46.8507,2026-09-25,"PAMI, precio de venta al público: OLMETEC D 40/12.5 (MSD Argentina S)",minorista,,sí,Medicamentos
Olmesartán 20 mg comprimidos,comprimido,46.4061,2026-09-25,"PAMI, precio de venta al público: OLMETEC (MSD Argentina S)",minorista,,sí,Medicamentos
Olmesartán 40 mg comprimidos,comprimido,46.4061,2026-09-25,"PAMI, precio de venta al público: OLMETEC (MSD Argentina S)",minorista,,sí,Medicamentos
Simvastatin 80 mg comprimidos,comprimido,46.7973,2026-09-25,"PAMI, precio de venta al público: ZOCOR (MSD Argentina S)",minorista,,sí,Medicamentos
Sitagliptina 100 mg comprimidos,comprimido,4860.3775,2026-09-25,"PAMI, precio de venta al público: JANUVIA (MSD Argentina S)",minorista,,sí,Medicamentos
Sitagliptina 25 mg comprimidos,comprimido,3846.8686,2026-09-25,"PAMI, precio de venta al público: JANUVIA (MSD Argentina S)",minorista,,sí,Medicamentos
Sitagliptina 50 mg comprimidos,comprimido,4531.4886,2026-09-25,"PAMI, precio de venta al público: JANUVIA (MSD Argentina S)",minorista,,sí,Medicamentos
"Sitagliptina+metformina,clorh. 100/1000 mg comprimidos",comprimido,5277.6989,2026-09-25,"PAMI, precio de venta al público: JANUMET XR (MSD Argentina S)",minorista,,sí,Medicamentos
"Sitagliptina+metformina,clorh. 50/1000 mg comprimidos",comprimido,2926.5307,2026-09-25,"PAMI, precio de venta al público: JANUMET XR (MSD Argentina S)",minorista,,sí,Medicamentos
"Sitagliptina+metformina,clorh. 50/1000 mg comprimidos",comprimido,3077.9132,2026-09-25,"PAMI, precio de venta al público: JANUMET (MSD Argentina S)",minorista,,sí,Medicamentos
"Sitagliptina+metformina,clorh. 50/1000 mg comprimidos",comprimido,2929.4850,2026-09-25,"PAMI, precio de venta al público: JANUMET (MSD Argentina S)",minorista,,sí,Medicamentos
"Sitagliptina+metformina,clorh. 50/500 mg comprimidos",comprimido,2654.3854,2026-09-25,"PAMI, precio de venta al público: JANUMET (MSD Argentina S)",minorista,,sí,Medicamentos
"Sitagliptina+metformina,clorh. 50/850 mg comprimidos",comprimido,2609.0568,2026-09-25,"PAMI, precio de venta al público: JANUMET (MSD Argentina S)",minorista,,sí,Medicamentos
Amoxicilina 250 mg suspensión oral,1 ml,79.0599,2026-09-25,"PAMI, precio de venta al público: AMOXI 250 MAR (Mar)",minorista,,sí,Medicamentos
Amoxicilina 500 mg comprimidos,comprimido,352.6938,2026-09-25,"PAMI, precio de venta al público: AMOXI 500 MAR (Mar)",minorista,,sí,Medicamentos
Amoxicilina 500 mg suspensión oral,1 ml,96.8896,2026-09-25,"PAMI, precio de venta al público: AMOXI 500 MAR (Mar)",minorista,,sí,Medicamentos
Amoxicilina 500 mg suspensión oral,1 ml,80.3055,2026-09-25,"PAMI, precio de venta al público: AMOXI 500 MAR (Mar)",minorista,,sí,Medicamentos
Amoxicilina 875 mg comprimidos,comprimido,784.8364,2026-09-25,"PAMI, precio de venta al público: AMOXI DUO MAR (Mar)",minorista,,sí,Medicamentos
"Amoxicilina+clavulánico,ác. 875/125 mg comprimidos",comprimido,1436.6664,2026-09-25,"PAMI, precio de venta al público: AMOXI PLUS MAR (Mar)",minorista,,sí,Medicamentos
"Amoxicilina+clavulánico,ác. 875/125 mg comprimidos",comprimido,1322.5815,2026-09-25,"PAMI, precio de venta al público: AMOXI PLUS MAR (Mar)",minorista,,sí,Medicamentos
Betametasona 0.5 mg comprimidos,comprimido,303.8523,2026-09-25,"PAMI, precio de venta al público: METAMAR (Mar)",minorista,,sí,Medicamentos
Cefadroxilo 250 mg/5 ml suspensión oral,1 ml,105.7143,2026-09-25,"PAMI, precio de venta al público: CEFAMAR (Mar)",minorista,,sí,Medicamentos
Cefadroxilo 500 mg comprimidos,comprimido,901.0571,2026-09-25,"PAMI, precio de venta al público: CEFAMAR (Mar)",minorista,,sí,Medicamentos
Cefadroxilo 500 mg/5 ml suspensión oral,1 ml,197.6504,2026-09-25,"PAMI, precio de venta al público: CEFAMAR (Mar)",minorista,,sí,Medicamentos
Ciprofloxacina 500 mg comprimidos,comprimido,1175.0000,2026-09-25,"PAMI, precio de venta al público: CIPROMAR (Mar)",minorista,,sí,Medicamentos
Ciprofloxacina 500 mg comprimidos,comprimido,1209.7093,2026-09-25,"PAMI, precio de venta al público: CIPROMAR (Mar)",minorista,,sí,Medicamentos
Claritromicina 500 mg comprimidos,comprimido,1482.4157,2026-09-25,"PAMI, precio de venta al público: TUCLARIT (Mar)",minorista,,sí,Medicamentos
Claritromicina 500 mg comprimidos,comprimido,1397.5000,2026-09-25,"PAMI, precio de venta al público: TUCLARIT (Mar)",minorista,,sí,Medicamentos
Desloratadina 5 mg comprimidos,comprimido,807.8571,2026-09-25,"PAMI, precio de venta al público: DESLORAMAR (Mar)",minorista,,sí,Medicamentos
Desloratadina 5 mg comprimidos,comprimido,934.2857,2026-09-25,"PAMI, precio de venta al público: DESLORAMAR (Mar)",minorista,,sí,Medicamentos
Desloratadina+betametasona 5 mg comprimidos,comprimido,1129.0000,2026-09-25,"PAMI, precio de venta al público: DESLORAMAR CORT (Mar)",minorista,,sí,Medicamentos
Diclofenac potásico 50 mg comprimidos,comprimido,306.7500,2026-09-25,"PAMI, precio de venta al público: DICLOMAR (Mar)",minorista,,sí,Medicamentos
Diclofenac potásico 50 mg comprimidos,comprimido,415.5000,2026-09-25,"PAMI, precio de venta al público: DICLOMAR (Mar)",minorista,,sí,Medicamentos
Diclofenac potásico 75 mg comprimidos,comprimido,522.5000,2026-09-25,"PAMI, precio de venta al público: DICLOMAR (Mar)",minorista,,sí,Medicamentos
Diclofenac potásico 75 mg comprimidos,comprimido,724.6667,2026-09-25,"PAMI, precio de venta al público: DICLOMAR (Mar)",minorista,,sí,Medicamentos
Diclofenac potásico+paracetamol 50/500 mg comprimidos,comprimido,637.8333,2026-09-25,"PAMI, precio de venta al público: DICLOMAR GESIC (Mar)",minorista,,sí,Medicamentos
Ibuprofeno 2 g/100 ml suspensión oral,1 ml,58.0556,2026-09-25,"PAMI, precio de venta al público: IBUMAR (Mar)",minorista,,sí,Medicamentos
Ibuprofeno 4 g/100 ml suspensión oral,1 ml,95.0000,2026-09-25,"PAMI, precio de venta al público: IBUMAR (Mar)",minorista,,sí,Medicamentos
Ibuprofeno 400 mg comprimidos,comprimido,279.0000,2026-09-25,"PAMI, precio de venta al público: IBUMAR (Mar)",minorista,,sí,Medicamentos
Ibuprofeno 600 mg comprimidos,comprimido,401.0000,2026-09-25,"PAMI, precio de venta al público: IBUMAR 600 (Mar)",minorista,,sí,Medicamentos
Ketorolac trometamina 10 mg comprimidos sublinguales,comprimido,758.0330,2026-09-25,"PAMI, precio de venta al público: KETOMAR SL (Mar)",minorista,,sí,Medicamentos
Ketorolac trometamina 10 mg comprimidos,comprimido,562.0000,2026-09-25,"PAMI, precio de venta al público: KETOMAR (Mar)",minorista,,sí,Medicamentos
Ketorolac trometamina 10 mg comprimidos,comprimido,518.0000,2026-09-25,"PAMI, precio de venta al público: KETOMAR (Mar)",minorista,,sí,Medicamentos
Ketorolac trometamina 20 mg comprimidos,comprimido,721.9500,2026-09-25,"PAMI, precio de venta al público: KETOMAR (Mar)",minorista,,sí,Medicamentos
Ketorolac trometamina 20 mg comprimidos,comprimido,660.0000,2026-09-25,"PAMI, precio de venta al público: KETOMAR (Mar)",minorista,,sí,Medicamentos
Acetazolamida 250 mg comprimidos,comprimido,453.4828,2026-09-25,"PAMI, precio de venta al público: DIABO (Max Vision)",minorista,,sí,Medicamentos
Latanoprost 50mcg/ml colirio,1 ml,8896.1440,2026-09-25,"PAMI, precio de venta al público: GLAUCOSTAT (Max Vision)",minorista,,sí,Medicamentos
Carbamazepina 200 mg comprimidos,comprimido,611.8277,2026-09-25,"PAMI, precio de venta al público: ELEBE (Medipharma)",minorista,,sí,Medicamentos
Carbamazepina 200 mg comprimidos,comprimido,598.0650,2026-09-25,"PAMI, precio de venta al público: ELEBE (Medipharma)",minorista,,sí,Medicamentos
Haloperidol 10 mg comprimidos,comprimido,763.7793,2026-09-25,"PAMI, precio de venta al público: HALOPERIDOL MEDIPHARMA (Medipharma)",minorista,,sí,Medicamentos
Haloperidol 10 mg comprimidos,comprimido,796.3320,2026-09-25,"PAMI, precio de venta al público: HALOPERIDOL MEDIPHARMA (Medipharma)",minorista,,sí,Medicamentos
Haloperidol 5 mg comprimidos,comprimido,448.9697,2026-09-25,"PAMI, precio de venta al público: HALOPERIDOL MEDIPHARMA (Medipharma)",minorista,,sí,Medicamentos
Haloperidol 5 mg comprimidos,comprimido,437.5927,2026-09-25,"PAMI, precio de venta al público: HALOPERIDOL MEDIPHARMA (Medipharma)",minorista,,sí,Medicamentos
Oxcarbazepina 300 mg comprimidos,comprimido,2048.9333,2026-09-25,"PAMI, precio de venta al público: RUPOX (Medipharma)",minorista,,sí,Medicamentos
Oxcarbazepina 300 mg comprimidos,comprimido,1827.2807,2026-09-25,"PAMI, precio de venta al público: RUPOX (Medipharma)",minorista,,sí,Medicamentos
Oxcarbazepina 600 mg comprimidos,comprimido,3873.0910,2026-09-25,"PAMI, precio de venta al público: RUPOX (Medipharma)",minorista,,sí,Medicamentos
Oxcarbazepina 600 mg comprimidos,comprimido,3379.6162,2026-09-25,"PAMI, precio de venta al público: RUPOX (Medipharma)",minorista,,sí,Medicamentos
Sertralina 50 mg comprimidos,comprimido,878.2903,2026-09-25,"PAMI, precio de venta al público: VUNOT (Medipharma)",minorista,,sí,Medicamentos
Sertralina 50 mg comprimidos,comprimido,818.7933,2026-09-25,"PAMI, precio de venta al público: VUNOT (Medipharma)",minorista,,sí,Medicamentos
Biotina 5 mg comprimidos,comprimido,553.8347,2026-09-25,"PAMI, precio de venta al público: BIOTIN-A (Megalabs Argent)",minorista,,sí,Medicamentos
Dexametasona 4 mg comprimidos,comprimido,937.5300,2026-09-25,"PAMI, precio de venta al público: DEXAMERAL 4 (Megalabs Argent)",minorista,,sí,Medicamentos
Dexametasona 4 mg comprimidos,comprimido,880.9155,2026-09-25,"PAMI, precio de venta al público: DEXAMERAL 4 (Megalabs Argent)",minorista,,sí,Medicamentos
Donepezilo 10 mg comprimidos,comprimido,956.6111,2026-09-25,"PAMI, precio de venta al público: ONEFIN (Megalabs Argent)",minorista,,sí,Medicamentos
Donepezilo 5 mg comprimidos,comprimido,748.6371,2026-09-25,"PAMI, precio de venta al público: ONEFIN (Megalabs Argent)",minorista,,sí,Medicamentos
Doxiciclina 100 mg comprimidos,comprimido,1113.1540,2026-09-25,"PAMI, precio de venta al público: ASOLMICINA.DOX (Megalabs Argent)",minorista,,sí,Medicamentos
Doxiciclina 100 mg comprimidos,comprimido,890.5020,2026-09-25,"PAMI, precio de venta al público: ASOLMICINA.DOX (Megalabs Argent)",minorista,,sí,Medicamentos
Duloxetina 30 mg comprimidos,comprimido,351.6136,2026-09-25,"PAMI, precio de venta al público: ALACIR (Megalabs Argent)",minorista,,sí,Medicamentos
Duloxetina 60 mg comprimidos,comprimido,390.4921,2026-09-25,"PAMI, precio de venta al público: ALACIR (Megalabs Argent)",minorista,,sí,Medicamentos
Escitalopram 10 mg comprimidos,comprimido,1358.7040,2026-09-25,"PAMI, precio de venta al público: ESCITEROKAM (Megalabs Argent)",minorista,,sí,Medicamentos
Escitalopram 20 mg comprimidos,comprimido,2405.4530,2026-09-25,"PAMI, precio de venta al público: ESCITEROKAM (Megalabs Argent)",minorista,,sí,Medicamentos
Eszopiclona 3 mg comprimidos,comprimido,526.0423,2026-09-25,"PAMI, precio de venta al público: DORPLEN (Megalabs Argent)",minorista,,sí,Medicamentos
Finasteride 1 mg comprimidos,comprimido,364.6450,2026-09-25,"PAMI, precio de venta al público: SUTRICO (Megalabs Argent)",minorista,,sí,Medicamentos
Fluconazol 150 mg comprimidos,comprimido,4071.6650,2026-09-25,"PAMI, precio de venta al público: FLUZOL (Megalabs Argent)",minorista,,sí,Medicamentos
"Fólico,ác. 1 mg comprimidos",comprimido,264.4570,2026-09-25,"PAMI, precio de venta al público: TANVIMIL FOLICO (Megalabs Argent)",minorista,,sí,Medicamentos
"Fólico,ác. 1 mg comprimidos",comprimido,202.4703,2026-09-25,"PAMI, precio de venta al público: TANVIMIL FOLICO (Megalabs Argent)",minorista,,sí,Medicamentos
"Fólico,ác. 10 mg comprimidos",comprimido,457.3437,2026-09-25,"PAMI, precio de venta al público: TANVIMIL FOLICO (Megalabs Argent)",minorista,,sí,Medicamentos
"Fólico,ác. 10 mg comprimidos",comprimido,415.7688,2026-09-25,"PAMI, precio de venta al público: TANVIMIL FOLICO (Megalabs Argent)",minorista,,sí,Medicamentos
"Fólico,ác. 5 mg comprimidos",comprimido,329.6923,2026-09-25,"PAMI, precio de venta al público: TANVIMIL FOLICO (Megalabs Argent)",minorista,,sí,Medicamentos
"Fólico,ác. 5 mg comprimidos",comprimido,292.4227,2026-09-25,"PAMI, precio de venta al público: TANVIMIL FOLICO (Megalabs Argent)",minorista,,sí,Medicamentos
Gliclazida 30mg comprimidos de liberación prolongada,comprimido,483.6833,2026-09-25,"PAMI, precio de venta al público: GLICAGLUCID MR (Megalabs Argent)",minorista,,sí,Medicamentos
Gliclazida 30mg comprimidos de liberación prolongada,comprimido,473.9277,2026-09-25,"PAMI, precio de venta al público: GLICAGLUCID MR (Megalabs Argent)",minorista,,sí,Medicamentos
Gliclazida 60mg comprimidos de liberación prolongada,comprimido,921.1803,2026-09-25,"PAMI, precio de venta al público: GLICAGLUCID MR (Megalabs Argent)",minorista,,sí,Medicamentos
Gliclazida 60mg comprimidos de liberación prolongada,comprimido,952.9602,2026-09-25,"PAMI, precio de venta al público: GLICAGLUCID MR (Megalabs Argent)",minorista,,sí,Medicamentos
Hidroclorotiazida 50 mg comprimidos,comprimido,284.0903,2026-09-25,"PAMI, precio de venta al público: TANDIUR (Megalabs Argent)",minorista,,sí,Medicamentos
Imiquimod 3.75% crema,1 g,8396.0780,2026-09-25,"PAMI, precio de venta al público: VIROSUPRIL 3.75 (Megalabs Argent)",minorista,,sí,Medicamentos
Imiquimod 5% crema,1 g,9310.3060,2026-09-25,"PAMI, precio de venta al público: VIROSUPRIL (Megalabs Argent)",minorista,,sí,Medicamentos
Isotretinoína 20 mg cápsulas,cápsula,3541.5153,2026-09-25,"PAMI, precio de venta al público: FLEXRESAN (Megalabs Argent)",minorista,,sí,Medicamentos
Itraconazol 100 mg cápsulas,cápsula,2048.9540,2026-09-25,"PAMI, precio de venta al público: SALIMIDIN 100 (Megalabs Argent)",minorista,,sí,Medicamentos
Itraconazol 100 mg cápsulas,cápsula,1846.1383,2026-09-25,"PAMI, precio de venta al público: SALIMIDIN 100 (Megalabs Argent)",minorista,,sí,Medicamentos
Itraconazol 200 mg cápsulas,cápsula,3407.2764,2026-09-25,"PAMI, precio de venta al público: SALIMIDIN 200 (Megalabs Argent)",minorista,,sí,Medicamentos
Itraconazol 200 mg cápsulas,cápsula,2778.8767,2026-09-25,"PAMI, precio de venta al público: SALIMIDIN 200 (Megalabs Argent)",minorista,,sí,Medicamentos
Itraconazol 200 mg cápsulas,cápsula,3852.9200,2026-09-25,"PAMI, precio de venta al público: SALIMIDIN 200 (Megalabs Argent)",minorista,,sí,Medicamentos
Ketoconazol 2% crema,1 g,405.5120,2026-09-25,"PAMI, precio de venta al público: KEDUO (Megalabs Argent)",minorista,,sí,Medicamentos
Levofloxacina 500 mg comprimidos,comprimido,50.2957,2026-09-25,"PAMI, precio de venta al público: BENUR (Megalabs Argent)",minorista,,sí,Medicamentos
Memantine 10 mg comprimidos,comprimido,933.6083,2026-09-25,"PAMI, precio de venta al público: FENTINA (Megalabs Argent)",minorista,,sí,Medicamentos
Metildopa 250 mg comprimidos,comprimido,321.1670,2026-09-25,"PAMI, precio de venta al público: HIPERMET (Megalabs Argent)",minorista,,sí,Medicamentos
Metildopa 500 mg comprimidos,comprimido,434.2722,2026-09-25,"PAMI, precio de venta al público: HIPERMET (Megalabs Argent)",minorista,,sí,Medicamentos
Metronidazol 1 g comprimidos,comprimido,1816.7600,2026-09-25,"PAMI, precio de venta al público: TRICOFIN (Megalabs Argent)",minorista,,sí,Medicamentos
Metronidazol 1 g comprimidos,comprimido,1181.9875,2026-09-25,"PAMI, precio de venta al público: TRICOFIN (Megalabs Argent)",minorista,,sí,Medicamentos
Metronidazol 500 mg comprimidos,comprimido,356.0855,2026-09-25,"PAMI, precio de venta al público: TRICOFIN (Megalabs Argent)",minorista,,sí,Medicamentos
Metronidazol 500 mg óvulos,óvulo,901.3913,2026-09-25,"PAMI, precio de venta al público: TRICOFIN (Megalabs Argent)",minorista,,sí,Medicamentos
Minociclina 100 mg comprimidos,comprimido,1676.3773,2026-09-25,"PAMI, precio de venta al público: MEIBI 100 (Megalabs Argent)",minorista,,sí,Medicamentos
Minociclina 50 mg comprimidos,comprimido,737.6257,2026-09-25,"PAMI, precio de venta al público: MEIBI (Megalabs Argent)",minorista,,sí,Medicamentos
Modafinilo 200 mg comprimidos,comprimido,1858.3650,2026-09-25,"PAMI, precio de venta al público: FORCILIN (Megalabs Argent)",minorista,,sí,Medicamentos
Modafinilo 200 mg comprimidos,comprimido,1806.7440,2026-09-25,"PAMI, precio de venta al público: FORCILIN (Megalabs Argent)",minorista,,sí,Medicamentos
Olanzapina 10 mg comprimidos,comprimido,788.4450,2026-09-25,"PAMI, precio de venta al público: APSICO (Megalabs Argent)",minorista,,sí,Medicamentos
Olanzapina 10 mg comprimidos,comprimido,6624.3207,2026-09-25,"PAMI, precio de venta al público: APSICO (Megalabs Argent)",minorista,,sí,Medicamentos
Olanzapina 2.5 mg comprimidos,comprimido,2287.1868,2026-09-25,"PAMI, precio de venta al público: APSICO (Megalabs Argent)",minorista,,sí,Medicamentos
Olanzapina 5 mg comprimidos,comprimido,383.3021,2026-09-25,"PAMI, precio de venta al público: APSICO (Megalabs Argent)",minorista,,sí,Medicamentos
Olanzapina 5 mg comprimidos,comprimido,3347.9346,2026-09-25,"PAMI, precio de venta al público: APSICO (Megalabs Argent)",minorista,,sí,Medicamentos
Paroxetina 20 mg comprimidos,comprimido,1120.2320,2026-09-25,"PAMI, precio de venta al público: PAMOXET (Megalabs Argent)",minorista,,sí,Medicamentos
Paroxetina 40 mg comprimidos,comprimido,1394.8663,2026-09-25,"PAMI, precio de venta al público: PAMOXET (Megalabs Argent)",minorista,,sí,Medicamentos
Pregabalina 150 mg cápsulas,cápsula,1953.0593,2026-09-25,"PAMI, precio de venta al público: PREBANAL (Megalabs Argent)",minorista,,sí,Medicamentos
Pregabalina 25 mg cápsulas,cápsula,444.4504,2026-09-25,"PAMI, precio de venta al público: PREBANAL (Megalabs Argent)",minorista,,sí,Medicamentos
Pregabalina 50 mg cápsulas,cápsula,905.1950,2026-09-25,"PAMI, precio de venta al público: PREBANAL (Megalabs Argent)",minorista,,sí,Medicamentos
Pregabalina 75 mg cápsulas,cápsula,1238.7486,2026-09-25,"PAMI, precio de venta al público: PREBANAL (Megalabs Argent)",minorista,,sí,Medicamentos
Pregabalina 75 mg cápsulas,cápsula,1222.3146,2026-09-25,"PAMI, precio de venta al público: PREBANAL (Megalabs Argent)",minorista,,sí,Medicamentos
Quetiapina 100 mg comprimidos,comprimido,2988.1210,2026-09-25,"PAMI, precio de venta al público: ATIPINA 100 (Megalabs Argent)",minorista,,sí,Medicamentos
Quetiapina 200 mg comprimidos,comprimido,3806.4060,2026-09-25,"PAMI, precio de venta al público: ATIPINA 200 (Megalabs Argent)",minorista,,sí,Medicamentos
Quetiapina 25 mg comprimidos,comprimido,1818.2063,2026-09-25,"PAMI, precio de venta al público: ATIPINA 25 (Megalabs Argent)",minorista,,sí,Medicamentos
Sertralina 100 mg comprimidos,comprimido,1462.3220,2026-09-25,"PAMI, precio de venta al público: ANILAR (Megalabs Argent)",minorista,,sí,Medicamentos
Sertralina 50 mg comprimidos,comprimido,966.9250,2026-09-25,"PAMI, precio de venta al público: ANILAR (Megalabs Argent)",minorista,,sí,Medicamentos
Terbinafina 250 mg comprimidos,comprimido,2059.9186,2026-09-25,"PAMI, precio de venta al público: TACNA (Megalabs Argent)",minorista,,sí,Medicamentos
Terbinafina 250 mg comprimidos,comprimido,1891.3057,2026-09-25,"PAMI, precio de venta al público: TACNA (Megalabs Argent)",minorista,,sí,Medicamentos
"Tióctico,ác. 600 mg comprimidos",comprimido,1857.8850,2026-09-25,"PAMI, precio de venta al público: TIOCTAN (Megalabs Argent)",minorista,,sí,Medicamentos
Vit.a 100000 ui cápsulas,cápsula,492.1450,2026-09-25,"PAMI, precio de venta al público: TANVIMIL A (Megalabs Argent)",minorista,,sí,Medicamentos
Vit.a 50000 ui cápsulas,cápsula,523.4947,2026-09-25,"PAMI, precio de venta al público: TANVIMIL A (Megalabs Argent)",minorista,,sí,Medicamentos
Vit.a 50000 ui cápsulas,cápsula,190.6285,2026-09-25,"PAMI, precio de venta al público: TANVIMIL A (Megalabs Argent)",minorista,,sí,Medicamentos
Vit.e 1000 mg cápsulas,cápsula,1587.3470,2026-09-25,"PAMI, precio de venta al público: TANVIMIL E (Megalabs Argent)",minorista,,sí,Medicamentos
Vit.e 1000 mg cápsulas,cápsula,1360.6688,2026-09-25,"PAMI, precio de venta al público: TANVIMIL E (Megalabs Argent)",minorista,,sí,Medicamentos
Vit.e 400 mg cápsulas,cápsula,449.6467,2026-09-25,"PAMI, precio de venta al público: TANVIMIL E (Megalabs Argent)",minorista,,sí,Medicamentos
Acenocumarol 4 mg comprimidos,comprimido,759.3235,2026-09-25,"PAMI, precio de venta al público: FORTONOL (Microsules Arg.)",minorista,,sí,Medicamentos
Alendronato 70 mg comprimidos,comprimido,3418.4300,2026-09-25,"PAMI, precio de venta al público: TILIOS (Microsules Arg.)",minorista,,sí,Medicamentos
Alendronato 70 mg comprimidos,comprimido,2411.7100,2026-09-25,"PAMI, precio de venta al público: TILIOS (Microsules Arg.)",minorista,,sí,Medicamentos
Alprazolam 0.50 mg comprimidos,comprimido,178.7897,2026-09-25,"PAMI, precio de venta al público: ALPRAZOLAM MICROSULES (Microsules Arg.)",minorista,,sí,Medicamentos
Alprazolam 0.50 mg comprimidos,comprimido,168.2005,2026-09-25,"PAMI, precio de venta al público: ALPRAZOLAM MICROSULES (Microsules Arg.)",minorista,,sí,Medicamentos
Alprazolam 1 mg comprimidos,comprimido,276.4807,2026-09-25,"PAMI, precio de venta al público: ALPRAZOLAM MICROSULES (Microsules Arg.)",minorista,,sí,Medicamentos
Alprazolam 1 mg comprimidos,comprimido,257.7395,2026-09-25,"PAMI, precio de venta al público: ALPRAZOLAM MICROSULES (Microsules Arg.)",minorista,,sí,Medicamentos
Alprazolam 2 mg comprimidos,comprimido,430.8403,2026-09-25,"PAMI, precio de venta al público: ALPRAZOLAM MICROSULES (Microsules Arg.)",minorista,,sí,Medicamentos
Amlodipina 10 mg comprimidos,comprimido,909.8917,2026-09-25,"PAMI, precio de venta al público: ANEXA (Microsules Arg.)",minorista,,sí,Medicamentos
Amlodipina 5 mg comprimidos,comprimido,561.6213,2026-09-25,"PAMI, precio de venta al público: ANEXA (Microsules Arg.)",minorista,,sí,Medicamentos
Amoxicilina 1 g comprimidos,comprimido,1518.0850,2026-09-25,"PAMI, precio de venta al público: NOBACTAM (Microsules Arg.)",minorista,,sí,Medicamentos
Amoxicilina 1 g comprimidos,comprimido,1418.7425,2026-09-25,"PAMI, precio de venta al público: NOBACTAM (Microsules Arg.)",minorista,,sí,Medicamentos
Amoxicilina 250 mg suspensión oral,1 ml,70.2640,2026-09-25,"PAMI, precio de venta al público: NOBACTAM (Microsules Arg.)",minorista,,sí,Medicamentos
Amoxicilina 500 mg suspensión oral,1 ml,140.5867,2026-09-25,"PAMI, precio de venta al público: NOBACTAM (Microsules Arg.)",minorista,,sí,Medicamentos
Atenolol 50 mg comprimidos,comprimido,276.1107,2026-09-25,"PAMI, precio de venta al público: ATENOLOL MICROSULES (Microsules Arg.)",minorista,,sí,Medicamentos
Atenolol 50 mg comprimidos,comprimido,257.7033,2026-09-25,"PAMI, precio de venta al público: ATENOLOL MICROSULES (Microsules Arg.)",minorista,,sí,Medicamentos
Atenolol 50 mg comprimidos,comprimido,287.0559,2026-09-25,"PAMI, precio de venta al público: ATENOLOL MICROSULES (Microsules Arg.)",minorista,,sí,Medicamentos
Atenolol 50 mg comprimidos,comprimido,267.9188,2026-09-25,"PAMI, precio de venta al público: ATENOLOL MICROSULES (Microsules Arg.)",minorista,,sí,Medicamentos
Atorvastatín 10 mg comprimidos,comprimido,1239.8003,2026-09-25,"PAMI, precio de venta al público: FINLIPOL (Microsules Arg.)",minorista,,sí,Medicamentos
Atorvastatín 10 mg comprimidos,comprimido,1041.7795,2026-09-25,"PAMI, precio de venta al público: FINLIPOL (Microsules Arg.)",minorista,,sí,Medicamentos
Atorvastatín 20 mg comprimidos,comprimido,2061.7310,2026-09-25,"PAMI, precio de venta al público: FINLIPOL (Microsules Arg.)",minorista,,sí,Medicamentos
Atorvastatín 20 mg comprimidos,comprimido,1733.5937,2026-09-25,"PAMI, precio de venta al público: FINLIPOL (Microsules Arg.)",minorista,,sí,Medicamentos
Atorvastatín 40 mg comprimidos,comprimido,2247.9713,2026-09-25,"PAMI, precio de venta al público: FINLIPOL (Microsules Arg.)",minorista,,sí,Medicamentos
Azitromicina 500 mg comprimidos,comprimido,4066.8267,2026-09-25,"PAMI, precio de venta al público: TANEZOX (Microsules Arg.)",minorista,,sí,Medicamentos
Azitromicina 500 mg comprimidos,comprimido,2631.6183,2026-09-25,"PAMI, precio de venta al público: TANEZOX (Microsules Arg.)",minorista,,sí,Medicamentos
Carvedilol 12.5 mg comprimidos,comprimido,503.4963,2026-09-25,"PAMI, precio de venta al público: ENTARSOL 12.5 (Microsules Arg.)",minorista,,sí,Medicamentos
Carvedilol 12.5 mg comprimidos,comprimido,508.6718,2026-09-25,"PAMI, precio de venta al público: ENTARSOL 12.5 (Microsules Arg.)",minorista,,sí,Medicamentos
Carvedilol 25 mg comprimidos,comprimido,599.1813,2026-09-25,"PAMI, precio de venta al público: ENTARSOL 25 (Microsules Arg.)",minorista,,sí,Medicamentos
Carvedilol 25 mg comprimidos,comprimido,619.0832,2026-09-25,"PAMI, precio de venta al público: ENTARSOL 25 (Microsules Arg.)",minorista,,sí,Medicamentos
Carvedilol 6.25 mg comprimidos,comprimido,393.1837,2026-09-25,"PAMI, precio de venta al público: ENTARSOL 6.25 (Microsules Arg.)",minorista,,sí,Medicamentos
Carvedilol 6.25 mg comprimidos,comprimido,406.5989,2026-09-25,"PAMI, precio de venta al público: ENTARSOL 6.25 (Microsules Arg.)",minorista,,sí,Medicamentos
Cefalexina 1000 mg comprimidos,comprimido,1668.5044,2026-09-25,"PAMI, precio de venta al público: SINURIT (Microsules Arg.)",minorista,,sí,Medicamentos
Cefalexina 500 mg comprimidos,comprimido,829.1712,2026-09-25,"PAMI, precio de venta al público: SINURIT (Microsules Arg.)",minorista,,sí,Medicamentos
Ciprofloxacina 500 mg comprimidos,comprimido,1947.4910,2026-09-25,"PAMI, precio de venta al público: MICROSULF (Microsules Arg.)",minorista,,sí,Medicamentos
Ciprofloxacina 500 mg comprimidos,comprimido,1734.3660,2026-09-25,"PAMI, precio de venta al público: MICROSULF (Microsules Arg.)",minorista,,sí,Medicamentos
Clopidogrel 75 mg comprimidos,comprimido,2143.2290,2026-09-25,"PAMI, precio de venta al público: MICRO-CAPE (Microsules Arg.)",minorista,,sí,Medicamentos
Desloratadina 5 mg comprimidos,comprimido,1000.2579,2026-09-25,"PAMI, precio de venta al público: TERALMINA (Microsules Arg.)",minorista,,sí,Medicamentos
Desloratadina 5 mg comprimidos,comprimido,1142.7957,2026-09-25,"PAMI, precio de venta al público: TERALMINA (Microsules Arg.)",minorista,,sí,Medicamentos
Diclofenac sódico 100 mg comprimidos,comprimido,915.7573,2026-09-25,"PAMI, precio de venta al público: DIASTONE RETARD (Microsules Arg.)",minorista,,sí,Medicamentos
Diclofenac sódico 50 mg comprimidos,comprimido,468.3420,2026-09-25,"PAMI, precio de venta al público: DIASTONE (Microsules Arg.)",minorista,,sí,Medicamentos
Diclofenac sódico 50 mg comprimidos,comprimido,381.3503,2026-09-25,"PAMI, precio de venta al público: DIASTONE (Microsules Arg.)",minorista,,sí,Medicamentos
Diclofenac sódico 75 mg comprimidos,comprimido,743.6767,2026-09-25,"PAMI, precio de venta al público: DIASTONE (Microsules Arg.)",minorista,,sí,Medicamentos
Diclofenac sódico 75 mg comprimidos,comprimido,661.2953,2026-09-25,"PAMI, precio de venta al público: DIASTONE (Microsules Arg.)",minorista,,sí,Medicamentos
Enalapril 10 mg comprimidos,comprimido,312.0147,2026-09-25,"PAMI, precio de venta al público: SULOCTEN (Microsules Arg.)",minorista,,sí,Medicamentos
Enalapril 10 mg comprimidos,comprimido,322.8410,2026-09-25,"PAMI, precio de venta al público: SULOCTEN (Microsules Arg.)",minorista,,sí,Medicamentos
Enalapril 20 mg comprimidos,comprimido,425.4060,2026-09-25,"PAMI, precio de venta al público: SULOCTEN (Microsules Arg.)",minorista,,sí,Medicamentos
Enalapril 20 mg comprimidos,comprimido,394.7400,2026-09-25,"PAMI, precio de venta al público: SULOCTEN (Microsules Arg.)",minorista,,sí,Medicamentos
Enalapril 5 mg comprimidos,comprimido,200.7740,2026-09-25,"PAMI, precio de venta al público: SULOCTEN (Microsules Arg.)",minorista,,sí,Medicamentos
Enalapril 5 mg comprimidos,comprimido,192.6113,2026-09-25,"PAMI, precio de venta al público: SULOCTEN (Microsules Arg.)",minorista,,sí,Medicamentos
Enalapril+hidroclorotiazida 10 mg comprimidos,comprimido,546.1563,2026-09-25,"PAMI, precio de venta al público: SULOCTEN D (Microsules Arg.)",minorista,,sí,Medicamentos
Etoricoxib 120 mg comprimidos,comprimido,2245.5286,2026-09-25,"PAMI, precio de venta al público: CRACOX 120 (Microsules Arg.)",minorista,,sí,Medicamentos
Etoricoxib 60 mg comprimidos,comprimido,910.5736,2026-09-25,"PAMI, precio de venta al público: CRACOX 60 (Microsules Arg.)",minorista,,sí,Medicamentos
Etoricoxib 90 mg comprimidos,comprimido,2169.2000,2026-09-25,"PAMI, precio de venta al público: CRACOX 90 (Microsules Arg.)",minorista,,sí,Medicamentos
Etoricoxib 90 mg comprimidos,comprimido,1677.0454,2026-09-25,"PAMI, precio de venta al público: CRACOX 90 (Microsules Arg.)",minorista,,sí,Medicamentos
Glimepiride 4 mg comprimidos,comprimido,844.5353,2026-09-25,"PAMI, precio de venta al público: LOMET (Microsules Arg.)",minorista,,sí,Medicamentos
Glimepiride 4 mg comprimidos,comprimido,761.9620,2026-09-25,"PAMI, precio de venta al público: LOMET (Microsules Arg.)",minorista,,sí,Medicamentos
"Ibandrónico,ác. 150 mg comprimidos",comprimido,35810.9000,2026-09-25,"PAMI, precio de venta al público: INTERSULES (Microsules Arg.)",minorista,,sí,Medicamentos
"Ibandrónico,ác. 150 mg comprimidos",comprimido,19832.0600,2026-09-25,"PAMI, precio de venta al público: INTERSULES (Microsules Arg.)",minorista,,sí,Medicamentos
Ibuprofeno 600 mg cápsulas,cápsula,1091.4630,2026-09-25,"PAMI, precio de venta al público: SINDOL 600 (Microsules Arg.)",minorista,,sí,Medicamentos
Ibuprofeno 600 mg cápsulas,cápsula,957.7300,2026-09-25,"PAMI, precio de venta al público: SINDOL 600 (Microsules Arg.)",minorista,,sí,Medicamentos
Ketorolac 10 mg comprimidos,comprimido,890.9500,2026-09-25,"PAMI, precio de venta al público: KEMANAT (Microsules Arg.)",minorista,,sí,Medicamentos
Ketorolac 10 mg comprimidos,comprimido,698.9670,2026-09-25,"PAMI, precio de venta al público: KEMANAT (Microsules Arg.)",minorista,,sí,Medicamentos
Ketorolac 20 mg comprimidos,comprimido,1355.6170,2026-09-25,"PAMI, precio de venta al público: KEMANAT (Microsules Arg.)",minorista,,sí,Medicamentos
Ketorolac 20 mg comprimidos,comprimido,1045.7310,2026-09-25,"PAMI, precio de venta al público: KEMANAT (Microsules Arg.)",minorista,,sí,Medicamentos
Levofloxacina 750 mg comprimidos,comprimido,3140.7080,2026-09-25,"PAMI, precio de venta al público: ELY DIAR (Microsules Arg.)",minorista,,sí,Medicamentos
Loperamida 2 mg comprimidos,comprimido,627.0950,2026-09-25,"PAMI, precio de venta al público: CUSTEY (Microsules Arg.)",minorista,,sí,Medicamentos
Losartán 100 mg comprimidos,comprimido,1170.4313,2026-09-25,"PAMI, precio de venta al público: ENROMIC (Microsules Arg.)",minorista,,sí,Medicamentos
Losartán 50 mg comprimidos,comprimido,959.6780,2026-09-25,"PAMI, precio de venta al público: ENROMIC (Microsules Arg.)",minorista,,sí,Medicamentos
Losartán 50 mg comprimidos,comprimido,913.8652,2026-09-25,"PAMI, precio de venta al público: ENROMIC (Microsules Arg.)",minorista,,sí,Medicamentos
Losartán+hidroclorotiazida 100/25 mg comprimidos,comprimido,1222.8757,2026-09-25,"PAMI, precio de venta al público: ENROMIC D (Microsules Arg.)",minorista,,sí,Medicamentos
Losartán+hidroclorotiazida 50/12.5 mg comprimidos,comprimido,1125.5507,2026-09-25,"PAMI, precio de venta al público: ENROMIC D (Microsules Arg.)",minorista,,sí,Medicamentos
Meloxicam 15 mg comprimidos,comprimido,1283.7770,2026-09-25,"PAMI, precio de venta al público: MELL (Microsules Arg.)",minorista,,sí,Medicamentos
Meloxicam 15 mg comprimidos,comprimido,1134.1967,2026-09-25,"PAMI, precio de venta al público: MELL (Microsules Arg.)",minorista,,sí,Medicamentos
Metformina 1000 mg comprimidos,comprimido,467.9840,2026-09-25,"PAMI, precio de venta al público: REDUGLUC A.P. FORTE (Microsules Arg.)",minorista,,sí,Medicamentos
Metformina 1000 mg comprimidos,comprimido,523.8427,2026-09-25,"PAMI, precio de venta al público: REDUGLUC A.P. FORTE (Microsules Arg.)",minorista,,sí,Medicamentos
Metformina 1000 mg comprimidos,comprimido,481.5328,2026-09-25,"PAMI, precio de venta al público: REDUGLUC A.P. FORTE (Microsules Arg.)",minorista,,sí,Medicamentos
Metformina 1000 mg comprimidos,comprimido,346.1197,2026-09-25,"PAMI, precio de venta al público: REDUGLUC (Microsules Arg.)",minorista,,sí,Medicamentos
Metformina 1000 mg comprimidos,comprimido,383.2897,2026-09-25,"PAMI, precio de venta al público: REDUGLUC (Microsules Arg.)",minorista,,sí,Medicamentos
Metformina 1000 mg comprimidos,comprimido,364.9008,2026-09-25,"PAMI, precio de venta al público: REDUGLUC (Microsules Arg.)",minorista,,sí,Medicamentos
Metformina 500 mg comprimidos,comprimido,244.9831,2026-09-25,"PAMI, precio de venta al público: REDUGLUC (Microsules Arg.)",minorista,,sí,Medicamentos
Metformina 500 mg comprimidos,comprimido,275.4033,2026-09-25,"PAMI, precio de venta al público: REDUGLUC (Microsules Arg.)",minorista,,sí,Medicamentos
Metformina 500 mg comprimidos,comprimido,208.8925,2026-09-25,"PAMI, precio de venta al público: REDUGLUC (Microsules Arg.)",minorista,,sí,Medicamentos
Metformina 850 mg comprimidos,comprimido,412.6416,2026-09-25,"PAMI, precio de venta al público: REDUGLUC A.P. (Microsules Arg.)",minorista,,sí,Medicamentos
Metformina 850 mg comprimidos,comprimido,420.4933,2026-09-25,"PAMI, precio de venta al público: REDUGLUC A.P. (Microsules Arg.)",minorista,,sí,Medicamentos
Metformina 850 mg comprimidos,comprimido,400.1573,2026-09-25,"PAMI, precio de venta al público: REDUGLUC A.P. (Microsules Arg.)",minorista,,sí,Medicamentos
Metoclopramida 10 mg comprimidos sublinguales,comprimido,1074.3280,2026-09-25,"PAMI, precio de venta al público: RILAQUIN SL (Microsules Arg.)",minorista,,sí,Medicamentos
Metoclopramida 10 mg comprimidos,comprimido,265.1670,2026-09-25,"PAMI, precio de venta al público: RILAQUIN (Microsules Arg.)",minorista,,sí,Medicamentos
Rosuvastatina 10 mg comprimidos,comprimido,861.4390,2026-09-25,"PAMI, precio de venta al público: TURBULINA (Microsules Arg.)",minorista,,sí,Medicamentos
Rosuvastatina 20 mg comprimidos,comprimido,1513.3903,2026-09-25,"PAMI, precio de venta al público: TURBULINA (Microsules Arg.)",minorista,,sí,Medicamentos
Sildenafil 100 mg comprimidos,comprimido,1682.0320,2026-09-25,"PAMI, precio de venta al público: VIRIPOTENS (Microsules Arg.)",minorista,,sí,Medicamentos
Sildenafil 50 mg comprimidos,comprimido,3011.6100,2026-09-25,"PAMI, precio de venta al público: VIRIPOTENS (Microsules Arg.)",minorista,,sí,Medicamentos
Sildenafil 50 mg comprimidos,comprimido,1329.3530,2026-09-25,"PAMI, precio de venta al público: VIRIPOTENS (Microsules Arg.)",minorista,,sí,Medicamentos
Sildenafil 50 mg comprimidos,comprimido,2170.3383,2026-09-25,"PAMI, precio de venta al público: VIRIPOTENS (Microsules Arg.)",minorista,,sí,Medicamentos
Simvastatin 10 mg comprimidos,comprimido,771.9143,2026-09-25,"PAMI, precio de venta al público: TANAVAT (Microsules Arg.)",minorista,,sí,Medicamentos
Simvastatin 20 mg comprimidos,comprimido,1039.7900,2026-09-25,"PAMI, precio de venta al público: TANAVAT (Microsules Arg.)",minorista,,sí,Medicamentos
Tadalafilo 20 mg comprimidos,comprimido,10595.8300,2026-09-25,"PAMI, precio de venta al público: VIRIPOTENS MAX 20 (Microsules Arg.)",minorista,,sí,Medicamentos
Tadalafilo 20 mg comprimidos,comprimido,10278.9125,2026-09-25,"PAMI, precio de venta al público: VIRIPOTENS MAX 20 (Microsules Arg.)",minorista,,sí,Medicamentos
Tadalafilo 20 mg comprimidos,comprimido,7477.3700,2026-09-25,"PAMI, precio de venta al público: VIRIPOTENS MAX 20 (Microsules Arg.)",minorista,,sí,Medicamentos
Tadalafilo 5 mg comprimidos,comprimido,2946.5507,2026-09-25,"PAMI, precio de venta al público: VIRIPOTENS MAX 5 (Microsules Arg.)",minorista,,sí,Medicamentos
Tamsulosina 0.4 mg cápsulas,cápsula,1511.1180,2026-09-25,"PAMI, precio de venta al público: TRAVELGUM (Microsules Arg.)",minorista,,sí,Medicamentos
Trimebutina 200 mg comprimidos,comprimido,461.1733,2026-09-25,"PAMI, precio de venta al público: RELOPAT 200 (Microsules Arg.)",minorista,,sí,Medicamentos
Valsartán 160 mg comprimidos,comprimido,1342.8964,2026-09-25,"PAMI, precio de venta al público: SEMANAR (Microsules Arg.)",minorista,,sí,Medicamentos
Valsartán 160 mg comprimidos,comprimido,1366.1911,2026-09-25,"PAMI, precio de venta al público: SEMANAR (Microsules Arg.)",minorista,,sí,Medicamentos
Valsartán 160 mg comprimidos,comprimido,1107.4370,2026-09-25,"PAMI, precio de venta al público: SEMANAR (Microsules Arg.)",minorista,,sí,Medicamentos
Valsartán 80 mg comprimidos,comprimido,1081.3821,2026-09-25,"PAMI, precio de venta al público: SEMANAR (Microsules Arg.)",minorista,,sí,Medicamentos
Valsartán 80 mg comprimidos,comprimido,1058.0621,2026-09-25,"PAMI, precio de venta al público: SEMANAR (Microsules Arg.)",minorista,,sí,Medicamentos
Valsartán 80 mg comprimidos,comprimido,839.1737,2026-09-25,"PAMI, precio de venta al público: SEMANAR (Microsules Arg.)",minorista,,sí,Medicamentos
Alprazolam 0.50 mg comprimidos,comprimido,168.2360,2026-09-25,"PAMI, precio de venta al público: NOVAZOLAM 0.50 MG (Monserrat)",minorista,,sí,Medicamentos
Alprazolam 0.50 mg comprimidos,comprimido,149.2042,2026-09-25,"PAMI, precio de venta al público: NOVAZOLAM 0.50 MG (Monserrat)",minorista,,sí,Medicamentos
Alprazolam 1 mg comprimidos,comprimido,249.6053,2026-09-25,"PAMI, precio de venta al público: NOVAZOLAM 1 MG (Monserrat)",minorista,,sí,Medicamentos
Alprazolam 1 mg comprimidos,comprimido,222.4632,2026-09-25,"PAMI, precio de venta al público: NOVAZOLAM 1 MG (Monserrat)",minorista,,sí,Medicamentos
Alprazolam 2 mg comprimidos,comprimido,387.9387,2026-09-25,"PAMI, precio de venta al público: NOVAZOLAM 2 MG (Monserrat)",minorista,,sí,Medicamentos
Alprazolam 2 mg comprimidos,comprimido,341.8415,2026-09-25,"PAMI, precio de venta al público: NOVAZOLAM 2 MG (Monserrat)",minorista,,sí,Medicamentos
Clonazepam 0.5 mg comprimidos,comprimido,263.1470,2026-09-25,"PAMI, precio de venta al público: RIBOCLER 0.5 MG (Monserrat)",minorista,,sí,Medicamentos
Clonazepam 0.5 mg comprimidos,comprimido,239.2976,2026-09-25,"PAMI, precio de venta al público: RIBOCLER 0.5 MG (Monserrat)",minorista,,sí,Medicamentos
Clonazepam 2 mg comprimidos,comprimido,293.0187,2026-09-25,"PAMI, precio de venta al público: RIBOCLER 2 MG (Monserrat)",minorista,,sí,Medicamentos
Clonazepam 2 mg comprimidos,comprimido,258.8278,2026-09-25,"PAMI, precio de venta al público: RIBOCLER 2 MG (Monserrat)",minorista,,sí,Medicamentos
Naproxeno 500 mg comprimidos,comprimido,1599.0000,2026-09-25,"PAMI, precio de venta al público: DEBRIL (Monserrat)",minorista,,sí,Medicamentos
Naproxeno 500 mg comprimidos,comprimido,1563.5000,2026-09-25,"PAMI, precio de venta al público: DEBRIL (Monserrat)",minorista,,sí,Medicamentos
Amlodipina 10 mg comprimidos,comprimido,641.9350,2026-09-25,"PAMI, precio de venta al público: INDALTEN (Montpellier)",minorista,,sí,Medicamentos
Amlodipina 5 mg comprimidos,comprimido,398.4543,2026-09-25,"PAMI, precio de venta al público: INDALTEN (Montpellier)",minorista,,sí,Medicamentos
Aripiprazol 10 mg comprimidos,comprimido,997.7060,2026-09-25,"PAMI, precio de venta al público: IBARAL (Montpellier)",minorista,,sí,Medicamentos
Aripiprazol 15 mg comprimidos,comprimido,1286.1117,2026-09-25,"PAMI, precio de venta al público: IBARAL (Montpellier)",minorista,,sí,Medicamentos
Aripiprazol 5 mg comprimidos,comprimido,904.3073,2026-09-25,"PAMI, precio de venta al público: IBARAL (Montpellier)",minorista,,sí,Medicamentos
Betahistina 16 mg comprimidos,comprimido,688.3653,2026-09-25,"PAMI, precio de venta al público: RILIF (Montpellier)",minorista,,sí,Medicamentos
Betahistina 24 mg comprimidos,comprimido,939.6408,2026-09-25,"PAMI, precio de venta al público: RILIF (Montpellier)",minorista,,sí,Medicamentos
Betahistina 24 mg comprimidos,comprimido,1031.5320,2026-09-25,"PAMI, precio de venta al público: RILIF (Montpellier)",minorista,,sí,Medicamentos
Betametasona 0.6 mg comprimidos,comprimido,375.6887,2026-09-25,"PAMI, precio de venta al público: CORTEROID (Montpellier)",minorista,,sí,Medicamentos
Betametasona 1.2 mg comprimidos,comprimido,718.6930,2026-09-25,"PAMI, precio de venta al público: CORTEROID (Montpellier)",minorista,,sí,Medicamentos
Bisacodilo 5 mg comprimidos,comprimido,269.1545,2026-09-25,"PAMI, precio de venta al público: MODATON (Montpellier)",minorista,,sí,Medicamentos
Bisacodilo 5 mg comprimidos,comprimido,203.8236,2026-09-25,"PAMI, precio de venta al público: MODATON (Montpellier)",minorista,,sí,Medicamentos
Bisoprolol 10 mg comprimidos,comprimido,759.5077,2026-09-25,"PAMI, precio de venta al público: MOINEL 10 (Montpellier)",minorista,,sí,Medicamentos
Bisoprolol 2.5 mg comprimidos,comprimido,287.4983,2026-09-25,"PAMI, precio de venta al público: MOINEL 2.5 (Montpellier)",minorista,,sí,Medicamentos
Bisoprolol 5 mg comprimidos,comprimido,600.7063,2026-09-25,"PAMI, precio de venta al público: MOINEL 5 (Montpellier)",minorista,,sí,Medicamentos
Bisoprolol+hidroclorotiazida 5/12.5 mg comprimidos,comprimido,688.0610,2026-09-25,"PAMI, precio de venta al público: MOINEL D (Montpellier)",minorista,,sí,Medicamentos
Cefadroxilo 1000 mg comprimidos,comprimido,384.7462,2026-09-25,"PAMI, precio de venta al público: CEFACILINA (Montpellier)",minorista,,sí,Medicamentos
Cefadroxilo 500 mg comprimidos,comprimido,883.9612,2026-09-25,"PAMI, precio de venta al público: CEFACILINA (Montpellier)",minorista,,sí,Medicamentos
Cefadroxilo 500 mg comprimidos,comprimido,908.2188,2026-09-25,"PAMI, precio de venta al público: CEFACILINA (Montpellier)",minorista,,sí,Medicamentos
Claritromicina 125 mg suspensión oral,1 ml,250.3890,2026-09-25,"PAMI, precio de venta al público: CLARIMAX 125 (Montpellier)",minorista,,sí,Medicamentos
Claritromicina 250 mg suspensión oral,1 ml,493.7427,2026-09-25,"PAMI, precio de venta al público: CLARIMAX 250 (Montpellier)",minorista,,sí,Medicamentos
Claritromicina 500 mg comprimidos,comprimido,2534.2225,2026-09-25,"PAMI, precio de venta al público: CLARIMAX UD (Montpellier)",minorista,,sí,Medicamentos
Claritromicina 500 mg comprimidos,comprimido,2488.3175,2026-09-25,"PAMI, precio de venta al público: CLARIMAX UD (Montpellier)",minorista,,sí,Medicamentos
Claritromicina 500 mg comprimidos,comprimido,2204.2494,2026-09-25,"PAMI, precio de venta al público: CLARIMAX 500 (Montpellier)",minorista,,sí,Medicamentos
Claritromicina 500 mg comprimidos,comprimido,2558.4175,2026-09-25,"PAMI, precio de venta al público: CLARIMAX 500 (Montpellier)",minorista,,sí,Medicamentos
Clindamicina 300 mg cápsulas,cápsula,1202.3869,2026-09-25,"PAMI, precio de venta al público: MICROBION (Montpellier)",minorista,,sí,Medicamentos
Clopidogrel 75 mg comprimidos,comprimido,2224.5657,2026-09-25,"PAMI, precio de venta al público: MONREX (Montpellier)",minorista,,sí,Medicamentos
Dapagliflozina 10 mg comprimidos,comprimido,2349.8633,2026-09-25,"PAMI, precio de venta al público: DAGLIBEN (Montpellier)",minorista,,sí,Medicamentos
Desloratadina 5 mg comprimidos,comprimido,1047.5140,2026-09-25,"PAMI, precio de venta al público: NOVO ALERPRIV (Montpellier)",minorista,,sí,Medicamentos
Desloratadina 5 mg comprimidos,comprimido,974.5390,2026-09-25,"PAMI, precio de venta al público: NOVO ALERPRIV (Montpellier)",minorista,,sí,Medicamentos
Diclofenac sódico 50 mg comprimidos,comprimido,471.5660,2026-09-25,"PAMI, precio de venta al público: METAFLEX 50 (Montpellier)",minorista,,sí,Medicamentos
Diclofenac sódico 75 mg comprimidos,comprimido,1152.1170,2026-09-25,"PAMI, precio de venta al público: METAFLEX 75 (Montpellier)",minorista,,sí,Medicamentos
Diclofenac sódico 75 mg comprimidos,comprimido,1139.9585,2026-09-25,"PAMI, precio de venta al público: METAFLEX 75 (Montpellier)",minorista,,sí,Medicamentos
Diclofenac sódico 75 mg comprimidos,comprimido,645.8125,2026-09-25,"PAMI, precio de venta al público: METAFLEX 75 (Montpellier)",minorista,,sí,Medicamentos
Duloxetina 30 mg cápsulas,cápsula,1865.5867,2026-09-25,"PAMI, precio de venta al público: OPTIBRAL (Montpellier)",minorista,,sí,Medicamentos
Duloxetina 60 mg cápsulas,cápsula,1880.1557,2026-09-25,"PAMI, precio de venta al público: OPTIBRAL (Montpellier)",minorista,,sí,Medicamentos
Ergotamina+cafeína+asoc. 500 mg comprimidos,comprimido,538.6049,2026-09-25,"PAMI, precio de venta al público: MIGRAL (Montpellier)",minorista,,sí,Medicamentos
Ergotamina+cafeína+asoc. 500 mg comprimidos,comprimido,601.9525,2026-09-25,"PAMI, precio de venta al público: MIGRAL (Montpellier)",minorista,,sí,Medicamentos
Ergotamina+cafeína+asoc. 500 mg comprimidos,comprimido,567.4832,2026-09-25,"PAMI, precio de venta al público: MIGRAL (Montpellier)",minorista,,sí,Medicamentos
Escitalopram 10 mg comprimidos,comprimido,1200.6440,2026-09-25,"PAMI, precio de venta al público: REMPEC (Montpellier)",minorista,,sí,Medicamentos
Escitalopram 20 mg comprimidos,comprimido,2201.1303,2026-09-25,"PAMI, precio de venta al público: REMPEC (Montpellier)",minorista,,sí,Medicamentos
Espironolactona 100 mg comprimidos,comprimido,436.4223,2026-09-25,"PAMI, precio de venta al público: KENOB 100 (Montpellier)",minorista,,sí,Medicamentos
Espironolactona 25 mg comprimidos,comprimido,242.7620,2026-09-25,"PAMI, precio de venta al público: KENOB 25 (Montpellier)",minorista,,sí,Medicamentos
Espironolactona 50 mg comprimidos,comprimido,337.3033,2026-09-25,"PAMI, precio de venta al público: KENOB 50 (Montpellier)",minorista,,sí,Medicamentos
Eszopiclona 2 mg comprimidos,comprimido,610.5513,2026-09-25,"PAMI, precio de venta al público: DORCAN (Montpellier)",minorista,,sí,Medicamentos
Eszopiclona 3 mg comprimidos,comprimido,565.5027,2026-09-25,"PAMI, precio de venta al público: DORCAN (Montpellier)",minorista,,sí,Medicamentos
Etoricoxib 120 mg comprimidos,comprimido,2054.3110,2026-09-25,"PAMI, precio de venta al público: TALGIAX (Montpellier)",minorista,,sí,Medicamentos
Etoricoxib 60 mg comprimidos,comprimido,878.2467,2026-09-25,"PAMI, precio de venta al público: TALGIAX (Montpellier)",minorista,,sí,Medicamentos
Etoricoxib 90 mg comprimidos,comprimido,1946.6467,2026-09-25,"PAMI, precio de venta al público: TALGIAX (Montpellier)",minorista,,sí,Medicamentos
Etoricoxib 90 mg comprimidos,comprimido,1553.6963,2026-09-25,"PAMI, precio de venta al público: TALGIAX (Montpellier)",minorista,,sí,Medicamentos
"Fenofíbrico,ác. 135 mg cápsulas de liberación prolongada",cápsula,1385.9347,2026-09-25,"PAMI, precio de venta al público: SERUBEL 135 (Montpellier)",minorista,,sí,Medicamentos
"Fenofíbrico,ác. 45 mg cápsulas de liberación prolongada",cápsula,1177.1657,2026-09-25,"PAMI, precio de venta al público: SERUBEL 45 (Montpellier)",minorista,,sí,Medicamentos
Glimepiride 2 mg comprimidos,comprimido,426.1467,2026-09-25,"PAMI, precio de venta al público: GLEMAZ 2 (Montpellier)",minorista,,sí,Medicamentos
Glimepiride 4 mg comprimidos,comprimido,512.2227,2026-09-25,"PAMI, precio de venta al público: GLEMAZ (Montpellier)",minorista,,sí,Medicamentos
Glimepiride 4 mg comprimidos,comprimido,780.6467,2026-09-25,"PAMI, precio de venta al público: GLEMAZ (Montpellier)",minorista,,sí,Medicamentos
Glimepiride 4 mg comprimidos,comprimido,734.5132,2026-09-25,"PAMI, precio de venta al público: GLEMAZ (Montpellier)",minorista,,sí,Medicamentos
Glimepiride+metformina 2/1000 mg comprimidos,comprimido,504.6273,2026-09-25,"PAMI, precio de venta al público: GLEMAZ MET 2/1000 (Montpellier)",minorista,,sí,Medicamentos
Glimepiride+metformina 2/1000 mg comprimidos,comprimido,472.3608,2026-09-25,"PAMI, precio de venta al público: GLEMAZ MET 2/1000 (Montpellier)",minorista,,sí,Medicamentos
Glimepiride+metformina 4/1000 mg comprimidos,comprimido,893.0177,2026-09-25,"PAMI, precio de venta al público: GLEMAZ MET 4/1000 (Montpellier)",minorista,,sí,Medicamentos
Glimepiride+metformina 4/1000 mg comprimidos,comprimido,824.1258,2026-09-25,"PAMI, precio de venta al público: GLEMAZ MET 4/1000 (Montpellier)",minorista,,sí,Medicamentos
Hidrocortisona 10 mg comprimidos,comprimido,370.9830,2026-09-25,"PAMI, precio de venta al público: HIDROCORT (Montpellier)",minorista,,sí,Medicamentos
Levofloxacina 500 mg comprimidos,comprimido,2383.9071,2026-09-25,"PAMI, precio de venta al público: BACTIFREN 500 (Montpellier)",minorista,,sí,Medicamentos
Levofloxacina 750 mg comprimidos,comprimido,3816.3580,2026-09-25,"PAMI, precio de venta al público: BACTIFREN 750 (Montpellier)",minorista,,sí,Medicamentos
Levotiroxina 100 mcg comprimidos,comprimido,270.7008,2026-09-25,"PAMI, precio de venta al público: T4 MONTPELLIER 100 (Montpellier)",minorista,,sí,Medicamentos
Levotiroxina 112 mcg comprimidos,comprimido,366.6334,2026-09-25,"PAMI, precio de venta al público: T4 MONTPELLIER 112 (Montpellier)",minorista,,sí,Medicamentos
Levotiroxina 125 mcg comprimidos,comprimido,383.4708,2026-09-25,"PAMI, precio de venta al público: T4 MONTPELLIER 125 (Montpellier)",minorista,,sí,Medicamentos
Levotiroxina 137 mcg comprimidos,comprimido,419.2262,2026-09-25,"PAMI, precio de venta al público: T4 MONTPELLIER 137 (Montpellier)",minorista,,sí,Medicamentos
Levotiroxina 150 mcg comprimidos,comprimido,427.2564,2026-09-25,"PAMI, precio de venta al público: T4 MONTPELLIER 150 (Montpellier)",minorista,,sí,Medicamentos
Levotiroxina 175 mcg comprimidos,comprimido,461.1890,2026-09-25,"PAMI, precio de venta al público: T4 MONTPELLIER 175 (Montpellier)",minorista,,sí,Medicamentos
Levotiroxina 200 mcg comprimidos,comprimido,471.0298,2026-09-25,"PAMI, precio de venta al público: T4 MONTPELLIER 200 (Montpellier)",minorista,,sí,Medicamentos
Levotiroxina 25 mcg comprimidos,comprimido,178.1012,2026-09-25,"PAMI, precio de venta al público: T4 MONTPELLIER 25 (Montpellier)",minorista,,sí,Medicamentos
Levotiroxina 50 mcg comprimidos,comprimido,187.8194,2026-09-25,"PAMI, precio de venta al público: T4 MONTPELLIER 50 (Montpellier)",minorista,,sí,Medicamentos
Levotiroxina 75 mcg comprimidos,comprimido,234.8040,2026-09-25,"PAMI, precio de venta al público: T4 MONTPELLIER 75 (Montpellier)",minorista,,sí,Medicamentos
Levotiroxina 88 mcg comprimidos,comprimido,243.9404,2026-09-25,"PAMI, precio de venta al público: T4 MONTPELLIER 88 (Montpellier)",minorista,,sí,Medicamentos
Metformina 1000 mg comprimidos,comprimido,530.1593,2026-09-25,"PAMI, precio de venta al público: DBI AP FORTE (Montpellier)",minorista,,sí,Medicamentos
Metformina 1000 mg comprimidos,comprimido,582.0490,2026-09-25,"PAMI, precio de venta al público: DBI AP FORTE (Montpellier)",minorista,,sí,Medicamentos
Metformina 1000 mg comprimidos,comprimido,535.0412,2026-09-25,"PAMI, precio de venta al público: DBI AP FORTE (Montpellier)",minorista,,sí,Medicamentos
Metformina 500 mg comprimidos,comprimido,351.4518,2026-09-25,"PAMI, precio de venta al público: DBI AP 500 (Montpellier)",minorista,,sí,Medicamentos
Metformina 500 mg comprimidos,comprimido,368.9330,2026-09-25,"PAMI, precio de venta al público: DBI AP 500 (Montpellier)",minorista,,sí,Medicamentos
Metformina 500 mg comprimidos,comprimido,351.3240,2026-09-25,"PAMI, precio de venta al público: DBI AP 500 (Montpellier)",minorista,,sí,Medicamentos
Metformina 500 mg comprimidos,comprimido,233.6740,2026-09-25,"PAMI, precio de venta al público: DBI METFORMINA (Montpellier)",minorista,,sí,Medicamentos
Metformina 500 mg comprimidos,comprimido,214.9830,2026-09-25,"PAMI, precio de venta al público: DBI METFORMINA (Montpellier)",minorista,,sí,Medicamentos
Metformina 500 mg comprimidos,comprimido,214.1983,2026-09-25,"PAMI, precio de venta al público: DBI METFORMINA (Montpellier)",minorista,,sí,Medicamentos
Metformina 850 mg comprimidos,comprimido,431.1104,2026-09-25,"PAMI, precio de venta al público: DBI AP METFORMINA (Montpellier)",minorista,,sí,Medicamentos
Metformina 850 mg comprimidos,comprimido,439.7130,2026-09-25,"PAMI, precio de venta al público: DBI AP METFORMINA (Montpellier)",minorista,,sí,Medicamentos
Metformina 850 mg comprimidos,comprimido,432.5753,2026-09-25,"PAMI, precio de venta al público: DBI AP METFORMINA (Montpellier)",minorista,,sí,Medicamentos
Metformina+glibenclamida 500/2.5 mg comprimidos,comprimido,368.1100,2026-09-25,"PAMI, precio de venta al público: DBI DUO 500/2.5 (Montpellier)",minorista,,sí,Medicamentos
Metformina+glibenclamida 500/5 mg comprimidos,comprimido,391.8947,2026-09-25,"PAMI, precio de venta al público: DBI DUO 500/5 (Montpellier)",minorista,,sí,Medicamentos
Metformina+glibenclamida 500/5 mg comprimidos,comprimido,343.8207,2026-09-25,"PAMI, precio de venta al público: DBI DUO 500/5 (Montpellier)",minorista,,sí,Medicamentos
Montelukast 10 mg comprimidos,comprimido,1430.7123,2026-09-25,"PAMI, precio de venta al público: ASMAVITAN (Montpellier)",minorista,,sí,Medicamentos
Montelukast 4 mg comprimidos masticables,comprimido,1348.4103,2026-09-25,"PAMI, precio de venta al público: ASMAVITAN (Montpellier)",minorista,,sí,Medicamentos
Montelukast 4 mg gran. sobres,sobre,1332.4260,2026-09-25,"PAMI, precio de venta al público: ASMAVITAN (Montpellier)",minorista,,sí,Medicamentos
Montelukast 5 mg comprimidos masticables,comprimido,1374.7767,2026-09-25,"PAMI, precio de venta al público: ASMAVITAN (Montpellier)",minorista,,sí,Medicamentos
Nebivolol 10 mg comprimidos,comprimido,1274.2217,2026-09-25,"PAMI, precio de venta al público: MOBAN (Montpellier)",minorista,,sí,Medicamentos
Nebivolol 5 mg comprimidos,comprimido,697.0713,2026-09-25,"PAMI, precio de venta al público: MOBAN (Montpellier)",minorista,,sí,Medicamentos
Pregabalina 150 mg cápsulas,cápsula,2237.3933,2026-09-25,"PAMI, precio de venta al público: LUNEL (Montpellier)",minorista,,sí,Medicamentos
Pregabalina 25 mg cápsulas,cápsula,386.7210,2026-09-25,"PAMI, precio de venta al público: LUNEL (Montpellier)",minorista,,sí,Medicamentos
Pregabalina 75 mg cápsulas,cápsula,61.1513,2026-09-25,"PAMI, precio de venta al público: LUNEL (Montpellier)",minorista,,sí,Medicamentos
Pregabalina 75 mg comprimidos,comprimido,1433.6877,2026-09-25,"PAMI, precio de venta al público: LUNEL 75 PRACTIDOSIS (Montpellier)",minorista,,sí,Medicamentos
Pregabalina 75 mg cápsulas,cápsula,1401.7247,2026-09-25,"PAMI, precio de venta al público: LUNEL (Montpellier)",minorista,,sí,Medicamentos
Risedronato 150 mg comprimidos,comprimido,37311.4100,2026-09-25,"PAMI, precio de venta al público: RENTOP 150 (Montpellier)",minorista,,sí,Medicamentos
Risedronato 150 mg comprimidos,comprimido,27986.5433,2026-09-25,"PAMI, precio de venta al público: RENTOP 150 (Montpellier)",minorista,,sí,Medicamentos
Rosuvastatina 10 mg comprimidos,comprimido,878.5587,2026-09-25,"PAMI, precio de venta al público: ROSUSTATIN (Montpellier)",minorista,,sí,Medicamentos
Rosuvastatina 10 mg comprimidos,comprimido,844.9170,2026-09-25,"PAMI, precio de venta al público: ROSUSTATIN (Montpellier)",minorista,,sí,Medicamentos
Rosuvastatina 20 mg comprimidos,comprimido,1556.8260,2026-09-25,"PAMI, precio de venta al público: ROSUSTATIN (Montpellier)",minorista,,sí,Medicamentos
Rosuvastatina 5 mg comprimidos,comprimido,557.8700,2026-09-25,"PAMI, precio de venta al público: ROSUSTATIN (Montpellier)",minorista,,sí,Medicamentos
Sertralina 100 mg comprimidos,comprimido,1012.7437,2026-09-25,"PAMI, precio de venta al público: CADILER (Montpellier)",minorista,,sí,Medicamentos
Sertralina 50 mg comprimidos,comprimido,614.5847,2026-09-25,"PAMI, precio de venta al público: CADILER (Montpellier)",minorista,,sí,Medicamentos
Tadalafilo 20 mg comprimidos,comprimido,11416.8900,2026-09-25,"PAMI, precio de venta al público: JAST (Montpellier)",minorista,,sí,Medicamentos
Tadalafilo 20 mg comprimidos,comprimido,11176.3500,2026-09-25,"PAMI, precio de venta al público: JAST (Montpellier)",minorista,,sí,Medicamentos
Tadalafilo 5 mg comprimidos,comprimido,2605.0667,2026-09-25,"PAMI, precio de venta al público: JAST (Montpellier)",minorista,,sí,Medicamentos
"Tióctico,ác. 600 mg comprimidos",comprimido,1587.6680,2026-09-25,"PAMI, precio de venta al público: PRIOTIC (Montpellier)",minorista,,sí,Medicamentos
Valsartán 160 mg comprimidos,comprimido,660.7060,2026-09-25,"PAMI, precio de venta al público: DIAPRESAN 160 (Montpellier)",minorista,,sí,Medicamentos
Valsartán 160 mg comprimidos,comprimido,1278.7790,2026-09-25,"PAMI, precio de venta al público: DIAPRESAN 160 (Montpellier)",minorista,,sí,Medicamentos
Valsartán 320 mg comprimidos,comprimido,1316.0680,2026-09-25,"PAMI, precio de venta al público: DIAPRESAN 320 (Montpellier)",minorista,,sí,Medicamentos
Valsartán 80 mg comprimidos,comprimido,644.8420,2026-09-25,"PAMI, precio de venta al público: DIAPRESAN 80 (Montpellier)",minorista,,sí,Medicamentos
Valsartán 80 mg comprimidos,comprimido,1006.9957,2026-09-25,"PAMI, precio de venta al público: DIAPRESAN 80 (Montpellier)",minorista,,sí,Medicamentos
Valsartán+amlodipina 160/10 mg comprimidos,comprimido,1325.9433,2026-09-25,"PAMI, precio de venta al público: DIAPRESAN A (Montpellier)",minorista,,sí,Medicamentos
Valsartán+amlodipina 160/5 mg comprimidos,comprimido,1370.2243,2026-09-25,"PAMI, precio de venta al público: DIAPRESAN A (Montpellier)",minorista,,sí,Medicamentos
Valsartán+hidrocloroti.+amlodip. 160/12.5/10 mg comprimidos,comprimido,1906.1500,2026-09-25,"PAMI, precio de venta al público: DIAPRESAN TRIPLE (Montpellier)",minorista,,sí,Medicamentos
Valsartán+hidrocloroti.+amlodip. 160/12.5/5 mg comprimidos,comprimido,1906.1500,2026-09-25,"PAMI, precio de venta al público: DIAPRESAN TRIPLE (Montpellier)",minorista,,sí,Medicamentos
Valsartán+hidrocloroti.+amlodip. 320/25/10 mg comprimidos,comprimido,2124.3543,2026-09-25,"PAMI, precio de venta al público: DIAPRESAN TRIPLE (Montpellier)",minorista,,sí,Medicamentos
Valsartán+hidroclorotiazida 160/12.5 mg comprimidos,comprimido,1264.5733,2026-09-25,"PAMI, precio de venta al público: DIAPRESAN D (Montpellier)",minorista,,sí,Medicamentos
Valsartán+hidroclorotiazida 160/25 mg comprimidos,comprimido,1511.1180,2026-09-25,"PAMI, precio de venta al público: DIAPRESAN D (Montpellier)",minorista,,sí,Medicamentos
Valsartán+hidroclorotiazida 320/12.5 mg comprimidos,comprimido,1427.8130,2026-09-25,"PAMI, precio de venta al público: DIAPRESAN D (Montpellier)",minorista,,sí,Medicamentos
Valsartán+hidroclorotiazida 320/25 mg comprimidos,comprimido,1437.6137,2026-09-25,"PAMI, precio de venta al público: DIAPRESAN D (Montpellier)",minorista,,sí,Medicamentos
Valsartán+hidroclorotiazida 80/12.5 mg comprimidos,comprimido,1013.1907,2026-09-25,"PAMI, precio de venta al público: DIAPRESAN D (Montpellier)",minorista,,sí,Medicamentos
Venlafaxina 150 mg cápsulas,cápsula,1408.9833,2026-09-25,"PAMI, precio de venta al público: MAXIBRAL XR (Montpellier)",minorista,,sí,Medicamentos
Venlafaxina 37.5 mg cápsulas,cápsula,979.8023,2026-09-25,"PAMI, precio de venta al público: MAXIBRAL XR (Montpellier)",minorista,,sí,Medicamentos
Venlafaxina 75 mg cápsulas,cápsula,1035.8300,2026-09-25,"PAMI, precio de venta al público: MAXIBRAL XR (Montpellier)",minorista,,sí,Medicamentos
Vildagliptin 50 mg comprimidos,comprimido,1627.2539,2026-09-25,"PAMI, precio de venta al público: ZOMARIST (Montpellier)",minorista,,sí,Medicamentos
Vildagliptin 50 mg comprimidos,comprimido,1552.2023,2026-09-25,"PAMI, precio de venta al público: ZOMARIST (Montpellier)",minorista,,sí,Medicamentos
Vildagliptin+metformina 50/1000 mg comprimidos,comprimido,2061.8347,2026-09-25,"PAMI, precio de venta al público: ZOMARIST MET (Montpellier)",minorista,,sí,Medicamentos
Vildagliptin+metformina 50/1000 mg comprimidos,comprimido,1948.9418,2026-09-25,"PAMI, precio de venta al público: ZOMARIST MET (Montpellier)",minorista,,sí,Medicamentos
Vildagliptin+metformina 50/500 mg comprimidos,comprimido,1777.3143,2026-09-25,"PAMI, precio de venta al público: ZOMARIST MET (Montpellier)",minorista,,sí,Medicamentos
Vildagliptin+metformina 50/500 mg comprimidos,comprimido,1695.3810,2026-09-25,"PAMI, precio de venta al público: ZOMARIST MET (Montpellier)",minorista,,sí,Medicamentos
Vildagliptin+metformina 50/850 mg comprimidos,comprimido,1777.3143,2026-09-25,"PAMI, precio de venta al público: ZOMARIST MET (Montpellier)",minorista,,sí,Medicamentos
Vildagliptin+metformina 50/850 mg comprimidos,comprimido,1695.3810,2026-09-25,"PAMI, precio de venta al público: ZOMARIST MET (Montpellier)",minorista,,sí,Medicamentos
Amlodipina 10 mg comprimidos,comprimido,659.5090,2026-09-25,"PAMI, precio de venta al público: ZUNDIC (Nolter)",minorista,,sí,Medicamentos
Amlodipina 5 mg comprimidos,comprimido,408.9013,2026-09-25,"PAMI, precio de venta al público: ZUNDIC (Nolter)",minorista,,sí,Medicamentos
Cilostazol 100 mg comprimidos,comprimido,1138.8837,2026-09-25,"PAMI, precio de venta al público: ZOLPLAT (Nolter)",minorista,,sí,Medicamentos
Cilostazol 50 mg comprimidos,comprimido,644.0447,2026-09-25,"PAMI, precio de venta al público: ZOLPLAT (Nolter)",minorista,,sí,Medicamentos
Diosmina+hesperidina micronizada 1000 mg comprimidos,comprimido,2153.7283,2026-09-25,"PAMI, precio de venta al público: VEDIPAL (Nolter)",minorista,,sí,Medicamentos
Diosmina+hesperidina micronizada 500 mg comprimidos,comprimido,1182.6623,2026-09-25,"PAMI, precio de venta al público: VEDIPAL (Nolter)",minorista,,sí,Medicamentos
Diosmina+hesperidina micronizada 500 mg comprimidos,comprimido,1077.8652,2026-09-25,"PAMI, precio de venta al público: VEDIPAL (Nolter)",minorista,,sí,Medicamentos
Empagliflozina 10 mg comprimidos,comprimido,3205.0263,2026-09-25,"PAMI, precio de venta al público: EMADIAN (Nolter)",minorista,,sí,Medicamentos
Empagliflozina 25 mg comprimidos,comprimido,3444.7977,2026-09-25,"PAMI, precio de venta al público: EMADIAN (Nolter)",minorista,,sí,Medicamentos
Olmesartán 20 mg comprimidos,comprimido,1133.9490,2026-09-25,"PAMI, precio de venta al público: OLTUX (Nolter)",minorista,,sí,Medicamentos
Olmesartán 40 mg comprimidos,comprimido,1471.0897,2026-09-25,"PAMI, precio de venta al público: OLTUX (Nolter)",minorista,,sí,Medicamentos
Rosuvastatina 10 mg comprimidos,comprimido,953.0310,2026-09-25,"PAMI, precio de venta al público: ROSUFEN (Nolter)",minorista,,sí,Medicamentos
Rosuvastatina 20 mg comprimidos,comprimido,1756.0203,2026-09-25,"PAMI, precio de venta al público: ROSUFEN (Nolter)",minorista,,sí,Medicamentos
Rosuvastatina 40 mg comprimidos,comprimido,2739.4590,2026-09-25,"PAMI, precio de venta al público: ROSUFEN (Nolter)",minorista,,sí,Medicamentos
Rosuvastatina 5 mg comprimidos,comprimido,636.3517,2026-09-25,"PAMI, precio de venta al público: ROSUFEN (Nolter)",minorista,,sí,Medicamentos
Rosuvastatina+ezetimibe 10/10 mg comprimidos,comprimido,1231.5493,2026-09-25,"PAMI, precio de venta al público: ROSUFEN DUO (Nolter)",minorista,,sí,Medicamentos
Rosuvastatina+ezetimibe 20/10 mg comprimidos,comprimido,2171.5723,2026-09-25,"PAMI, precio de venta al público: ROSUFEN DUO (Nolter)",minorista,,sí,Medicamentos
Rosuvastatina+ezetimibe 5/10 mg comprimidos,comprimido,1128.6430,2026-09-25,"PAMI, precio de venta al público: ROSUFEN DUO (Nolter)",minorista,,sí,Medicamentos
Sitagliptina 100 mg comprimidos,comprimido,3472.4623,2026-09-25,"PAMI, precio de venta al público: JALZER (Nolter)",minorista,,sí,Medicamentos
Sitagliptina 50 mg comprimidos,comprimido,3237.6043,2026-09-25,"PAMI, precio de venta al público: JALZER (Nolter)",minorista,,sí,Medicamentos
"Sitagliptina+metformina,clorh. 50/1000 mg comprimidos",comprimido,1858.4897,2026-09-25,"PAMI, precio de venta al público: JALZERMET (Nolter)",minorista,,sí,Medicamentos
"Sitagliptina+metformina,clorh. 50/1000 mg comprimidos",comprimido,2442.1585,2026-09-25,"PAMI, precio de venta al público: JALZERMET (Nolter)",minorista,,sí,Medicamentos
"Sitagliptina+metformina,clorh. 50/850 mg comprimidos",comprimido,1655.2397,2026-09-25,"PAMI, precio de venta al público: JALZERMET (Nolter)",minorista,,sí,Medicamentos
"Sitagliptina+metformina,clorh. 50/850 mg comprimidos",comprimido,2273.5812,2026-09-25,"PAMI, precio de venta al público: JALZERMET (Nolter)",minorista,,sí,Medicamentos
Amoxicilina+ambroxol 500 mg comprimidos,comprimido,34.3062,2026-09-25,"PAMI, precio de venta al público: GRINSIL RESPIRATORIO NF (Nova Argentia)",minorista,,sí,Medicamentos
Prasugrel 10 mg comprimidos,comprimido,19.5627,2026-09-25,"PAMI, precio de venta al público: TROCAL (Nova Argentia)",minorista,,sí,Medicamentos
Aliskiren 150 mg comprimidos,comprimido,31.8529,2026-09-25,"PAMI, precio de venta al público: RASILEZ (Novartis)",minorista,,sí,Medicamentos
Aliskiren 300 mg comprimidos,comprimido,31.8529,2026-09-25,"PAMI, precio de venta al público: RASILEZ (Novartis)",minorista,,sí,Medicamentos
Baclofeno 0.05 mg/1 ml ampollas,ampolla,18176.8860,2026-09-25,"PAMI, precio de venta al público: LIORESAL INTRATECAL (Novartis)",minorista,,sí,Medicamentos
Baclofeno 10 mg/20 ml ampollas,ampolla,243332.6400,2026-09-25,"PAMI, precio de venta al público: LIORESAL INTRATECAL (Novartis)",minorista,,sí,Medicamentos
Baclofeno 10 mg/5 ml ampollas,ampolla,243332.6400,2026-09-25,"PAMI, precio de venta al público: LIORESAL INTRATECAL (Novartis)",minorista,,sí,Medicamentos
Brinzolamida 1% suspensión oftálmica,1 ml,7121.4760,2026-09-25,"PAMI, precio de venta al público: AZOPT (Novartis)",minorista,,sí,Medicamentos
Calcitonina 100 ui ampollas,ampolla,243.4760,2026-09-25,"PAMI, precio de venta al público: CALCITONINA SANDOZ (Novartis)",minorista,,sí,Medicamentos
Calcitonina 50 ui ampollas,ampolla,108.1280,2026-09-25,"PAMI, precio de venta al público: CALCITONINA SANDOZ MINOR (Novartis)",minorista,,sí,Medicamentos
Carbamazepina 200 mg comprimidos,comprimido,664.7888,2026-09-25,"PAMI, precio de venta al público: TEGRETOL (Novartis)",minorista,,sí,Medicamentos
Carbamazepina 400 mg comprimidos,comprimido,1872.3857,2026-09-25,"PAMI, precio de venta al público: TEGRETOL 400 LC (Novartis)",minorista,,sí,Medicamentos
Carbamazepina 400 mg comprimidos,comprimido,1575.3442,2026-09-25,"PAMI, precio de venta al público: TEGRETOL 400 LC (Novartis)",minorista,,sí,Medicamentos
Fluvastatina 80 mg comprimidos,comprimido,72.9582,2026-09-25,"PAMI, precio de venta al público: LESCOL XL (Novartis)",minorista,,sí,Medicamentos
Indacaterol 150 mcg cápsulas,cápsula,3196.0597,2026-09-25,"PAMI, precio de venta al público: ONBRIZE BREEZHALER (Novartis)",minorista,,sí,Medicamentos
Indacaterol 300 mcg cápsulas,cápsula,3377.5783,2026-09-25,"PAMI, precio de venta al público: ONBRIZE BREEZHALER (Novartis)",minorista,,sí,Medicamentos
Metilfenidato 10 mg cápsulas,cápsula,2858.2210,2026-09-25,"PAMI, precio de venta al público: RITALINA LA (Novartis)",minorista,,sí,Medicamentos
Metilfenidato 20 mg cápsulas,cápsula,2967.7550,2026-09-25,"PAMI, precio de venta al público: RITALINA LA (Novartis)",minorista,,sí,Medicamentos
Metilfenidato 30 mg cápsulas,cápsula,3328.6220,2026-09-25,"PAMI, precio de venta al público: RITALINA LA (Novartis)",minorista,,sí,Medicamentos
Metilfenidato 40 mg cápsulas,cápsula,3328.6220,2026-09-25,"PAMI, precio de venta al público: RITALINA LA (Novartis)",minorista,,sí,Medicamentos
Moxifloxacina 0.5% colirio,1 ml,9396.2860,2026-09-25,"PAMI, precio de venta al público: VIGAMOX (Novartis)",minorista,,sí,Medicamentos
Oxcarbazepina 300 mg comprimidos,comprimido,2386.6220,2026-09-25,"PAMI, precio de venta al público: TRILEPTAL (Novartis)",minorista,,sí,Medicamentos
Oxcarbazepina 300 mg comprimidos,comprimido,2134.7182,2026-09-25,"PAMI, precio de venta al público: TRILEPTAL (Novartis)",minorista,,sí,Medicamentos
Oxcarbazepina 600 mg comprimidos,comprimido,4594.1790,2026-09-25,"PAMI, precio de venta al público: TRILEPTAL (Novartis)",minorista,,sí,Medicamentos
Oxcarbazepina 600 mg comprimidos,comprimido,3912.3580,2026-09-25,"PAMI, precio de venta al público: TRILEPTAL (Novartis)",minorista,,sí,Medicamentos
Pilocarpina 2% colirio,1 ml,694.0807,2026-09-25,"PAMI, precio de venta al público: ISOPTO CARPINA (Novartis)",minorista,,sí,Medicamentos
Terbinafina 250 mg comprimidos,comprimido,961.1018,2026-09-25,"PAMI, precio de venta al público: LAMISIL (Novartis)",minorista,,sí,Medicamentos
"Timolol,maleato 0.50% colirio",1 ml,3469.0360,2026-09-25,"PAMI, precio de venta al público: PLOSTIM (Novartis)",minorista,,sí,Medicamentos
Acetilcisteína 600 mg comprimidos efervescentes,comprimido,543.9620,2026-09-25,"PAMI, precio de venta al público: ACC EXPECTORANTE (Novartis-Sandoz)",minorista,,sí,Medicamentos
Acetilcisteína 600 mg comprimidos efervescentes,comprimido,442.4400,2026-09-25,"PAMI, precio de venta al público: ACC EXPECTORANTE (Novartis-Sandoz)",minorista,,sí,Medicamentos
Fentanilo 25 mcg/h parches,parche,1071.4900,2026-09-25,"PAMI, precio de venta al público: TALNUR (Novartis-Sandoz)",minorista,,sí,Medicamentos
Fentanilo 50 mcg/h parches,parche,1598.5720,2026-09-25,"PAMI, precio de venta al público: TALNUR (Novartis-Sandoz)",minorista,,sí,Medicamentos
Fentanilo 75 mcg/h parches,parche,2366.0140,2026-09-25,"PAMI, precio de venta al público: TALNUR (Novartis-Sandoz)",minorista,,sí,Medicamentos
Tamsulosina 0.4 mg cápsulas,cápsula,251.3653,2026-09-25,"PAMI, precio de venta al público: TAMSUNA (Novartis-Sandoz)",minorista,,sí,Medicamentos
Acetazolamida 250 mg comprimidos,comprimido,811.4060,2026-09-25,"PAMI, precio de venta al público: ACETA (Novoplos)",minorista,,sí,Medicamentos
"Benzoílo,peróxido 10% gel",1 g,357.1955,2026-09-25,"PAMI, precio de venta al público: ECNAGEL P.B. (Novoplos)",minorista,,sí,Medicamentos
"Sodio,cloruro 0.9% colirio",1 ml,622.4440,2026-09-25,"PAMI, precio de venta al público: NACLOR (Novoplos)",minorista,,sí,Medicamentos
"Sodio,cloruro 5% colirio",1 ml,1008.5940,2026-09-25,"PAMI, precio de venta al público: NACLOR (Novoplos)",minorista,,sí,Medicamentos
Fluconazol 150 mg comprimidos,comprimido,1378.9200,2026-09-25,"PAMI, precio de venta al público: FEMIXOL (Omega)",minorista,,sí,Medicamentos
Fluconazol 150 mg comprimidos,comprimido,1292.2850,2026-09-25,"PAMI, precio de venta al público: FEMIXOL (Omega)",minorista,,sí,Medicamentos
Ibuprofeno 400 mg comprimidos,comprimido,66.9310,2026-09-25,"PAMI, precio de venta al público: DOLORSYN 400 (Omega)",minorista,,sí,Medicamentos
Ibuprofeno 400 mg comprimidos,comprimido,35.2770,2026-09-25,"PAMI, precio de venta al público: DOLORSYN 400 (Omega)",minorista,,sí,Medicamentos
Nistatina 100000 ui comprimidos,comprimido,135.3342,2026-09-25,"PAMI, precio de venta al público: DIPNI (Omega)",minorista,,sí,Medicamentos
Nistatina 100000 ui comprimidos,comprimido,192.0517,2026-09-25,"PAMI, precio de venta al público: DIPNI (Omega)",minorista,,sí,Medicamentos
Nistatina 500000 ui comprimidos,comprimido,108.1783,2026-09-25,"PAMI, precio de venta al público: DIPNI (Omega)",minorista,,sí,Medicamentos
Nistatina 500000 ui comprimidos,comprimido,117.2647,2026-09-25,"PAMI, precio de venta al público: DIPNI (Omega)",minorista,,sí,Medicamentos
Naproxeno 500 mg comprimidos,comprimido,1690.0000,2026-09-25,"PAMI, precio de venta al público: ALGINOPROX (Omicron)",minorista,,sí,Medicamentos
Tamsulosina 0.4 mg cápsulas de liberación prolongada,cápsula,52.8770,2026-09-25,"PAMI, precio de venta al público: TOLOXANE (Omicron)",minorista,,sí,Medicamentos
Desloratadina 5 mg comprimidos,comprimido,4137.0080,2026-09-25,"PAMI, precio de venta al público: AERIUS (Organon Arg.)",minorista,,sí,Medicamentos
Desloratadina 5 mg comprimidos,comprimido,3399.5423,2026-09-25,"PAMI, precio de venta al público: AERIUS (Organon Arg.)",minorista,,sí,Medicamentos
Enalapril 10 mg comprimidos,comprimido,414.1057,2026-09-25,"PAMI, precio de venta al público: RENITEC (Organon Arg.)",minorista,,sí,Medicamentos
Enalapril 10 mg comprimidos,comprimido,414.0737,2026-09-25,"PAMI, precio de venta al público: RENITEC (Organon Arg.)",minorista,,sí,Medicamentos
Enalapril 20 mg comprimidos,comprimido,538.4213,2026-09-25,"PAMI, precio de venta al público: RENITEC (Organon Arg.)",minorista,,sí,Medicamentos
Enalapril 20 mg comprimidos,comprimido,538.4050,2026-09-25,"PAMI, precio de venta al público: RENITEC (Organon Arg.)",minorista,,sí,Medicamentos
Enalapril 5 mg comprimidos,comprimido,226.0960,2026-09-25,"PAMI, precio de venta al público: RENITEC (Organon Arg.)",minorista,,sí,Medicamentos
Enalapril+hidroclorotiazida 10/25 mg comprimidos,comprimido,686.6385,2026-09-25,"PAMI, precio de venta al público: CO-RENITEC (Organon Arg.)",minorista,,sí,Medicamentos
Enalapril+hidroclorotiazida 10/25 mg comprimidos,comprimido,686.6078,2026-09-25,"PAMI, precio de venta al público: CO-RENITEC (Organon Arg.)",minorista,,sí,Medicamentos
Enalapril+hidroclorotiazida 20/12.5 mg comprimidos,comprimido,820.3143,2026-09-25,"PAMI, precio de venta al público: CO-RENITEC (Organon Arg.)",minorista,,sí,Medicamentos
Etoricoxib 120 mg comprimidos,comprimido,4265.7214,2026-09-25,"PAMI, precio de venta al público: ARCOXIA (Organon Arg.)",minorista,,sí,Medicamentos
Etoricoxib 60 mg comprimidos,comprimido,2202.4164,2026-09-25,"PAMI, precio de venta al público: ARCOXIA (Organon Arg.)",minorista,,sí,Medicamentos
Etoricoxib 90 mg comprimidos,comprimido,2875.4050,2026-09-25,"PAMI, precio de venta al público: ARCOXIA (Organon Arg.)",minorista,,sí,Medicamentos
Etoricoxib 90 mg comprimidos,comprimido,2728.3164,2026-09-25,"PAMI, precio de venta al público: ARCOXIA (Organon Arg.)",minorista,,sí,Medicamentos
Ezetimibe 10 mg comprimidos,comprimido,881.7025,2026-09-25,"PAMI, precio de venta al público: ZETIA (Organon Arg.)",minorista,,sí,Medicamentos
Ezetimibe 10 mg comprimidos,comprimido,786.9223,2026-09-25,"PAMI, precio de venta al público: EZETROL (Organon Arg.)",minorista,,sí,Medicamentos
Ezetimibe+simvastatin 10/10 mg comprimidos,comprimido,1538.1033,2026-09-25,"PAMI, precio de venta al público: VYTORIN (Organon Arg.)",minorista,,sí,Medicamentos
Ezetimibe+simvastatin 10/20 mg comprimidos,comprimido,1538.1033,2026-09-25,"PAMI, precio de venta al público: VYTORIN (Organon Arg.)",minorista,,sí,Medicamentos
Ezetimibe+simvastatin 10/40 mg comprimidos,comprimido,1901.4993,2026-09-25,"PAMI, precio de venta al público: VYTORIN (Organon Arg.)",minorista,,sí,Medicamentos
Felbamato 600 mg comprimidos,comprimido,2704.5330,2026-09-25,"PAMI, precio de venta al público: FELBAMYL (Organon Arg.)",minorista,,sí,Medicamentos
Felbamato 600 mg/5 ml suspensión oral,1 ml,544.1631,2026-09-25,"PAMI, precio de venta al público: FELBAMYL (Organon Arg.)",minorista,,sí,Medicamentos
Finasteride 1 mg comprimidos,comprimido,2534.6760,2026-09-25,"PAMI, precio de venta al público: PROPECIA (Organon Arg.)",minorista,,sí,Medicamentos
Losartán 100 mg comprimidos,comprimido,2048.4857,2026-09-25,"PAMI, precio de venta al público: COZAAREX (Organon Arg.)",minorista,,sí,Medicamentos
Losartán 50 mg comprimidos,comprimido,1271.3093,2026-09-25,"PAMI, precio de venta al público: COZAAREX (Organon Arg.)",minorista,,sí,Medicamentos
Losartán+hidroclorotiazida 100/12.5 mg comprimidos,comprimido,1784.4717,2026-09-25,"PAMI, precio de venta al público: COZAAREX D (Organon Arg.)",minorista,,sí,Medicamentos
Losartán+hidroclorotiazida 100/25 mg comprimidos,comprimido,1557.0427,2026-09-25,"PAMI, precio de venta al público: COZAAREX D (Organon Arg.)",minorista,,sí,Medicamentos
Losartán+hidroclorotiazida 50/12.5 mg comprimidos,comprimido,1426.6763,2026-09-25,"PAMI, precio de venta al público: COZAAREX D (Organon Arg.)",minorista,,sí,Medicamentos
Mianserina 30 mg comprimidos,comprimido,889.5400,2026-09-25,"PAMI, precio de venta al público: LERIVON (Organon Arg.)",minorista,,sí,Medicamentos
Mirtazapina 30 mg comprimidos,comprimido,2133.8430,2026-09-25,"PAMI, precio de venta al público: REMERON (Organon Arg.)",minorista,,sí,Medicamentos
Montelukast 10 mg comprimidos,comprimido,2369.1780,2026-09-25,"PAMI, precio de venta al público: SINGULAIR (Organon Arg.)",minorista,,sí,Medicamentos
Simvastatin 10 mg comprimidos,comprimido,1000.2137,2026-09-25,"PAMI, precio de venta al público: ZOCOR (Organon Arg.)",minorista,,sí,Medicamentos
Simvastatin 20 mg comprimidos,comprimido,1479.7060,2026-09-25,"PAMI, precio de venta al público: ZOCOR (Organon Arg.)",minorista,,sí,Medicamentos
Simvastatin 40 mg comprimidos,comprimido,1770.0800,2026-09-25,"PAMI, precio de venta al público: ZOCOR (Organon Arg.)",minorista,,sí,Medicamentos
Clobetasol 0.05% crema,1 g,1108.5720,2026-09-25,"PAMI, precio de venta al público: RIBATRA (Panalab)",minorista,,sí,Medicamentos
Clobetasol 0.05% ungüento,1 g,1108.5720,2026-09-25,"PAMI, precio de venta al público: RIBATRA (Panalab)",minorista,,sí,Medicamentos
Espironolactona 100 mg comprimidos,comprimido,742.8217,2026-09-25,"PAMI, precio de venta al público: MODULACTONE 100 (Panalab)",minorista,,sí,Medicamentos
Espironolactona 25 mg comprimidos,comprimido,476.8727,2026-09-25,"PAMI, precio de venta al público: MODULACTONE 25 (Panalab)",minorista,,sí,Medicamentos
Finasteride 5 mg comprimidos,comprimido,1809.9389,2026-09-25,"PAMI, precio de venta al público: HPB PANALAB (Panalab)",minorista,,sí,Medicamentos
Finasteride 5 mg comprimidos,comprimido,1632.0163,2026-09-25,"PAMI, precio de venta al público: HPB PANALAB (Panalab)",minorista,,sí,Medicamentos
Finasteride 5 mg comprimidos,comprimido,21.1039,2026-09-25,"PAMI, precio de venta al público: HPB PANALAB (Panalab)",minorista,,sí,Medicamentos
Fluconazol 150 mg comprimidos,comprimido,3518.0000,2026-09-25,"PAMI, precio de venta al público: PONARIS (Panalab)",minorista,,sí,Medicamentos
Fluconazol 150 mg comprimidos,comprimido,6461.1050,2026-09-25,"PAMI, precio de venta al público: PONARIS (Panalab)",minorista,,sí,Medicamentos
Fluconazol 150 mg comprimidos,comprimido,5859.4663,2026-09-25,"PAMI, precio de venta al público: PONARIS (Panalab)",minorista,,sí,Medicamentos
Imiquimod 5% crema,1 g,2780.0000,2026-09-25,"PAMI, precio de venta al público: IMIMORE (Panalab)",minorista,,sí,Medicamentos
Imiquimod 5% crema,1 g,3812.0000,2026-09-25,"PAMI, precio de venta al público: IMIMORE (Panalab)",minorista,,sí,Medicamentos
Imiquimod 5% crema,1 g,2784.0000,2026-09-25,"PAMI, precio de venta al público: IMIMORE (Panalab)",minorista,,sí,Medicamentos
Imiquimod 5% crema,1 g,10685.3467,2026-09-25,"PAMI, precio de venta al público: IMIMORE (Panalab)",minorista,,sí,Medicamentos
Imiquimod 5% crema,1 g,7427.7667,2026-09-25,"PAMI, precio de venta al público: IMIMORE (Panalab)",minorista,,sí,Medicamentos
Levofloxacina 500 mg comprimidos,comprimido,124.0000,2026-09-25,"PAMI, precio de venta al público: ULTRAQUIN (Panalab)",minorista,,sí,Medicamentos
Levofloxacina 500 mg comprimidos,comprimido,146.4286,2026-09-25,"PAMI, precio de venta al público: ULTRAQUIN (Panalab)",minorista,,sí,Medicamentos
Levofloxacina 750 mg comprimidos,comprimido,228.2000,2026-09-25,"PAMI, precio de venta al público: ULTRAQUIN (Panalab)",minorista,,sí,Medicamentos
Metronidazol 1% crema,1 g,656.6170,2026-09-25,"PAMI, precio de venta al público: REPLIGEN (Panalab)",minorista,,sí,Medicamentos
Metronidazol 1% crema,1 g,565.7425,2026-09-25,"PAMI, precio de venta al público: REPLIGEN (Panalab)",minorista,,sí,Medicamentos
Rupatadina 10 mg comprimidos,comprimido,2867.6870,2026-09-25,"PAMI, precio de venta al público: RUPALER (Panalab)",minorista,,sí,Medicamentos
Rupatadina 10 mg comprimidos,comprimido,2192.3073,2026-09-25,"PAMI, precio de venta al público: RUPALER (Panalab)",minorista,,sí,Medicamentos
Serenoa repens 320 mg cápsulas,cápsula,2396.4982,2026-09-25,"PAMI, precio de venta al público: SERECUR (Panalab)",minorista,,sí,Medicamentos
Serenoa repens 320 mg cápsulas,cápsula,2074.2243,2026-09-25,"PAMI, precio de venta al público: SERECUR (Panalab)",minorista,,sí,Medicamentos
Tadalafilo 20 mg comprimidos,comprimido,8641.8150,2026-09-25,"PAMI, precio de venta al público: MOMENTUM (Panalab)",minorista,,sí,Medicamentos
Tadalafilo 20 mg comprimidos,comprimido,8378.5175,2026-09-25,"PAMI, precio de venta al público: MOMENTUM (Panalab)",minorista,,sí,Medicamentos
Tadalafilo 20 mg comprimidos,comprimido,8308.1863,2026-09-25,"PAMI, precio de venta al público: MOMENTUM (Panalab)",minorista,,sí,Medicamentos
Tadalafilo 5 mg comprimidos,comprimido,131.4667,2026-09-25,"PAMI, precio de venta al público: MOMENTUM (Panalab)",minorista,,sí,Medicamentos
Terazosina 2 mg comprimidos,comprimido,5.8837,2026-09-25,"PAMI, precio de venta al público: PANAPROST (Panalab)",minorista,,sí,Medicamentos
Terazosina 5 mg comprimidos,comprimido,614.6123,2026-09-25,"PAMI, precio de venta al público: PANAPROST (Panalab)",minorista,,sí,Medicamentos
Terbinafina 1% crema,1 g,434.3163,2026-09-25,"PAMI, precio de venta al público: TEREKOL (Panalab)",minorista,,sí,Medicamentos
Terbinafina 250 mg comprimidos,comprimido,1503.9179,2026-09-25,"PAMI, precio de venta al público: TEREKOL (Panalab)",minorista,,sí,Medicamentos
Terbinafina 250 mg comprimidos,comprimido,1456.5600,2026-09-25,"PAMI, precio de venta al público: TEREKOL (Panalab)",minorista,,sí,Medicamentos
Tibolona 2.5 mg comprimidos,comprimido,15.2000,2026-09-25,"PAMI, precio de venta al público: TIBOCLIM (Panalab)",minorista,,sí,Medicamentos
Tolterodina 4 mg cápsulas de liberación prolongada,cápsula,24.4983,2026-09-25,"PAMI, precio de venta al público: URGINOL SR (Panalab)",minorista,,sí,Medicamentos
Tolterodina 4 mg cápsulas de liberación prolongada,cápsula,29.1482,2026-09-25,"PAMI, precio de venta al público: URGINOL SR (Panalab)",minorista,,sí,Medicamentos
Valaciclovir 1 g comprimidos,comprimido,7639.0605,2026-09-25,"PAMI, precio de venta al público: VIRAMIXAL (Panalab)",minorista,,sí,Medicamentos
Valaciclovir 500 mg comprimidos,comprimido,5630.2190,2026-09-25,"PAMI, precio de venta al público: VIRAMIXAL (Panalab)",minorista,,sí,Medicamentos
Valaciclovir 500 mg comprimidos,comprimido,3592.7890,2026-09-25,"PAMI, precio de venta al público: VIRAMIXAL (Panalab)",minorista,,sí,Medicamentos
Aniracetam 750 mg comprimidos,comprimido,22.2503,2026-09-25,"PAMI, precio de venta al público: PERGAMID (Pfizer)",minorista,,sí,Medicamentos
Aniracetam 750 mg comprimidos,comprimido,129.9433,2026-09-25,"PAMI, precio de venta al público: PERGAMID (Pfizer)",minorista,,sí,Medicamentos
Azitromicina 500 mg comprimidos,comprimido,4452.7067,2026-09-25,"PAMI, precio de venta al público: ZITROMAX (Pfizer)",minorista,,sí,Medicamentos
Azitromicina 600 mg suspensión oral,1 ml,1241.9440,2026-09-25,"PAMI, precio de venta al público: ZITROMAX (Pfizer)",minorista,,sí,Medicamentos
Cabergolina 0.5 mg comprimidos,comprimido,7529.6750,2026-09-25,"PAMI, precio de venta al público: DOSTINEX (Pfizer)",minorista,,sí,Medicamentos
Cabergolina 0.5 mg comprimidos,comprimido,6851.4625,2026-09-25,"PAMI, precio de venta al público: DOSTINEX (Pfizer)",minorista,,sí,Medicamentos
Cabergolina 1 mg comprimidos,comprimido,2127.6520,2026-09-25,"PAMI, precio de venta al público: CABASER (Pfizer)",minorista,,sí,Medicamentos
Cabergolina 2 mg comprimidos,comprimido,119.2067,2026-09-25,"PAMI, precio de venta al público: CABASER (Pfizer)",minorista,,sí,Medicamentos
Clindamicina 300 mg cápsulas,cápsula,1335.9606,2026-09-25,"PAMI, precio de venta al público: DALACIN C 300 (Pfizer)",minorista,,sí,Medicamentos
Clorpropamida 250 mg comprimidos,comprimido,55.2754,2026-09-25,"PAMI, precio de venta al público: DIABINESE (Pfizer)",minorista,,sí,Medicamentos
Desvenlafaxina 100mg comprimidos de liberación prolongada,comprimido,2394.3867,2026-09-25,"PAMI, precio de venta al público: PRISTIQ (Pfizer)",minorista,,sí,Medicamentos
Desvenlafaxina 50 mg comprimidos de liberación prolongada,comprimido,1407.9210,2026-09-25,"PAMI, precio de venta al público: PRISTIQ (Pfizer)",minorista,,sí,Medicamentos
Desvenlafaxina 50 mg comprimidos de liberación prolongada,comprimido,1407.8078,2026-09-25,"PAMI, precio de venta al público: PRISTIQ (Pfizer)",minorista,,sí,Medicamentos
Doxiciclina 100 mg comprimidos,comprimido,1316.0763,2026-09-25,"PAMI, precio de venta al público: VIBRAMICINA (Pfizer)",minorista,,sí,Medicamentos
Doxiciclina 100 mg comprimidos,comprimido,1301.7940,2026-09-25,"PAMI, precio de venta al público: VIBRAMICINA (Pfizer)",minorista,,sí,Medicamentos
Doxiciclina 50 mg cápsulas,cápsula,56.5670,2026-09-25,"PAMI, precio de venta al público: VIBRAMICINA 50 (Pfizer)",minorista,,sí,Medicamentos
Enalapril 10 mg comprimidos,comprimido,26.1080,2026-09-25,"PAMI, precio de venta al público: ARTERIOPRIL (Pfizer)",minorista,,sí,Medicamentos
Enalapril 5 mg comprimidos,comprimido,14.6570,2026-09-25,"PAMI, precio de venta al público: ARTERIOPRIL (Pfizer)",minorista,,sí,Medicamentos
Espironolactona 100 mg comprimidos,comprimido,1024.1487,2026-09-25,"PAMI, precio de venta al público: ALDACTONE A (Pfizer)",minorista,,sí,Medicamentos
Espironolactona 100 mg comprimidos,comprimido,154.6340,2026-09-25,"PAMI, precio de venta al público: ALDACTONE A (Pfizer)",minorista,,sí,Medicamentos
Espironolactona 25 mg comprimidos,comprimido,928.6300,2026-09-25,"PAMI, precio de venta al público: ALDACTONE A (Pfizer)",minorista,,sí,Medicamentos
Espironolactona 25 mg comprimidos,comprimido,928.6373,2026-09-25,"PAMI, precio de venta al público: ALDACTONE A (Pfizer)",minorista,,sí,Medicamentos
Espironolactona 25 mg comprimidos,comprimido,571.1335,2026-09-25,"PAMI, precio de venta al público: ALDACTONE A (Pfizer)",minorista,,sí,Medicamentos
Espironolactona 50 mg comprimidos,comprimido,1254.6533,2026-09-25,"PAMI, precio de venta al público: ALDACTONE A (Pfizer)",minorista,,sí,Medicamentos
Estradiol 2 mg comprimidos,comprimido,484.6868,2026-09-25,"PAMI, precio de venta al público: RONFASE (Pfizer)",minorista,,sí,Medicamentos
Estrógenos conjugados nat. 0.3 mg comprimidos,comprimido,23.6946,2026-09-25,"PAMI, precio de venta al público: PREMARIN CD (Pfizer)",minorista,,sí,Medicamentos
Estrógenos conjugados nat. 0.625 mg comprimidos,comprimido,147.9904,2026-09-25,"PAMI, precio de venta al público: PREMARIN CD (Pfizer)",minorista,,sí,Medicamentos
Fluconazol 100 mg cápsulas,cápsula,102.2686,2026-09-25,"PAMI, precio de venta al público: TRIFLUCAN (Pfizer)",minorista,,sí,Medicamentos
Fluconazol 150 mg cápsulas,cápsula,206.8025,2026-09-25,"PAMI, precio de venta al público: TRIFLUCAN (Pfizer)",minorista,,sí,Medicamentos
Fluconazol 200 mg cápsulas,cápsula,198.3200,2026-09-25,"PAMI, precio de venta al público: TRIFLUCAN (Pfizer)",minorista,,sí,Medicamentos
Gabapentin 100 mg cápsulas,cápsula,25.0190,2026-09-25,"PAMI, precio de venta al público: NEURONTIN (Pfizer)",minorista,,sí,Medicamentos
Gemfibrozil 900 mg comprimidos,comprimido,184.1947,2026-09-25,"PAMI, precio de venta al público: LOPID UD (Pfizer)",minorista,,sí,Medicamentos
Gemfibrozil 900 mg comprimidos,comprimido,1307.9823,2026-09-25,"PAMI, precio de venta al público: LOPID UD (Pfizer)",minorista,,sí,Medicamentos
Glipizida 5 mg comprimidos,comprimido,108.6273,2026-09-25,"PAMI, precio de venta al público: MINODIAB (Pfizer)",minorista,,sí,Medicamentos
Glipizida 5 mg comprimidos,comprimido,27.1302,2026-09-25,"PAMI, precio de venta al público: MINODIAB (Pfizer)",minorista,,sí,Medicamentos
Ibuprofeno+clorzoxazona 400 mg comprimidos,comprimido,1292.4140,2026-09-25,"PAMI, precio de venta al público: IBUPIRAC FLEX (Pfizer)",minorista,,sí,Medicamentos
Ibuprofeno+clorzoxazona 400 mg comprimidos,comprimido,1164.4775,2026-09-25,"PAMI, precio de venta al público: IBUPIRAC FLEX (Pfizer)",minorista,,sí,Medicamentos
Ibuprofeno+clorzoxazona 400 mg cápsulas,cápsula,1339.1870,2026-09-25,"PAMI, precio de venta al público: IBUPIRAC FLEX CAPSULAS BLANDAS (Pfizer)",minorista,,sí,Medicamentos
Ibuprofeno+clorzoxazona 400 mg cápsulas,cápsula,1201.1970,2026-09-25,"PAMI, precio de venta al público: IBUPIRAC FLEX CAPSULAS BLANDAS (Pfizer)",minorista,,sí,Medicamentos
"Isosorbide,dinitrato 5 mg comprimidos",comprimido,26.6316,2026-09-25,"PAMI, precio de venta al público: ISORDIL (Pfizer)",minorista,,sí,Medicamentos
"Isosorbide,dinitrato 5 mg comprimidos",comprimido,20.1760,2026-09-25,"PAMI, precio de venta al público: ISORDIL (Pfizer)",minorista,,sí,Medicamentos
Ketorolac 10 mg comprimidos sublinguales,comprimido,1433.1470,2026-09-25,"PAMI, precio de venta al público: DOLTEN SL (Pfizer)",minorista,,sí,Medicamentos
Ketorolac 10 mg comprimidos,comprimido,1060.9710,2026-09-25,"PAMI, precio de venta al público: DOLTEN (Pfizer)",minorista,,sí,Medicamentos
Ketorolac 10 mg comprimidos,comprimido,801.2000,2026-09-25,"PAMI, precio de venta al público: DOLTEN (Pfizer)",minorista,,sí,Medicamentos
Ketorolac 20 mg comprimidos,comprimido,1474.6110,2026-09-25,"PAMI, precio de venta al público: DOLTEN (Pfizer)",minorista,,sí,Medicamentos
Ketorolac 20 mg comprimidos,comprimido,1229.5410,2026-09-25,"PAMI, precio de venta al público: DOLTEN (Pfizer)",minorista,,sí,Medicamentos
Levodopa+carbidopa 100/25 comprimidos,comprimido,518.3657,2026-09-25,"PAMI, precio de venta al público: LEBOCAR (Pfizer)",minorista,,sí,Medicamentos
Levodopa+carbidopa 100/25 comprimidos,comprimido,435.9550,2026-09-25,"PAMI, precio de venta al público: LEBOCAR (Pfizer)",minorista,,sí,Medicamentos
Levodopa+carbidopa 250/25 comprimidos,comprimido,716.4567,2026-09-25,"PAMI, precio de venta al público: LEBOCAR (Pfizer)",minorista,,sí,Medicamentos
Levodopa+carbidopa 250/25 comprimidos,comprimido,647.9155,2026-09-25,"PAMI, precio de venta al público: LEBOCAR (Pfizer)",minorista,,sí,Medicamentos
Lorazepam 1 mg comprimidos,comprimido,319.6960,2026-09-25,"PAMI, precio de venta al público: TRAPAX SUBLINGUAL (Pfizer)",minorista,,sí,Medicamentos
Lorazepam 1 mg comprimidos,comprimido,166.5863,2026-09-25,"PAMI, precio de venta al público: TRAPAX (Pfizer)",minorista,,sí,Medicamentos
Lorazepam 1 mg comprimidos,comprimido,172.9982,2026-09-25,"PAMI, precio de venta al público: TRAPAX (Pfizer)",minorista,,sí,Medicamentos
Lorazepam 1 mg comprimidos,comprimido,160.8800,2026-09-25,"PAMI, precio de venta al público: TRAPAX (Pfizer)",minorista,,sí,Medicamentos
Lorazepam 2.5 mg comprimidos,comprimido,233.9603,2026-09-25,"PAMI, precio de venta al público: TRAPAX (Pfizer)",minorista,,sí,Medicamentos
Lorazepam 2.5 mg comprimidos,comprimido,236.1860,2026-09-25,"PAMI, precio de venta al público: TRAPAX (Pfizer)",minorista,,sí,Medicamentos
Lorazepam 2.5 mg comprimidos,comprimido,240.6640,2026-09-25,"PAMI, precio de venta al público: TRAPAX (Pfizer)",minorista,,sí,Medicamentos
Losartán 100 mg comprimidos,comprimido,98.4627,2026-09-25,"PAMI, precio de venta al público: LOSARTAN PFIZER (Pfizer)",minorista,,sí,Medicamentos
Losartán 50 mg comprimidos,comprimido,76.3550,2026-09-25,"PAMI, precio de venta al público: LOSARTAN PFIZER (Pfizer)",minorista,,sí,Medicamentos
Nicergolina 10 mg comprimidos,comprimido,15.4430,2026-09-25,"PAMI, precio de venta al público: SERMION (Pfizer)",minorista,,sí,Medicamentos
Nicergolina 30 mg comprimidos,comprimido,25.5440,2026-09-25,"PAMI, precio de venta al público: SERMION (Pfizer)",minorista,,sí,Medicamentos
Sulfasalazina 500 mg comprimidos,comprimido,103.9750,2026-09-25,"PAMI, precio de venta al público: AZULFIDINE EN-TABS (Pfizer)",minorista,,sí,Medicamentos
Sultamicilina 375 mg comprimidos,comprimido,145.6494,2026-09-25,"PAMI, precio de venta al público: UNASYNA (Pfizer)",minorista,,sí,Medicamentos
Sultamicilina 375 mg comprimidos,comprimido,153.8475,2026-09-25,"PAMI, precio de venta al público: UNASYNA (Pfizer)",minorista,,sí,Medicamentos
Tinidazol 1 g comprimidos,comprimido,45.1925,2026-09-25,"PAMI, precio de venta al público: FASIGYN (Pfizer)",minorista,,sí,Medicamentos
Tramadol 100 mg comprimidos,comprimido,58.2450,2026-09-25,"PAMI, precio de venta al público: TRAMADOLTEN RETARD (Pfizer)",minorista,,sí,Medicamentos
Tramadol 50 mg comprimidos,comprimido,76.1365,2026-09-25,"PAMI, precio de venta al público: TRAMADOLTEN (Pfizer)",minorista,,sí,Medicamentos
Trihexifenidilo 5 mg comprimidos,comprimido,300.6680,2026-09-25,"PAMI, precio de venta al público: ARTANE (Pfizer)",minorista,,sí,Medicamentos
Trimebutina 200 mg comprimidos,comprimido,64.7305,2026-09-25,"PAMI, precio de venta al público: DEBRIDAT 200 (Pfizer)",minorista,,sí,Medicamentos
Trimebutina 200 mg comprimidos,comprimido,60.5372,2026-09-25,"PAMI, precio de venta al público: DEBRIDAT 200 (Pfizer)",minorista,,sí,Medicamentos
Trimebutina 300 mg comprimidos de liberación prolongada,comprimido,85.2810,2026-09-25,"PAMI, precio de venta al público: DEBRIDAT AP (Pfizer)",minorista,,sí,Medicamentos
"Vareniclina,tartrato 1 mg comprimidos",comprimido,326.8252,2026-09-25,"PAMI, precio de venta al público: CHAMPIX (Pfizer)",minorista,,sí,Medicamentos
Escitalopram 10 mg comprimidos,comprimido,1233.3320,2026-09-25,"PAMI, precio de venta al público: SINDEPRES (PharmaDorf)",minorista,,sí,Medicamentos
Escitalopram 20 mg comprimidos,comprimido,2204.6203,2026-09-25,"PAMI, precio de venta al público: SINDEPRES (PharmaDorf)",minorista,,sí,Medicamentos
"Fólico,ác. 1 mg comprimidos",comprimido,263.5773,2026-09-25,"PAMI, precio de venta al público: FOLINEMIC (PharmaDorf)",minorista,,sí,Medicamentos
"Fólico,ác. 5 mg comprimidos",comprimido,347.5477,2026-09-25,"PAMI, precio de venta al público: FOLINEMIC (PharmaDorf)",minorista,,sí,Medicamentos
"Ibandrónico,ác. 150 mg comprimidos",comprimido,446.5000,2026-09-25,"PAMI, precio de venta al público: ELASTERIN (PharmaDorf)",minorista,,sí,Medicamentos
"Ibandrónico,ác. 150 mg comprimidos",comprimido,333.7167,2026-09-25,"PAMI, precio de venta al público: ELASTERIN (PharmaDorf)",minorista,,sí,Medicamentos
"Ibandrónico,ác. 150 mg comprimidos",comprimido,1367.5500,2026-09-25,"PAMI, precio de venta al público: POSCLIM (PharmaDorf)",minorista,,sí,Medicamentos
"Ibandrónico,ác. 150 mg comprimidos",comprimido,1039.0467,2026-09-25,"PAMI, precio de venta al público: POSCLIM (PharmaDorf)",minorista,,sí,Medicamentos
Latanoprost 50mcg/ml colirio,1 ml,10360.8120,2026-09-25,"PAMI, precio de venta al público: LATANOPROST DORF (PharmaDorf)",minorista,,sí,Medicamentos
Latanoprost 50mcg/ml colirio,1 ml,134.3967,2026-09-25,"PAMI, precio de venta al público: LATANOPROST DORF (PharmaDorf)",minorista,,sí,Medicamentos
Metronidazol 500 mg comprimidos,comprimido,726.7900,2026-09-25,"PAMI, precio de venta al público: FLAGYL (PharmaDorf)",minorista,,sí,Medicamentos
Metronidazol 500 mg óvulos,óvulo,1251.1350,2026-09-25,"PAMI, precio de venta al público: FLAGYL (PharmaDorf)",minorista,,sí,Medicamentos
Naproxeno 500 mg comprimidos,comprimido,1096.4375,2026-09-25,"PAMI, precio de venta al público: MOX 500 (PharmaDorf)",minorista,,sí,Medicamentos
Naproxeno 500 mg comprimidos,comprimido,1012.2062,2026-09-25,"PAMI, precio de venta al público: MOX 500 (PharmaDorf)",minorista,,sí,Medicamentos
Nortriptilina+asoc. 10 mg comprimidos,comprimido,75.6490,2026-09-25,"PAMI, precio de venta al público: KARILE (PharmaDorf)",minorista,,sí,Medicamentos
Nortriptilina+asoc. 20 mg comprimidos,comprimido,1004.7155,2026-09-25,"PAMI, precio de venta al público: KARILE (PharmaDorf)",minorista,,sí,Medicamentos
Nortriptilina+asoc. 40 mg comprimidos,comprimido,1507.5195,2026-09-25,"PAMI, precio de venta al público: KARILE (PharmaDorf)",minorista,,sí,Medicamentos
Nortriptilina+asoc. 40 mg comprimidos,comprimido,1116.2244,2026-09-25,"PAMI, precio de venta al público: KARILE (PharmaDorf)",minorista,,sí,Medicamentos
Ramipril 10 mg comprimidos,comprimido,1711.3770,2026-09-25,"PAMI, precio de venta al público: TRITACE (PharmaDorf)",minorista,,sí,Medicamentos
Ramipril 2.5 mg comprimidos,comprimido,704.4960,2026-09-25,"PAMI, precio de venta al público: TRITACE (PharmaDorf)",minorista,,sí,Medicamentos
Ramipril 2.5 mg comprimidos,comprimido,12.6463,2026-09-25,"PAMI, precio de venta al público: TRITACE (PharmaDorf)",minorista,,sí,Medicamentos
Ramipril 5 mg comprimidos,comprimido,1260.5510,2026-09-25,"PAMI, precio de venta al público: TRITACE (PharmaDorf)",minorista,,sí,Medicamentos
Ramipril+hidroclorotiazida 10 mg comprimidos,comprimido,30.9389,2026-09-25,"PAMI, precio de venta al público: TRITACE 10 HCT (PharmaDorf)",minorista,,sí,Medicamentos
Ramipril+hidroclorotiazida 5 mg comprimidos,comprimido,1427.9537,2026-09-25,"PAMI, precio de venta al público: TRITACE 5 HCT (PharmaDorf)",minorista,,sí,Medicamentos
Sertralina 100 mg comprimidos,comprimido,1012.7437,2026-09-25,"PAMI, precio de venta al público: STRALINA (PharmaDorf)",minorista,,sí,Medicamentos
Sertralina 50 mg comprimidos,comprimido,614.5847,2026-09-25,"PAMI, precio de venta al público: STRALINA (PharmaDorf)",minorista,,sí,Medicamentos
"Timolol,maleato 0.5% colirio",1 ml,2258.5260,2026-09-25,"PAMI, precio de venta al público: TIMOLOL DORF (PharmaDorf)",minorista,,sí,Medicamentos
"Ursodesoxicólico,ác. 150 mg comprimidos",comprimido,889.3470,2026-09-25,"PAMI, precio de venta al público: URSODIOL (Pharmanove)",minorista,,sí,Medicamentos
"Ursodesoxicólico,ác. 300 mg comprimidos",comprimido,1394.0797,2026-09-25,"PAMI, precio de venta al público: URSODIOL (Pharmanove)",minorista,,sí,Medicamentos
"Ursodesoxicólico,ác. 300 mg comprimidos",comprimido,1463.8090,2026-09-25,"PAMI, precio de venta al público: URSODIOL (Pharmanove)",minorista,,sí,Medicamentos
"Ursodesoxicólico,ác. 500 mg comprimidos",comprimido,2505.2007,2026-09-25,"PAMI, precio de venta al público: URSODIOL (Pharmanove)",minorista,,sí,Medicamentos
"Ursodesoxicólico,ác. 500 mg comprimidos",comprimido,2474.3500,2026-09-25,"PAMI, precio de venta al público: URSODIOL (Pharmanove)",minorista,,sí,Medicamentos
Aloe vera 100% crema,1 g,562.7882,2026-09-25,"PAMI, precio de venta al público: CAPSON AV (Pharmatrix)",minorista,,sí,Medicamentos
Aloe vera 100% gel,1 g,393.5436,2026-09-25,"PAMI, precio de venta al público: CAPSON AV (Pharmatrix)",minorista,,sí,Medicamentos
"Fusídico,ác. 2% crema",1 g,866.7427,2026-09-25,"PAMI, precio de venta al público: DRUM (Pharmatrix)",minorista,,sí,Medicamentos
"Fusídico,ác.+betametasona 2/0.1% crema",1 g,1517.0213,2026-09-25,"PAMI, precio de venta al público: DRUM ß (Pharmatrix)",minorista,,sí,Medicamentos
Tretinoína 0.02% crema,1 g,960.6017,2026-09-25,"PAMI, precio de venta al público: NITEREY (Pharmatrix)",minorista,,sí,Medicamentos
Tretinoína 0.05% crema,1 g,1024.3760,2026-09-25,"PAMI, precio de venta al público: NITEREY (Pharmatrix)",minorista,,sí,Medicamentos
"Condroitín,sulfato 500 mg cápsulas",cápsula,11.3687,2026-09-25,"PAMI, precio de venta al público: STRUCTUM",minorista,,sí,Medicamentos
Glicoproteínas+ribosomas 0.75 mg comprimidos,comprimido,58.5467,2026-09-25,"PAMI, precio de venta al público: RIBOVAC",minorista,,sí,Medicamentos
Brimonidina 0.2% colirio,1 ml,6991.0180,2026-09-25,"PAMI, precio de venta al público: BRIMOPRESS (Poen)",minorista,,sí,Medicamentos
"Carteolol,clorh. 2% colirio",1 ml,241.0900,2026-09-25,"PAMI, precio de venta al público: POENGLAUCOL (Poen)",minorista,,sí,Medicamentos
Ketorolac 0.5% colirio,1 ml,3857.0680,2026-09-25,"PAMI, precio de venta al público: POENKERAT (Poen)",minorista,,sí,Medicamentos
"Timolol,maleato 0.50% colirio",1 ml,2719.5120,2026-09-25,"PAMI, precio de venta al público: POENTIMOL (Poen)",minorista,,sí,Medicamentos
Fosfomicina 1 g frasco ampolla,frasco ampolla,11153.8430,2026-09-25,"PAMI, precio de venta al público: FOSFOMICINA LUAR",minorista,,sí,Medicamentos
Amlodipina 10 mg comprimidos,comprimido,942.9023,2026-09-25,"PAMI, precio de venta al público: AMLODIPINA RICHET (Richet)",minorista,,sí,Medicamentos
Amlodipina 10 mg comprimidos,comprimido,778.0393,2026-09-25,"PAMI, precio de venta al público: AMLODIPINA RICHET (Richet)",minorista,,sí,Medicamentos
Amlodipina 5 mg comprimidos,comprimido,507.4460,2026-09-25,"PAMI, precio de venta al público: AMLODIPINA RICHET (Richet)",minorista,,sí,Medicamentos
Amlodipina 5 mg comprimidos,comprimido,452.2650,2026-09-25,"PAMI, precio de venta al público: AMLODIPINA RICHET (Richet)",minorista,,sí,Medicamentos
Amoxicilina 1 g comprimidos,comprimido,1431.4838,2026-09-25,"PAMI, precio de venta al público: AMOXICILINA RICHET (Richet)",minorista,,sí,Medicamentos
Amoxicilina 1 g comprimidos,comprimido,1372.0187,2026-09-25,"PAMI, precio de venta al público: AMOXICILINA RICHET (Richet)",minorista,,sí,Medicamentos
Amoxicilina 250 mg pvo.p/ suspensión oral,1 ml,105.1343,2026-09-25,"PAMI, precio de venta al público: AMOXICILINA RICHET (Richet)",minorista,,sí,Medicamentos
Amoxicilina 250 mg pvo.p/ suspensión oral,1 ml,97.7697,2026-09-25,"PAMI, precio de venta al público: AMOXICILINA RICHET (Richet)",minorista,,sí,Medicamentos
Amoxicilina 500 mg comprimidos,comprimido,522.2787,2026-09-25,"PAMI, precio de venta al público: AMOXICILINA RICHET (Richet)",minorista,,sí,Medicamentos
Amoxicilina 500 mg pvo.p/ suspensión oral,1 ml,165.6102,2026-09-25,"PAMI, precio de venta al público: AMOXICILINA RICHET (Richet)",minorista,,sí,Medicamentos
Amoxicilina 500 mg pvo.p/ suspensión oral,1 ml,122.8861,2026-09-25,"PAMI, precio de venta al público: AMOXICILINA RICHET (Richet)",minorista,,sí,Medicamentos
Amoxicilina 500 mg pvo.p/ suspensión oral,1 ml,124.7071,2026-09-25,"PAMI, precio de venta al público: AMOXICILINA RICHET (Richet)",minorista,,sí,Medicamentos
Amoxicilina 750 mg pvo.p/ suspensión oral,1 ml,180.9159,2026-09-25,"PAMI, precio de venta al público: AMOXICILINA RICHET DUO (Richet)",minorista,,sí,Medicamentos
"Amoxicilina+clavulánico,ác. 1000 mg comprimidos",comprimido,2288.6825,2026-09-25,"PAMI, precio de venta al público: AMOXICILINA CLAVULANICO RICHET (Richet)",minorista,,sí,Medicamentos
"Amoxicilina+clavulánico,ác. 1000/125mg comprimidos",comprimido,1806.1081,2026-09-25,"PAMI, precio de venta al público: AMOXICILINA CLAVULANICO RICHET (Richet)",minorista,,sí,Medicamentos
"Amoxicilina+clavulánico,ác. 250 mg pvo.p/ suspensión oral",1 ml,174.9152,2026-09-25,"PAMI, precio de venta al público: AMOXICILINA CLAVULANICO RICHET (Richet)",minorista,,sí,Medicamentos
"Amoxicilina+clavulánico,ác. 250 mg pvo.p/ suspensión oral",1 ml,161.7900,2026-09-25,"PAMI, precio de venta al público: AMOXICILINA CLAVULANICO RICHET (Richet)",minorista,,sí,Medicamentos
"Amoxicilina+clavulánico,ác. 400/57.5 mg suspensión oral",1 ml,217.1053,2026-09-25,"PAMI, precio de venta al público: AMOXICILINA CLAVULANICO 7:1 RICHET (Richet)",minorista,,sí,Medicamentos
"Amoxicilina+clavulánico,ác. 500 mg comprimidos",comprimido,1531.2738,2026-09-25,"PAMI, precio de venta al público: AMOXICILINA CLAVULANICO RICHET (Richet)",minorista,,sí,Medicamentos
"Amoxicilina+clavulánico,ác. 500 mg comprimidos",comprimido,1615.1025,2026-09-25,"PAMI, precio de venta al público: AMOXICILINA CLAVULANICO RICHET (Richet)",minorista,,sí,Medicamentos
"Amoxicilina+clavulánico,ác. 875/125 mg comprimidos",comprimido,1751.1243,2026-09-25,"PAMI, precio de venta al público: AMOXICILINA CLAVULANICO 7:1 RICHET (Richet)",minorista,,sí,Medicamentos
Ampicilina 1 g comprimidos,comprimido,1514.8044,2026-09-25,"PAMI, precio de venta al público: AMPICILINA RICHET (Richet)",minorista,,sí,Medicamentos
Ampicilina 1 g comprimidos,comprimido,1518.3287,2026-09-25,"PAMI, precio de venta al público: AMPICILINA RICHET (Richet)",minorista,,sí,Medicamentos
Ampicilina 500 mg comprimidos,comprimido,1031.8031,2026-09-25,"PAMI, precio de venta al público: AMPICILINA RICHET (Richet)",minorista,,sí,Medicamentos
Ampicilina+sulbactam 1.5 g frasco ampolla,frasco ampolla,10210.7600,2026-09-25,"PAMI, precio de venta al público: SULTAMICILINA RICHET (Richet)",minorista,,sí,Medicamentos
Atorvastatín 10 mg comprimidos,comprimido,1033.3357,2026-09-25,"PAMI, precio de venta al público: ATORVASTATIN RICHET (Richet)",minorista,,sí,Medicamentos
Atorvastatín 10 mg comprimidos,comprimido,997.9208,2026-09-25,"PAMI, precio de venta al público: ATORVASTATIN RICHET (Richet)",minorista,,sí,Medicamentos
Atorvastatín 20 mg comprimidos,comprimido,1694.5893,2026-09-25,"PAMI, precio de venta al público: ATORVASTATIN RICHET (Richet)",minorista,,sí,Medicamentos
Atorvastatín 20 mg comprimidos,comprimido,1650.7790,2026-09-25,"PAMI, precio de venta al público: ATORVASTATIN RICHET (Richet)",minorista,,sí,Medicamentos
Atorvastatín 40 mg comprimidos,comprimido,1985.5237,2026-09-25,"PAMI, precio de venta al público: ATORVASTATIN RICHET (Richet)",minorista,,sí,Medicamentos
Azitromicina 500 mg comprimidos,comprimido,4131.7767,2026-09-25,"PAMI, precio de venta al público: AZITROMICINA RICHET (Richet)",minorista,,sí,Medicamentos
Azitromicina 500 mg comprimidos,comprimido,2863.0933,2026-09-25,"PAMI, precio de venta al público: AZITROMICINA RICHET (Richet)",minorista,,sí,Medicamentos
Betahistina 16 mg comprimidos,comprimido,649.0170,2026-09-25,"PAMI, precio de venta al público: BETAHISTINA RICHET (Richet)",minorista,,sí,Medicamentos
Betahistina 16 mg comprimidos,comprimido,573.1723,2026-09-25,"PAMI, precio de venta al público: BETAHISTINA RICHET (Richet)",minorista,,sí,Medicamentos
Betahistina 24 mg comprimidos,comprimido,926.8170,2026-09-25,"PAMI, precio de venta al público: BETAHISTINA RICHET (Richet)",minorista,,sí,Medicamentos
Betahistina 24 mg comprimidos,comprimido,902.6257,2026-09-25,"PAMI, precio de venta al público: BETAHISTINA RICHET (Richet)",minorista,,sí,Medicamentos
Betahistina 8 mg comprimidos,comprimido,570.5140,2026-09-25,"PAMI, precio de venta al público: BETAHISTINA RICHET (Richet)",minorista,,sí,Medicamentos
Candesartán cilexetil 16 mg comprimidos,comprimido,2380.0153,2026-09-25,"PAMI, precio de venta al público: CANDESARTAN RICHET (Richet)",minorista,,sí,Medicamentos
Candesartán cilexetil 8 mg comprimidos,comprimido,1586.9333,2026-09-25,"PAMI, precio de venta al público: CANDESARTAN RICHET (Richet)",minorista,,sí,Medicamentos
Carvedilol 12.5 mg comprimidos,comprimido,519.6457,2026-09-25,"PAMI, precio de venta al público: CARVEDILOL RICHET (Richet)",minorista,,sí,Medicamentos
Carvedilol 12.5 mg comprimidos,comprimido,503.4963,2026-09-25,"PAMI, precio de venta al público: CARVEDILOL RICHET (Richet)",minorista,,sí,Medicamentos
Carvedilol 12.5 mg comprimidos,comprimido,338.3423,2026-09-25,"PAMI, precio de venta al público: CARVEDILOL RICHET (Richet)",minorista,,sí,Medicamentos
Carvedilol 12.5 mg comprimidos,comprimido,347.8010,2026-09-25,"PAMI, precio de venta al público: CARVEDILOL RICHET (Richet)",minorista,,sí,Medicamentos
Carvedilol 25 mg comprimidos,comprimido,633.6211,2026-09-25,"PAMI, precio de venta al público: CARVEDILOL RICHET (Richet)",minorista,,sí,Medicamentos
Carvedilol 25 mg comprimidos,comprimido,599.1810,2026-09-25,"PAMI, precio de venta al público: CARVEDILOL RICHET (Richet)",minorista,,sí,Medicamentos
Carvedilol 25 mg comprimidos,comprimido,419.3800,2026-09-25,"PAMI, precio de venta al público: CARVEDILOL RICHET (Richet)",minorista,,sí,Medicamentos
Carvedilol 25 mg comprimidos,comprimido,438.5125,2026-09-25,"PAMI, precio de venta al público: CARVEDILOL RICHET (Richet)",minorista,,sí,Medicamentos
Carvedilol 50 mg comprimidos,comprimido,733.5275,2026-09-25,"PAMI, precio de venta al público: CARVEDILOL RICHET (Richet)",minorista,,sí,Medicamentos
Carvedilol 6.25 mg comprimidos,comprimido,416.9332,2026-09-25,"PAMI, precio de venta al público: CARVEDILOL RICHET (Richet)",minorista,,sí,Medicamentos
Carvedilol 6.25 mg comprimidos,comprimido,393.1840,2026-09-25,"PAMI, precio de venta al público: CARVEDILOL RICHET (Richet)",minorista,,sí,Medicamentos
Carvedilol 6.25 mg comprimidos,comprimido,259.3834,2026-09-25,"PAMI, precio de venta al público: CARVEDILOL RICHET (Richet)",minorista,,sí,Medicamentos
Carvedilol 6.25 mg comprimidos,comprimido,263.1332,2026-09-25,"PAMI, precio de venta al público: CARVEDILOL RICHET (Richet)",minorista,,sí,Medicamentos
Cefalexina 1 g comprimidos,comprimido,1710.0057,2026-09-25,"PAMI, precio de venta al público: CEFALEXINA RICHET (Richet)",minorista,,sí,Medicamentos
Cefalexina 1 g comprimidos,comprimido,1611.3488,2026-09-25,"PAMI, precio de venta al público: CEFALEXINA RICHET (Richet)",minorista,,sí,Medicamentos
Cefalexina 500 mg comprimidos,comprimido,867.5525,2026-09-25,"PAMI, precio de venta al público: CEFALEXINA RICHET (Richet)",minorista,,sí,Medicamentos
Cefazolina 1000 mg frasco ampolla,frasco ampolla,13788.7700,2026-09-25,"PAMI, precio de venta al público: CEFAZOLINA RICHET (Richet)",minorista,,sí,Medicamentos
Cefuroxima 500 mg comprimidos,comprimido,2876.7838,2026-09-25,"PAMI, precio de venta al público: CEFUROXIMA RICHET (Richet)",minorista,,sí,Medicamentos
Cilostazol 100 mg comprimidos,comprimido,1178.0500,2026-09-25,"PAMI, precio de venta al público: CILOSTAZOL RICHET (Richet)",minorista,,sí,Medicamentos
Cilostazol 100 mg comprimidos,comprimido,1189.1963,2026-09-25,"PAMI, precio de venta al público: CILOSTAZOL RICHET (Richet)",minorista,,sí,Medicamentos
Cilostazol 50 mg comprimidos,comprimido,691.1393,2026-09-25,"PAMI, precio de venta al público: CILOSTAZOL RICHET (Richet)",minorista,,sí,Medicamentos
Ciprofloxacina 500 mg comprimidos,comprimido,1622.8690,2026-09-25,"PAMI, precio de venta al público: CIPROFLOXACINA RICHET (Richet)",minorista,,sí,Medicamentos
Ciprofloxacina 500 mg comprimidos,comprimido,1533.2050,2026-09-25,"PAMI, precio de venta al público: CIPROFLOXACINA RICHET (Richet)",minorista,,sí,Medicamentos
Claritromicina 250mg/5ml suspensión oral,1 ml,468.4713,2026-09-25,"PAMI, precio de venta al público: CLARITROMICINA RICHET (Richet)",minorista,,sí,Medicamentos
Claritromicina 500 mg comprimidos,comprimido,1918.7025,2026-09-25,"PAMI, precio de venta al público: CLARITROMICINA RICHET (Richet)",minorista,,sí,Medicamentos
Claritromicina 500 mg comprimidos,comprimido,2346.0363,2026-09-25,"PAMI, precio de venta al público: CLARITROMICINA RICHET (Richet)",minorista,,sí,Medicamentos
Clindamicina 300 mg cápsulas,cápsula,1106.3663,2026-09-25,"PAMI, precio de venta al público: CLINDAMICINA RICHET (Richet)",minorista,,sí,Medicamentos
Clopidogrel 75 mg comprimidos,comprimido,1727.9127,2026-09-25,"PAMI, precio de venta al público: CLOPIDOGREL RICHET (Richet)",minorista,,sí,Medicamentos
Clopidogrel 75 mg comprimidos,comprimido,1331.8222,2026-09-25,"PAMI, precio de venta al público: CLOPIDOGREL RICHET (Richet)",minorista,,sí,Medicamentos
Desloratadina 5 mg comprimidos,comprimido,883.3564,2026-09-25,"PAMI, precio de venta al público: DESLORATADINA RICHET (Richet)",minorista,,sí,Medicamentos
Desloratadina 5 mg comprimidos,comprimido,1031.5371,2026-09-25,"PAMI, precio de venta al público: DESLORATADINA RICHET (Richet)",minorista,,sí,Medicamentos
Donepezilo 10 mg comprimidos,comprimido,1607.6700,2026-09-25,"PAMI, precio de venta al público: DONEPECILO RICHET (Richet)",minorista,,sí,Medicamentos
Donepezilo 5 mg comprimidos,comprimido,1286.6310,2026-09-25,"PAMI, precio de venta al público: DONEPECILO RICHET (Richet)",minorista,,sí,Medicamentos
Enalapril 10 mg comprimidos,comprimido,329.8133,2026-09-25,"PAMI, precio de venta al público: ENALAPRIL RICHET (Richet)",minorista,,sí,Medicamentos
Enalapril 10 mg comprimidos,comprimido,340.9306,2026-09-25,"PAMI, precio de venta al público: ENALAPRIL RICHET (Richet)",minorista,,sí,Medicamentos
Enalapril 10 mg comprimidos,comprimido,317.3843,2026-09-25,"PAMI, precio de venta al público: ENALAPRIL RICHET (Richet)",minorista,,sí,Medicamentos
Enalapril 20 mg comprimidos,comprimido,399.1133,2026-09-25,"PAMI, precio de venta al público: ENALAPRIL RICHET (Richet)",minorista,,sí,Medicamentos
Enalapril 20 mg comprimidos,comprimido,382.6042,2026-09-25,"PAMI, precio de venta al público: ENALAPRIL RICHET (Richet)",minorista,,sí,Medicamentos
Estreptomicina 1 g frasco ampolla,frasco ampolla,26645.1600,2026-09-25,"PAMI, precio de venta al público: ESTREPTOMICINA RICHET TP (Richet)",minorista,,sí,Medicamentos
Fenofibrato micronizado 200 mg cápsulas,cápsula,1264.3707,2026-09-25,"PAMI, precio de venta al público: FENOFIBRATO MICRONIZADO RICHET (Richet)",minorista,,sí,Medicamentos
Fenofibrato micronizado 200 mg cápsulas,cápsula,1143.0980,2026-09-25,"PAMI, precio de venta al público: FENOFIBRATO MICRONIZADO RICHET (Richet)",minorista,,sí,Medicamentos
Fenoximetilpenicilina 1000000 ui comprimidos,comprimido,741.7133,2026-09-25,"PAMI, precio de venta al público: PENICILINA ORAL RICHET (Richet)",minorista,,sí,Medicamentos
Fenoximetilpenicilina 1000000 ui comprimidos,comprimido,652.3672,2026-09-25,"PAMI, precio de venta al público: PENICILINA ORAL RICHET (Richet)",minorista,,sí,Medicamentos
Fenoximetilpenicilina 1000000 ui comprimidos,comprimido,652.9229,2026-09-25,"PAMI, precio de venta al público: PENICILINA ORAL RICHET (Richet)",minorista,,sí,Medicamentos
Fenoximetilpenicilina 1500000 ui comprimidos,comprimido,1144.5567,2026-09-25,"PAMI, precio de venta al público: PENICILINA ORAL RICHET (Richet)",minorista,,sí,Medicamentos
Fenoximetilpenicilina 1500000 ui comprimidos,comprimido,987.8739,2026-09-25,"PAMI, precio de venta al público: PENICILINA ORAL RICHET (Richet)",minorista,,sí,Medicamentos
Fenoximetilpenicilina 1500000 ui comprimidos,comprimido,991.3571,2026-09-25,"PAMI, precio de venta al público: PENICILINA ORAL RICHET (Richet)",minorista,,sí,Medicamentos
Fluconazol 100 mg comprimidos,comprimido,7042.5140,2026-09-25,"PAMI, precio de venta al público: FLUCONAZOL RICHET (Richet)",minorista,,sí,Medicamentos
Fluconazol 150 mg comprimidos,comprimido,7104.5500,2026-09-25,"PAMI, precio de venta al público: FLUCONAZOL RICHET (Richet)",minorista,,sí,Medicamentos
Fluconazol 150 mg comprimidos,comprimido,6311.4550,2026-09-25,"PAMI, precio de venta al público: FLUCONAZOL RICHET (Richet)",minorista,,sí,Medicamentos
Fluconazol 150 mg comprimidos,comprimido,5441.8925,2026-09-25,"PAMI, precio de venta al público: FLUCONAZOL RICHET (Richet)",minorista,,sí,Medicamentos
Fluconazol 150 mg comprimidos,comprimido,4853.2087,2026-09-25,"PAMI, precio de venta al público: FLUCONAZOL RICHET (Richet)",minorista,,sí,Medicamentos
Fluconazol 200 mg comprimidos,comprimido,11225.8530,2026-09-25,"PAMI, precio de venta al público: FLUCONAZOL RICHET (Richet)",minorista,,sí,Medicamentos
Fluconazol 200 mg comprimidos,comprimido,9505.9310,2026-09-25,"PAMI, precio de venta al público: FLUCONAZOL RICHET (Richet)",minorista,,sí,Medicamentos
Fluconazol 50mg/5ml suspensión oral,1 ml,959.7317,2026-09-25,"PAMI, precio de venta al público: FLUCONAZOL RICHET (Richet)",minorista,,sí,Medicamentos
Hidrocortisona 10 mg comprimidos,comprimido,370.9830,2026-09-25,"PAMI, precio de venta al público: HIDROCORTISONA RICHET (Richet)",minorista,,sí,Medicamentos
"Hierro+fólico,ác. 525 mg comprimidos",comprimido,731.8577,2026-09-25,"PAMI, precio de venta al público: SULFATO FERROSO RICHET (Richet)",minorista,,sí,Medicamentos
"Ibandrónico,ác. 150 mg comprimidos",comprimido,24128.9900,2026-09-25,"PAMI, precio de venta al público: IBANDRONATO RICHET (Richet)",minorista,,sí,Medicamentos
"Ibandrónico,ác. 150 mg comprimidos",comprimido,22716.0633,2026-09-25,"PAMI, precio de venta al público: IBANDRONATO RICHET (Richet)",minorista,,sí,Medicamentos
Ketorolac 10 mg comprimidos sublinguales,comprimido,146.4180,2026-09-25,"PAMI, precio de venta al público: KETOROLAC TROMETAMINA RICHET (Richet)",minorista,,sí,Medicamentos
Labetalol 200 mg comprimidos,comprimido,859.6030,2026-09-25,"PAMI, precio de venta al público: LABETALOL RICHET (Richet)",minorista,,sí,Medicamentos
Levetiracetam 100 mg/ml suspensión oral,1 ml,535.5378,2026-09-25,"PAMI, precio de venta al público: LEVETIRACETAM RICHET (Richet)",minorista,,sí,Medicamentos
Levofloxacina 500 mg comprimidos,comprimido,2110.4414,2026-09-25,"PAMI, precio de venta al público: LEVOFLOXACINA RICHET (Richet)",minorista,,sí,Medicamentos
Levofloxacina 500 mg comprimidos,comprimido,2334.5471,2026-09-25,"PAMI, precio de venta al público: LEVOFLOXACINA RICHET (Richet)",minorista,,sí,Medicamentos
Levofloxacina 750 mg comprimidos,comprimido,3694.4540,2026-09-25,"PAMI, precio de venta al público: LEVOFLOXACINA RICHET (Richet)",minorista,,sí,Medicamentos
Loperamida 2 mg comprimidos,comprimido,34.6810,2026-09-25,"PAMI, precio de venta al público: LOPERAMIDA RICHET (Richet)",minorista,,sí,Medicamentos
Losartán 100 mg comprimidos,comprimido,912.2187,2026-09-25,"PAMI, precio de venta al público: LOSARTAN RICHET (Richet)",minorista,,sí,Medicamentos
Losartán 100 mg comprimidos,comprimido,888.0412,2026-09-25,"PAMI, precio de venta al público: LOSARTAN RICHET (Richet)",minorista,,sí,Medicamentos
Losartán 50 mg comprimidos,comprimido,736.3457,2026-09-25,"PAMI, precio de venta al público: LOSARTAN RICHET (Richet)",minorista,,sí,Medicamentos
Memantine 10 mg comprimidos,comprimido,968.9203,2026-09-25,"PAMI, precio de venta al público: MEMANTINA RICHET (Richet)",minorista,,sí,Medicamentos
Memantine 10 mg comprimidos,comprimido,1079.5713,2026-09-25,"PAMI, precio de venta al público: MEMANTINA RICHET (Richet)",minorista,,sí,Medicamentos
Memantine 20 mg comprimidos,comprimido,1483.7687,2026-09-25,"PAMI, precio de venta al público: MEMANTINA RICHET (Richet)",minorista,,sí,Medicamentos
Metronidazol 500 mg óvulos,óvulo,272.1662,2026-09-25,"PAMI, precio de venta al público: METRONIDAZOL RICHET (Richet)",minorista,,sí,Medicamentos
Minociclina 100 mg comprimidos,comprimido,1648.2350,2026-09-25,"PAMI, precio de venta al público: MINOCICLINA RICHET (Richet)",minorista,,sí,Medicamentos
Montelukast 10 mg comprimidos,comprimido,1244.4167,2026-09-25,"PAMI, precio de venta al público: MONTELUKAST RICHET (Richet)",minorista,,sí,Medicamentos
Montelukast 4 mg comprimidos masticables,comprimido,1197.9307,2026-09-25,"PAMI, precio de venta al público: MONTELUKAST RICHET (Richet)",minorista,,sí,Medicamentos
Montelukast 5 mg comprimidos masticables,comprimido,1205.6120,2026-09-25,"PAMI, precio de venta al público: MONTELUKAST RICHET (Richet)",minorista,,sí,Medicamentos
Norfloxacina 400 mg comprimidos,comprimido,1244.6930,2026-09-25,"PAMI, precio de venta al público: NORFLOXACINA RICHET (Richet)",minorista,,sí,Medicamentos
Norfloxacina 400 mg comprimidos,comprimido,1207.3090,2026-09-25,"PAMI, precio de venta al público: NORFLOXACINA RICHET (Richet)",minorista,,sí,Medicamentos
Omeprazol 40 mg frasco ampolla,frasco ampolla,33829.1200,2026-09-25,"PAMI, precio de venta al público: OMEPRAZOL RICHET (Richet)",minorista,,sí,Medicamentos
Penicilina g benzatínica 1200000 ui frasco ampolla,frasco ampolla,12585.0200,2026-09-25,"PAMI, precio de venta al público: PENICILINA G BENZATINICA RICHET (Richet)",minorista,,sí,Medicamentos
Penicilina g benzatínica 2400000 ui frasco ampolla,frasco ampolla,20941.6200,2026-09-25,"PAMI, precio de venta al público: PENICILINA G BENZATINICA RICHET (Richet)",minorista,,sí,Medicamentos
Pregabalina 150 mg cápsulas,cápsula,1875.9643,2026-09-25,"PAMI, precio de venta al público: PREGABALINA RICHET 150 (Richet)",minorista,,sí,Medicamentos
Pregabalina 75 mg cápsulas,cápsula,1212.8107,2026-09-25,"PAMI, precio de venta al público: PREGABALINA RICHET 75 (Richet)",minorista,,sí,Medicamentos
Pregabalina 75 mg cápsulas,cápsula,1219.2208,2026-09-25,"PAMI, precio de venta al público: PREGABALINA RICHET 75 (Richet)",minorista,,sí,Medicamentos
Rifampicina 300 mg cápsulas,cápsula,1431.5587,2026-09-25,"PAMI, precio de venta al público: RIFAMPICINA RICHET (Richet)",minorista,,sí,Medicamentos
Rosuvastatina 10 mg comprimidos,comprimido,762.0261,2026-09-25,"PAMI, precio de venta al público: ROSUVASTATINA RICHET (Richet)",minorista,,sí,Medicamentos
Rosuvastatina 10 mg comprimidos,comprimido,719.3257,2026-09-25,"PAMI, precio de venta al público: ROSUVASTATINA RICHET (Richet)",minorista,,sí,Medicamentos
Rosuvastatina 20 mg comprimidos,comprimido,1359.9186,2026-09-25,"PAMI, precio de venta al público: ROSUVASTATINA RICHET (Richet)",minorista,,sí,Medicamentos
Rosuvastatina 20 mg comprimidos,comprimido,1292.4687,2026-09-25,"PAMI, precio de venta al público: ROSUVASTATINA RICHET (Richet)",minorista,,sí,Medicamentos
Rosuvastatina 40 mg comprimidos,comprimido,2400.4550,2026-09-25,"PAMI, precio de venta al público: ROSUVASTATINA RICHET (Richet)",minorista,,sí,Medicamentos
Rosuvastatina 40 mg comprimidos,comprimido,2196.7487,2026-09-25,"PAMI, precio de venta al público: ROSUVASTATINA RICHET (Richet)",minorista,,sí,Medicamentos
Sulfadiazina de plata+asoc. 1% crema,1 g,12.8380,2026-09-25,"PAMI, precio de venta al público: SULFADIAZINA DE PLATA A RICHET (Richet)",minorista,,sí,Medicamentos
Sultamicilina 375 mg comprimidos,comprimido,76.5750,2026-09-25,"PAMI, precio de venta al público: SULTAMICILINA RICHET (Richet)",minorista,,sí,Medicamentos
Tadalafilo 20 mg comprimidos,comprimido,8828.2400,2026-09-25,"PAMI, precio de venta al público: TADALAFILO RICHET (Richet)",minorista,,sí,Medicamentos
Tamsulosina 0.4mg cápsulas,cápsula,1214.3523,2026-09-25,"PAMI, precio de venta al público: TAMSULOSINA RICHET (Richet)",minorista,,sí,Medicamentos
Telmisartán 40 mg comprimidos,comprimido,2065.6489,2026-09-25,"PAMI, precio de venta al público: TELMISARTAN RICHET (Richet)",minorista,,sí,Medicamentos
Telmisartán 80 mg comprimidos,comprimido,3035.2014,2026-09-25,"PAMI, precio de venta al público: TELMISARTAN RICHET (Richet)",minorista,,sí,Medicamentos
Terbinafina 250 mg comprimidos,comprimido,1263.3279,2026-09-25,"PAMI, precio de venta al público: TERBINAFINA (COMO CLORHIDRATO) RICHET (Richet)",minorista,,sí,Medicamentos
Terbinafina 250 mg comprimidos,comprimido,1223.4571,2026-09-25,"PAMI, precio de venta al público: TERBINAFINA (COMO CLORHIDRATO) RICHET (Richet)",minorista,,sí,Medicamentos
"Acetilsalicílico,ác.+asoc. 100/40/10 mg cápsulas",cápsula,213.7825,2026-09-25,"PAMI, precio de venta al público: TRINOMIA (Richmond)",minorista,,sí,Medicamentos
"Acetilsalicílico,ác.+asoc. 100/40/5 mg cápsulas",cápsula,182.5979,2026-09-25,"PAMI, precio de venta al público: TRINOMIA (Richmond)",minorista,,sí,Medicamentos
Amlodipina 10 mg comprimidos,comprimido,956.4307,2026-09-25,"PAMI, precio de venta al público: AMZE (Richmond)",minorista,,sí,Medicamentos
Amlodipina 5 mg comprimidos,comprimido,563.2596,2026-09-25,"PAMI, precio de venta al público: AMZE (Richmond)",minorista,,sí,Medicamentos
Atorvastatín 10 mg comprimidos,comprimido,1246.5513,2026-09-25,"PAMI, precio de venta al público: VASTINA (Richmond)",minorista,,sí,Medicamentos
Atorvastatín 20 mg comprimidos,comprimido,2181.2867,2026-09-25,"PAMI, precio de venta al público: VASTINA (Richmond)",minorista,,sí,Medicamentos
Clopidogrel 75 mg comprimidos,comprimido,69.4925,2026-09-25,"PAMI, precio de venta al público: ANTIPLAQ (Richmond)",minorista,,sí,Medicamentos
Clopidogrel 75 mg comprimidos,comprimido,2295.9373,2026-09-25,"PAMI, precio de venta al público: ANTIPLAQ (Richmond)",minorista,,sí,Medicamentos
Codeína+paracetamol 30 mg comprimidos,comprimido,1358.6207,2026-09-25,"PAMI, precio de venta al público: DOLOFRIX (Richmond)",minorista,,sí,Medicamentos
Codeína+paracetamol 60 mg comprimidos,comprimido,2101.0197,2026-09-25,"PAMI, precio de venta al público: DOLOFRIX FORTE (Richmond)",minorista,,sí,Medicamentos
Dapagliflozina 10 mg comprimidos,comprimido,2407.3860,2026-09-25,"PAMI, precio de venta al público: DONSYBA (Richmond)",minorista,,sí,Medicamentos
Diclofenac sódico+codeína 50 mg comprimidos,comprimido,32.7930,2026-09-25,"PAMI, precio de venta al público: DOLOFRIX PLUS (Richmond)",minorista,,sí,Medicamentos
Donepezilo 10 mg comprimidos,comprimido,1805.4283,2026-09-25,"PAMI, precio de venta al público: DONEPES (Richmond)",minorista,,sí,Medicamentos
Donepezilo 5 mg comprimidos,comprimido,1441.2847,2026-09-25,"PAMI, precio de venta al público: DONEPES (Richmond)",minorista,,sí,Medicamentos
Losartán 100 mg comprimidos,comprimido,1295.9996,2026-09-25,"PAMI, precio de venta al público: TACARDIA (Richmond)",minorista,,sí,Medicamentos
Losartán 50 mg comprimidos,comprimido,29.8750,2026-09-25,"PAMI, precio de venta al público: TACARDIA (Richmond)",minorista,,sí,Medicamentos
Losartán 50 mg comprimidos,comprimido,981.6887,2026-09-25,"PAMI, precio de venta al público: TACARDIA (Richmond)",minorista,,sí,Medicamentos
Losartán 50 mg comprimidos,comprimido,28.2641,2026-09-25,"PAMI, precio de venta al público: TACARDIA (Richmond)",minorista,,sí,Medicamentos
Losartán 50 mg comprimidos,comprimido,875.1005,2026-09-25,"PAMI, precio de venta al público: TACARDIA (Richmond)",minorista,,sí,Medicamentos
Losartán+hidroclorotiazida 50/12.5 mg comprimidos,comprimido,1231.3857,2026-09-25,"PAMI, precio de venta al público: TACARDIA D (Richmond)",minorista,,sí,Medicamentos
Memantine 10 mg comprimidos,comprimido,1353.9483,2026-09-25,"PAMI, precio de venta al público: PRILBEN (Richmond)",minorista,,sí,Medicamentos
Memantine 20 mg comprimidos,comprimido,1843.7750,2026-09-25,"PAMI, precio de venta al público: PRILBEN (Richmond)",minorista,,sí,Medicamentos
Olanzapina 10 mg comprimidos,comprimido,91.2000,2026-09-25,"PAMI, precio de venta al público: REVERTRIX 10 (Richmond)",minorista,,sí,Medicamentos
Olanzapina 10 mg comprimidos,comprimido,6568.2410,2026-09-25,"PAMI, precio de venta al público: REVERTRIX 10 (Richmond)",minorista,,sí,Medicamentos
Olanzapina 5 mg comprimidos,comprimido,48.1000,2026-09-25,"PAMI, precio de venta al público: REVERTRIX 5 (Richmond)",minorista,,sí,Medicamentos
Olanzapina 5 mg comprimidos,comprimido,3312.4817,2026-09-25,"PAMI, precio de venta al público: REVERTRIX 5 (Richmond)",minorista,,sí,Medicamentos
Paroxetina 20 mg comprimidos,comprimido,1479.6410,2026-09-25,"PAMI, precio de venta al público: SOSTEL (Richmond)",minorista,,sí,Medicamentos
Pregabalina 150 mg comprimidos,comprimido,1937.9563,2026-09-25,"PAMI, precio de venta al público: MYSTIKA 150 (Richmond)",minorista,,sí,Medicamentos
Pregabalina 25 mg comprimidos,comprimido,19.7893,2026-09-25,"PAMI, precio de venta al público: MYSTIKA (Richmond)",minorista,,sí,Medicamentos
Pregabalina 75mg comprimidos,comprimido,1360.6850,2026-09-25,"PAMI, precio de venta al público: MYSTIKA 75 MULTIDOSIS (Richmond)",minorista,,sí,Medicamentos
Rivaroxabán 10 mg comprimidos,comprimido,5751.3713,2026-09-25,"PAMI, precio de venta al público: QUARXOM (Richmond)",minorista,,sí,Medicamentos
Rivaroxabán 15 mg comprimidos,comprimido,4076.9763,2026-09-25,"PAMI, precio de venta al público: QUARXOM (Richmond)",minorista,,sí,Medicamentos
Rivaroxabán 20 mg comprimidos,comprimido,4298.9287,2026-09-25,"PAMI, precio de venta al público: QUARXOM (Richmond)",minorista,,sí,Medicamentos
Rosuvastatina 10 mg comprimidos,comprimido,23.9196,2026-09-25,"PAMI, precio de venta al público: BILIP 10 (Richmond)",minorista,,sí,Medicamentos
Rosuvastatina 10 mg comprimidos,comprimido,920.5003,2026-09-25,"PAMI, precio de venta al público: BILIP 10 (Richmond)",minorista,,sí,Medicamentos
Rosuvastatina 20 mg comprimidos,comprimido,45.2382,2026-09-25,"PAMI, precio de venta al público: BILIP 20 (Richmond)",minorista,,sí,Medicamentos
Rosuvastatina 20 mg comprimidos,comprimido,1740.8693,2026-09-25,"PAMI, precio de venta al público: BILIP 20 (Richmond)",minorista,,sí,Medicamentos
Rosuvastatina 40 mg comprimidos,comprimido,2585.0437,2026-09-25,"PAMI, precio de venta al público: BILIP 40 (Richmond)",minorista,,sí,Medicamentos
Telmisartán 40 mg comprimidos,comprimido,2486.4743,2026-09-25,"PAMI, precio de venta al público: TELCARDIA (Richmond)",minorista,,sí,Medicamentos
Telmisartán 80 mg comprimidos,comprimido,3493.2339,2026-09-25,"PAMI, precio de venta al público: TELCARDIA (Richmond)",minorista,,sí,Medicamentos
"Tióctico,ác. 600 mg comprimidos",comprimido,1839.2590,2026-09-25,"PAMI, precio de venta al público: TIONEUROL 600 (Richmond)",minorista,,sí,Medicamentos
Zolpidem 10 mg comprimidos,comprimido,464.2377,2026-09-25,"PAMI, precio de venta al público: ZOLODORM (Richmond)",minorista,,sí,Medicamentos
Aciclovir 400 mg comprimidos,comprimido,927.0125,2026-09-25,"PAMI, precio de venta al público: POVIRAL (Roemmers)",minorista,,sí,Medicamentos
Aciclovir 400 mg comprimidos,comprimido,886.5250,2026-09-25,"PAMI, precio de venta al público: POVIRAL (Roemmers)",minorista,,sí,Medicamentos
Aciclovir 800 mg comprimidos,comprimido,1474.8350,2026-09-25,"PAMI, precio de venta al público: POVIRAL (Roemmers)",minorista,,sí,Medicamentos
Aciclovir 800 mg comprimidos,comprimido,1394.9885,2026-09-25,"PAMI, precio de venta al público: POVIRAL (Roemmers)",minorista,,sí,Medicamentos
Allopurinol 100 mg comprimidos,comprimido,204.7510,2026-09-25,"PAMI, precio de venta al público: ALLOPURINOL 100 CRAVERI (Roemmers)",minorista,,sí,Medicamentos
Allopurinol 100 mg comprimidos,comprimido,178.1628,2026-09-25,"PAMI, precio de venta al público: ALLOPURINOL 100 CRAVERI (Roemmers)",minorista,,sí,Medicamentos
Allopurinol 300 mg comprimidos de liberación prolongada,comprimido,662.4490,2026-09-25,"PAMI, precio de venta al público: ALLOPURINOL CRAVERI RETARD (Roemmers)",minorista,,sí,Medicamentos
Allopurinol 300 mg comprimidos de liberación prolongada,comprimido,479.9154,2026-09-25,"PAMI, precio de venta al público: ALLOPURINOL CRAVERI RETARD (Roemmers)",minorista,,sí,Medicamentos
Allopurinol 300 mg comprimidos,comprimido,530.9870,2026-09-25,"PAMI, precio de venta al público: ALLOPURINOL 300 CRAVERI (Roemmers)",minorista,,sí,Medicamentos
Allopurinol 300 mg comprimidos,comprimido,457.7027,2026-09-25,"PAMI, precio de venta al público: ALLOPURINOL 300 CRAVERI (Roemmers)",minorista,,sí,Medicamentos
Allopurinol 300 mg comprimidos,comprimido,422.1040,2026-09-25,"PAMI, precio de venta al público: ALLOPURINOL 300 CRAVERI (Roemmers)",minorista,,sí,Medicamentos
Allopurinol 300 mg comprimidos,comprimido,346.5663,2026-09-25,"PAMI, precio de venta al público: ALLOPURINOL 300 CRAVERI (Roemmers)",minorista,,sí,Medicamentos
Amlodipina 10 mg comprimidos,comprimido,918.0480,2026-09-25,"PAMI, precio de venta al público: COROVAL 10 (Roemmers)",minorista,,sí,Medicamentos
Amlodipina 10 mg comprimidos,comprimido,978.0420,2026-09-25,"PAMI, precio de venta al público: COROVAL 10 (Roemmers)",minorista,,sí,Medicamentos
Amlodipina 5 mg comprimidos,comprimido,565.8310,2026-09-25,"PAMI, precio de venta al público: COROVAL 5 (Roemmers)",minorista,,sí,Medicamentos
Amlodipina 5 mg comprimidos,comprimido,526.3500,2026-09-25,"PAMI, precio de venta al público: COROVAL 5 (Roemmers)",minorista,,sí,Medicamentos
"Amlodipina+losartán,potásico 5/100 mg comprimidos",comprimido,1347.3667,2026-09-25,"PAMI, precio de venta al público: LOSACOR A (Roemmers)",minorista,,sí,Medicamentos
"Amlodipina+losartán,potásico 5/100 mg comprimidos",comprimido,453.9352,2026-09-25,"PAMI, precio de venta al público: LOSACOR A (Roemmers)",minorista,,sí,Medicamentos
"Amlodipina+losartán,potásico 5/50 mg comprimidos",comprimido,1214.3000,2026-09-25,"PAMI, precio de venta al público: LOSACOR A (Roemmers)",minorista,,sí,Medicamentos
"Amlodipina+losartán,potásico 5/50 mg comprimidos",comprimido,449.5748,2026-09-25,"PAMI, precio de venta al público: LOSACOR A (Roemmers)",minorista,,sí,Medicamentos
Amoxicilina 1 g comprimidos,comprimido,1401.6006,2026-09-25,"PAMI, precio de venta al público: AMOXIDAL (Roemmers)",minorista,,sí,Medicamentos
Amoxicilina 500 mg comprimidos,comprimido,571.3710,2026-09-25,"PAMI, precio de venta al público: AMOXIDAL (Roemmers)",minorista,,sí,Medicamentos
"Amoxicilina+clavulánico,ác. 1 g comprimidos",comprimido,2474.9771,2026-09-25,"PAMI, precio de venta al público: OPTAMOX DUO (Roemmers)",minorista,,sí,Medicamentos
"Amoxicilina+clavulánico,ác. 500 mg comprimidos",comprimido,2334.3125,2026-09-25,"PAMI, precio de venta al público: OPTAMOX (Roemmers)",minorista,,sí,Medicamentos
"Amoxicilina+clavulánico,ác. 500 mg comprimidos",comprimido,2437.8587,2026-09-25,"PAMI, precio de venta al público: OPTAMOX (Roemmers)",minorista,,sí,Medicamentos
Aripiprazol 10 mg comprimidos,comprimido,1093.8000,2026-09-25,"PAMI, precio de venta al público: IRAZEM (Roemmers)",minorista,,sí,Medicamentos
Aripiprazol 10 mg comprimidos,comprimido,984.4000,2026-09-25,"PAMI, precio de venta al público: IRAZEM (Roemmers)",minorista,,sí,Medicamentos
Aripiprazol 15 mg comprimidos,comprimido,1592.7333,2026-09-25,"PAMI, precio de venta al público: IRAZEM (Roemmers)",minorista,,sí,Medicamentos
Aripiprazol 20 mg comprimidos,comprimido,2028.7780,2026-09-25,"PAMI, precio de venta al público: IRAZEM (Roemmers)",minorista,,sí,Medicamentos
Aripiprazol 5 mg comprimidos,comprimido,996.9000,2026-09-25,"PAMI, precio de venta al público: IRAZEM (Roemmers)",minorista,,sí,Medicamentos
Aripiprazol 5 mg comprimidos,comprimido,897.1833,2026-09-25,"PAMI, precio de venta al público: IRAZEM (Roemmers)",minorista,,sí,Medicamentos
Azitromicina 500 mg comprimidos,comprimido,5247.8900,2026-09-25,"PAMI, precio de venta al público: TRITAB (Roemmers)",minorista,,sí,Medicamentos
Azitromicina 500 mg comprimidos,comprimido,3511.5680,2026-09-25,"PAMI, precio de venta al público: TRITAB (Roemmers)",minorista,,sí,Medicamentos
Azitromicina 500 mg comprimidos,comprimido,3531.1900,2026-09-25,"PAMI, precio de venta al público: TRITAB (Roemmers)",minorista,,sí,Medicamentos
Betametasona 0.6 mg comprimidos,comprimido,414.9323,2026-09-25,"PAMI, precio de venta al público: DEPOCORT (Roemmers)",minorista,,sí,Medicamentos
Betametasona 0.6 mg/ml gotas,1 ml,191.3940,2026-09-25,"PAMI, precio de venta al público: DEPOCORT (Roemmers)",minorista,,sí,Medicamentos
Bisoprolol 10 mg comprimidos,comprimido,859.8180,2026-09-25,"PAMI, precio de venta al público: CORBIS (Roemmers)",minorista,,sí,Medicamentos
Bisoprolol 10 mg comprimidos,comprimido,773.8945,2026-09-25,"PAMI, precio de venta al público: CORBIS (Roemmers)",minorista,,sí,Medicamentos
Bisoprolol 2.5 mg comprimidos,comprimido,359.8667,2026-09-25,"PAMI, precio de venta al público: CORBIS (Roemmers)",minorista,,sí,Medicamentos
Bisoprolol 2.5 mg comprimidos,comprimido,323.9803,2026-09-25,"PAMI, precio de venta al público: CORBIS (Roemmers)",minorista,,sí,Medicamentos
Bisoprolol 5 mg comprimidos,comprimido,673.3333,2026-09-25,"PAMI, precio de venta al público: CORBIS (Roemmers)",minorista,,sí,Medicamentos
Bisoprolol 5 mg comprimidos,comprimido,606.0475,2026-09-25,"PAMI, precio de venta al público: CORBIS (Roemmers)",minorista,,sí,Medicamentos
Bisoprolol+hidroclorotiazida 5/12.5 mg comprimidos,comprimido,689.5765,2026-09-25,"PAMI, precio de venta al público: CORBIS D (Roemmers)",minorista,,sí,Medicamentos
Bisoprolol+hidroclorotiazida 5/12.5 mg comprimidos,comprimido,766.1333,2026-09-25,"PAMI, precio de venta al público: CORBIS D (Roemmers)",minorista,,sí,Medicamentos
Cefalexina 1 g comprimidos,comprimido,2012.7143,2026-09-25,"PAMI, precio de venta al público: CEPOREXIN DUO 1 GR (Roemmers)",minorista,,sí,Medicamentos
Cefalexina 500 mg comprimidos,comprimido,909.5000,2026-09-25,"PAMI, precio de venta al público: CEPOREXIN (Roemmers)",minorista,,sí,Medicamentos
Cefalexina 500 mg comprimidos,comprimido,1050.3537,2026-09-25,"PAMI, precio de venta al público: CEPOREXIN (Roemmers)",minorista,,sí,Medicamentos
Cefalexina 500 mg suspensión oral,1 ml,8.5734,2026-09-25,"PAMI, precio de venta al público: CEPOREXIN (Roemmers)",minorista,,sí,Medicamentos
Cefalexina 500 mg suspensión oral,1 ml,162.2997,2026-09-25,"PAMI, precio de venta al público: CEPOREXIN (Roemmers)",minorista,,sí,Medicamentos
Cefalexina 750 mg suspensión oral,1 ml,187.1222,2026-09-25,"PAMI, precio de venta al público: CEPOREXIN DUO 750 (Roemmers)",minorista,,sí,Medicamentos
Cilostazol 100 mg comprimidos,comprimido,1469.6527,2026-09-25,"PAMI, precio de venta al público: CILAAL 100 (Roemmers)",minorista,,sí,Medicamentos
Cilostazol 50 mg comprimidos,comprimido,737.6183,2026-09-25,"PAMI, precio de venta al público: CILAAL 50 (Roemmers)",minorista,,sí,Medicamentos
Cinitaprida 1 mg comprimidos,comprimido,1096.0000,2026-09-25,"PAMI, precio de venta al público: ROGASTRIL (Roemmers)",minorista,,sí,Medicamentos
Cinitaprida 1 mg comprimidos,comprimido,882.9267,2026-09-25,"PAMI, precio de venta al público: ROGASTRIL (Roemmers)",minorista,,sí,Medicamentos
Ciprofloxacina 500 mg comprimidos,comprimido,2241.1970,2026-09-25,"PAMI, precio de venta al público: CIRIAX (Roemmers)",minorista,,sí,Medicamentos
Ciprofloxacina 500 mg comprimidos,comprimido,2054.0480,2026-09-25,"PAMI, precio de venta al público: CIRIAX (Roemmers)",minorista,,sí,Medicamentos
Colindifosfato de citidina 250 mg comprimidos,comprimido,1986.5257,2026-09-25,"PAMI, precio de venta al público: COMPLEGEL NOVO (Roemmers)",minorista,,sí,Medicamentos
Dapagliflozina 10 mg comprimidos,comprimido,2392.6333,2026-09-25,"PAMI, precio de venta al público: ACUS (Roemmers)",minorista,,sí,Medicamentos
Desloratadina 5 mg comprimidos,comprimido,962.8571,2026-09-25,"PAMI, precio de venta al público: FRENALER (Roemmers)",minorista,,sí,Medicamentos
Desloratadina 5 mg comprimidos,comprimido,931.4667,2026-09-25,"PAMI, precio de venta al público: FRENALER (Roemmers)",minorista,,sí,Medicamentos
Desloratadina 5 mg comprimidos,comprimido,1093.7143,2026-09-25,"PAMI, precio de venta al público: FRENALER (Roemmers)",minorista,,sí,Medicamentos
Desvenlafaxina 100 mg comprimidos de liberación prolongada,comprimido,1515.9650,2026-09-25,"PAMI, precio de venta al público: IXIUM (Roemmers)",minorista,,sí,Medicamentos
Desvenlafaxina 100 mg comprimidos de liberación prolongada,comprimido,1978.7000,2026-09-25,"PAMI, precio de venta al público: IXIUM (Roemmers)",minorista,,sí,Medicamentos
Desvenlafaxina 50 mg comprimidos de liberación prolongada,comprimido,1170.3890,2026-09-25,"PAMI, precio de venta al público: IXIUM (Roemmers)",minorista,,sí,Medicamentos
Desvenlafaxina 50 mg comprimidos de liberación prolongada,comprimido,1253.3455,2026-09-25,"PAMI, precio de venta al público: IXIUM (Roemmers)",minorista,,sí,Medicamentos
Diazepam 10 mg comprimidos,comprimido,309.7818,2026-09-25,"PAMI, precio de venta al público: PLIDAN (Roemmers)",minorista,,sí,Medicamentos
Diazepam 2 mg comprimidos,comprimido,205.9355,2026-09-25,"PAMI, precio de venta al público: PLIDAN (Roemmers)",minorista,,sí,Medicamentos
Diazepam 2 mg comprimidos,comprimido,166.7058,2026-09-25,"PAMI, precio de venta al público: PLIDAN (Roemmers)",minorista,,sí,Medicamentos
Diazepam 5 mg comprimidos,comprimido,250.5182,2026-09-25,"PAMI, precio de venta al público: PLIDAN (Roemmers)",minorista,,sí,Medicamentos
Digoxina 0.25 mg comprimidos,comprimido,168.6794,2026-09-25,"PAMI, precio de venta al público: LANOXIN (DIGOXINA) (Roemmers)",minorista,,sí,Medicamentos
Digoxina 0.25 mg comprimidos,comprimido,408.1960,2026-09-25,"PAMI, precio de venta al público: LANOXIN (DIGOXINA) (Roemmers)",minorista,,sí,Medicamentos
Digoxina 0.25 mg comprimidos,comprimido,393.6364,2026-09-25,"PAMI, precio de venta al público: LANOXIN (DIGOXINA) (Roemmers)",minorista,,sí,Medicamentos
Diltiazem 120 mg comprimidos,comprimido,575.7440,2026-09-25,"PAMI, precio de venta al público: ACALIX (Roemmers)",minorista,,sí,Medicamentos
Diltiazem 120 mg cápsulas,cápsula,895.3790,2026-09-25,"PAMI, precio de venta al público: ACALIX AP (Roemmers)",minorista,,sí,Medicamentos
Diltiazem 180 mg cápsulas,cápsula,24.8157,2026-09-25,"PAMI, precio de venta al público: ACALIX CD (Roemmers)",minorista,,sí,Medicamentos
Diltiazem 180 mg cápsulas,cápsula,1021.1480,2026-09-25,"PAMI, precio de venta al público: ACALIX CRONOS (Roemmers)",minorista,,sí,Medicamentos
Diltiazem 240 mg cápsulas,cápsula,52.2560,2026-09-25,"PAMI, precio de venta al público: ACALIX CD (Roemmers)",minorista,,sí,Medicamentos
Diltiazem 240 mg cápsulas,cápsula,1491.6873,2026-09-25,"PAMI, precio de venta al público: ACALIX CRONOS (Roemmers)",minorista,,sí,Medicamentos
Diltiazem 300 mg cápsulas,cápsula,1672.7707,2026-09-25,"PAMI, precio de venta al público: ACALIX CRONOS (Roemmers)",minorista,,sí,Medicamentos
Diltiazem 60 mg comprimidos,comprimido,224.8030,2026-09-25,"PAMI, precio de venta al público: ACALIX (Roemmers)",minorista,,sí,Medicamentos
Diltiazem 90 mg comprimidos,comprimido,323.2800,2026-09-25,"PAMI, precio de venta al público: ACALIX (Roemmers)",minorista,,sí,Medicamentos
Empagliflozina 10 mg comprimidos,comprimido,3111.4200,2026-09-25,"PAMI, precio de venta al público: EDAGAN (Roemmers)",minorista,,sí,Medicamentos
Empagliflozina 25 mg comprimidos,comprimido,3344.1797,2026-09-25,"PAMI, precio de venta al público: EDAGAN (Roemmers)",minorista,,sí,Medicamentos
Enalapril 10 mg comprimidos,comprimido,392.1660,2026-09-25,"PAMI, precio de venta al público: LOTRIAL (Roemmers)",minorista,,sí,Medicamentos
Enalapril 10 mg comprimidos,comprimido,389.4706,2026-09-25,"PAMI, precio de venta al público: LOTRIAL (Roemmers)",minorista,,sí,Medicamentos
Enalapril 10 mg comprimidos,comprimido,363.0333,2026-09-25,"PAMI, precio de venta al público: LOTRIAL (Roemmers)",minorista,,sí,Medicamentos
Enalapril 2.5 mg comprimidos,comprimido,98.3647,2026-09-25,"PAMI, precio de venta al público: LOTRIAL (Roemmers)",minorista,,sí,Medicamentos
Enalapril 2.5 mg comprimidos,comprimido,96.4477,2026-09-25,"PAMI, precio de venta al público: LOTRIAL (Roemmers)",minorista,,sí,Medicamentos
Enalapril 20 mg comprimidos,comprimido,443.6963,2026-09-25,"PAMI, precio de venta al público: LOTRIAL (Roemmers)",minorista,,sí,Medicamentos
Enalapril 20 mg comprimidos,comprimido,431.2453,2026-09-25,"PAMI, precio de venta al público: LOTRIAL (Roemmers)",minorista,,sí,Medicamentos
Enalapril 5 mg comprimidos,comprimido,205.8707,2026-09-25,"PAMI, precio de venta al público: LOTRIAL (Roemmers)",minorista,,sí,Medicamentos
Enalapril 5 mg comprimidos,comprimido,201.7600,2026-09-25,"PAMI, precio de venta al público: LOTRIAL (Roemmers)",minorista,,sí,Medicamentos
Enalapril 5 mg comprimidos,comprimido,197.0500,2026-09-25,"PAMI, precio de venta al público: LOTRIAL (Roemmers)",minorista,,sí,Medicamentos
Eplerenona 25 mg comprimidos,comprimido,1343.4950,2026-09-25,"PAMI, precio de venta al público: OLDREN (Roemmers)",minorista,,sí,Medicamentos
Eplerenona 50 mg comprimidos,comprimido,1943.8333,2026-09-25,"PAMI, precio de venta al público: OLDREN (Roemmers)",minorista,,sí,Medicamentos
Escitalopram 10 mg comprimidos,comprimido,1412.2587,2026-09-25,"PAMI, precio de venta al público: MERIDIAN (Roemmers)",minorista,,sí,Medicamentos
Escitalopram 10 mg comprimidos,comprimido,1371.1000,2026-09-25,"PAMI, precio de venta al público: MERIDIAN (Roemmers)",minorista,,sí,Medicamentos
Escitalopram 10 mg comprimidos,comprimido,1233.9950,2026-09-25,"PAMI, precio de venta al público: MERIDIAN (Roemmers)",minorista,,sí,Medicamentos
Escitalopram 20 mg comprimidos,comprimido,2508.7333,2026-09-25,"PAMI, precio de venta al público: MERIDIAN 20 (Roemmers)",minorista,,sí,Medicamentos
Escitalopram 20 mg comprimidos,comprimido,2435.6637,2026-09-25,"PAMI, precio de venta al público: MERIDIAN 20 (Roemmers)",minorista,,sí,Medicamentos
Eszopiclona 2 mg comprimidos,comprimido,670.4197,2026-09-25,"PAMI, precio de venta al público: INDUCTAL (Roemmers)",minorista,,sí,Medicamentos
Eszopiclona 3 mg comprimidos,comprimido,837.8300,2026-09-25,"PAMI, precio de venta al público: INDUCTAL (Roemmers)",minorista,,sí,Medicamentos
Etoricoxib 120 mg comprimidos,comprimido,2293.5600,2026-09-25,"PAMI, precio de venta al público: DORICOXIB 120 (Roemmers)",minorista,,sí,Medicamentos
Etoricoxib 60 mg comprimidos,comprimido,1479.9000,2026-09-25,"PAMI, precio de venta al público: DORICOXIB 60 (Roemmers)",minorista,,sí,Medicamentos
Etoricoxib 60 mg comprimidos,comprimido,1370.1333,2026-09-25,"PAMI, precio de venta al público: DORICOXIB 60 (Roemmers)",minorista,,sí,Medicamentos
Etoricoxib 90 mg comprimidos,comprimido,2205.5000,2026-09-25,"PAMI, precio de venta al público: DORICOXIB 90 (Roemmers)",minorista,,sí,Medicamentos
Etoricoxib 90 mg comprimidos,comprimido,1783.3000,2026-09-25,"PAMI, precio de venta al público: DORICOXIB 90 (Roemmers)",minorista,,sí,Medicamentos
Ezetimibe 10 mg comprimidos,comprimido,748.2000,2026-09-25,"PAMI, precio de venta al público: IXACOR (Roemmers)",minorista,,sí,Medicamentos
Ezetimibe+simvastatin 10/10 mg comprimidos,comprimido,976.5523,2026-09-25,"PAMI, precio de venta al público: VASOTENAL EZ (Roemmers)",minorista,,sí,Medicamentos
Ezetimibe+simvastatin 20/10 mg comprimidos,comprimido,974.7000,2026-09-25,"PAMI, precio de venta al público: VASOTENAL EZ (Roemmers)",minorista,,sí,Medicamentos
Famotidina 20 mg comprimidos,comprimido,350.0333,2026-09-25,"PAMI, precio de venta al público: TAURAL F 20 (Roemmers)",minorista,,sí,Medicamentos
Famotidina 20 mg comprimidos,comprimido,314.6500,2026-09-25,"PAMI, precio de venta al público: TAURAL F 20 (Roemmers)",minorista,,sí,Medicamentos
Famotidina 40 mg comprimidos,comprimido,677.9667,2026-09-25,"PAMI, precio de venta al público: TAURAL F 40 (Roemmers)",minorista,,sí,Medicamentos
"Fenofíbrico,ác. 135 mg cápsulas de liberación prolongada",cápsula,1460.6677,2026-09-25,"PAMI, precio de venta al público: CRAVERIL XR (Roemmers)",minorista,,sí,Medicamentos
"Fenofíbrico,ác. 45 mg cápsulas de liberación prolongada",cápsula,1239.0367,2026-09-25,"PAMI, precio de venta al público: CRAVERIL XR (Roemmers)",minorista,,sí,Medicamentos
Fluconazol 150 mg cápsulas,cápsula,9629.2700,2026-09-25,"PAMI, precio de venta al público: MICOLIS NOVO (Roemmers)",minorista,,sí,Medicamentos
Fluconazol 150 mg cápsulas,cápsula,8953.6850,2026-09-25,"PAMI, precio de venta al público: MICOLIS NOVO (Roemmers)",minorista,,sí,Medicamentos
Gliclazida 30mg comprimidos de liberación prolongada,comprimido,553.0117,2026-09-25,"PAMI, precio de venta al público: TRADON MR (Roemmers)",minorista,,sí,Medicamentos
Gliclazida 30mg comprimidos de liberación prolongada,comprimido,541.8578,2026-09-25,"PAMI, precio de venta al público: TRADON MR (Roemmers)",minorista,,sí,Medicamentos
Gliclazida 60mg comprimidos de liberación prolongada,comprimido,1028.2917,2026-09-25,"PAMI, precio de venta al público: TRADON 60 MR (Roemmers)",minorista,,sí,Medicamentos
Gliclazida 60mg comprimidos de liberación prolongada,comprimido,1003.1158,2026-09-25,"PAMI, precio de venta al público: TRADON 60 MR (Roemmers)",minorista,,sí,Medicamentos
Glimepiride 2 mg comprimidos,comprimido,461.6173,2026-09-25,"PAMI, precio de venta al público: ENDIAL (Roemmers)",minorista,,sí,Medicamentos
Glimepiride 2 mg comprimidos,comprimido,464.1977,2026-09-25,"PAMI, precio de venta al público: ENDIAL (Roemmers)",minorista,,sí,Medicamentos
Glimepiride 4 mg comprimidos,comprimido,826.1000,2026-09-25,"PAMI, precio de venta al público: ENDIAL (Roemmers)",minorista,,sí,Medicamentos
Glimepiride 4 mg comprimidos,comprimido,779.4995,2026-09-25,"PAMI, precio de venta al público: ENDIAL (Roemmers)",minorista,,sí,Medicamentos
Glimepiride+metformina 2/1000 mg comprimidos,comprimido,540.3000,2026-09-25,"PAMI, precio de venta al público: ENDIAL MET 2 (Roemmers)",minorista,,sí,Medicamentos
Glimepiride+metformina 2/1000 mg comprimidos,comprimido,510.0667,2026-09-25,"PAMI, precio de venta al público: ENDIAL MET 2 (Roemmers)",minorista,,sí,Medicamentos
Glimepiride+metformina 4/1000 mg comprimidos,comprimido,953.2000,2026-09-25,"PAMI, precio de venta al público: ENDIAL MET 4 (Roemmers)",minorista,,sí,Medicamentos
Glimepiride+metformina 4/1000 mg comprimidos,comprimido,881.3333,2026-09-25,"PAMI, precio de venta al público: ENDIAL MET 4 (Roemmers)",minorista,,sí,Medicamentos
Ibuprofeno 400 mg comprimidos,comprimido,225.7000,2026-09-25,"PAMI, precio de venta al público: FEBRATIC (Roemmers)",minorista,,sí,Medicamentos
"Isosorbide,dinitrato 5 mg comprimidos sublinguales",comprimido,307.6243,2026-09-25,"PAMI, precio de venta al público: MEDOCOR SUBLINGUAL (Roemmers)",minorista,,sí,Medicamentos
Ketorolac 10 mg comprimidos,comprimido,773.3000,2026-09-25,"PAMI, precio de venta al público: DORIXINA FORTE NF (Roemmers)",minorista,,sí,Medicamentos
Ketorolac 10 mg comprimidos sublinguales,comprimido,1269.1000,2026-09-25,"PAMI, precio de venta al público: DORIXINA FORTE NF (Roemmers)",minorista,,sí,Medicamentos
Ketorolac 10 mg comprimidos sublinguales,comprimido,1232.0920,2026-09-25,"PAMI, precio de venta al público: DORIXINA FORTE NF (Roemmers)",minorista,,sí,Medicamentos
Ketorolac 20 mg comprimidos,comprimido,1404.1810,2026-09-25,"PAMI, precio de venta al público: DORIXINA FORTE NF (Roemmers)",minorista,,sí,Medicamentos
Levofloxacina 500 mg comprimidos,comprimido,2384.4500,2026-09-25,"PAMI, precio de venta al público: LEXOBRON 500 (Roemmers)",minorista,,sí,Medicamentos
Levofloxacina 750 mg comprimidos,comprimido,3816.3020,2026-09-25,"PAMI, precio de venta al público: LEXOBRON 750 (Roemmers)",minorista,,sí,Medicamentos
Levomepromazina 2 mg comprimidos,comprimido,268.2317,2026-09-25,"PAMI, precio de venta al público: TOGREL (Roemmers)",minorista,,sí,Medicamentos
Levomepromazina 2 mg comprimidos,comprimido,216.0932,2026-09-25,"PAMI, precio de venta al público: TOGREL (Roemmers)",minorista,,sí,Medicamentos
Levomepromazina 25 mg comprimidos,comprimido,561.5850,2026-09-25,"PAMI, precio de venta al público: TOGREL (Roemmers)",minorista,,sí,Medicamentos
Levomepromazina 25 mg comprimidos,comprimido,740.3946,2026-09-25,"PAMI, precio de venta al público: TOGREL (Roemmers)",minorista,,sí,Medicamentos
Losartán 100 mg comprimidos,comprimido,1301.9000,2026-09-25,"PAMI, precio de venta al público: LOSACOR (Roemmers)",minorista,,sí,Medicamentos
Losartán 100 mg comprimidos,comprimido,988.2752,2026-09-25,"PAMI, precio de venta al público: LOSACOR (Roemmers)",minorista,,sí,Medicamentos
Losartán 50 mg comprimidos,comprimido,1064.7667,2026-09-25,"PAMI, precio de venta al público: LOSACOR (Roemmers)",minorista,,sí,Medicamentos
Losartán 50 mg comprimidos,comprimido,1004.9500,2026-09-25,"PAMI, precio de venta al público: LOSACOR (Roemmers)",minorista,,sí,Medicamentos
Losartán+hidroclorotiazida 100/25 mg comprimidos,comprimido,1353.5667,2026-09-25,"PAMI, precio de venta al público: LOSACOR D (Roemmers)",minorista,,sí,Medicamentos
Losartán+hidroclorotiazida 50/12.5 mg comprimidos,comprimido,1245.7667,2026-09-25,"PAMI, precio de venta al público: LOSACOR D (Roemmers)",minorista,,sí,Medicamentos
Meloxicam 15 mg comprimidos,comprimido,1346.5000,2026-09-25,"PAMI, precio de venta al público: BRONAX (Roemmers)",minorista,,sí,Medicamentos
Meloxicam 15 mg comprimidos,comprimido,1317.0500,2026-09-25,"PAMI, precio de venta al público: BRONAX (Roemmers)",minorista,,sí,Medicamentos
Meloxicam 15 mg comprimidos,comprimido,1230.5000,2026-09-25,"PAMI, precio de venta al público: BRONAX (Roemmers)",minorista,,sí,Medicamentos
Meloxicam 15 mg cápsulas,cápsula,1427.4000,2026-09-25,"PAMI, precio de venta al público: BRONAX CB (Roemmers)",minorista,,sí,Medicamentos
Meloxicam 15 mg cápsulas,cápsula,1276.1333,2026-09-25,"PAMI, precio de venta al público: BRONAX CB (Roemmers)",minorista,,sí,Medicamentos
Memantine+donepezilo 14/10 cápsulas de liberación prolongada,cápsula,2041.4000,2026-09-25,"PAMI, precio de venta al público: MERITAL XR PLUS (Roemmers)",minorista,,sí,Medicamentos
Memantine+donepezilo 28/10 cápsulas de liberación prolongada,cápsula,2254.7333,2026-09-25,"PAMI, precio de venta al público: MERITAL XR PLUS (Roemmers)",minorista,,sí,Medicamentos
Metformina 1000 mg comprimidos,comprimido,949.7000,2026-09-25,"PAMI, precio de venta al público: ISLOTIN XR 1000 (Roemmers)",minorista,,sí,Medicamentos
Metformina 1000 mg comprimidos,comprimido,887.3667,2026-09-25,"PAMI, precio de venta al público: ISLOTIN XR 1000 (Roemmers)",minorista,,sí,Medicamentos
Metformina 1000 mg comprimidos,comprimido,566.4372,2026-09-25,"PAMI, precio de venta al público: ISLOTIN 1000 (Roemmers)",minorista,,sí,Medicamentos
Metformina 1000 mg comprimidos,comprimido,707.5370,2026-09-25,"PAMI, precio de venta al público: ISLOTIN 1000 (Roemmers)",minorista,,sí,Medicamentos
Metformina 1000 mg comprimidos,comprimido,604.6737,2026-09-25,"PAMI, precio de venta al público: ISLOTIN 1000 (Roemmers)",minorista,,sí,Medicamentos
Metformina 500 mg comprimidos,comprimido,465.3043,2026-09-25,"PAMI, precio de venta al público: ISLOTIN XR (Roemmers)",minorista,,sí,Medicamentos
Metformina 500 mg comprimidos,comprimido,442.0887,2026-09-25,"PAMI, precio de venta al público: ISLOTIN XR (Roemmers)",minorista,,sí,Medicamentos
Metformina 500 mg comprimidos,comprimido,282.4500,2026-09-25,"PAMI, precio de venta al público: ISLOTIN (Roemmers)",minorista,,sí,Medicamentos
Metformina 500 mg comprimidos,comprimido,298.6333,2026-09-25,"PAMI, precio de venta al público: ISLOTIN (Roemmers)",minorista,,sí,Medicamentos
Metformina 750 mg comprimidos,comprimido,728.4580,2026-09-25,"PAMI, precio de venta al público: ISLOTIN XR 750 (Roemmers)",minorista,,sí,Medicamentos
Metformina 750 mg comprimidos,comprimido,680.4143,2026-09-25,"PAMI, precio de venta al público: ISLOTIN XR 750 (Roemmers)",minorista,,sí,Medicamentos
Metformina 850 mg comprimidos,comprimido,483.7135,2026-09-25,"PAMI, precio de venta al público: ISLOTIN RETARD (Roemmers)",minorista,,sí,Medicamentos
Metformina 850 mg comprimidos,comprimido,506.1087,2026-09-25,"PAMI, precio de venta al público: ISLOTIN RETARD (Roemmers)",minorista,,sí,Medicamentos
Metformina 850 mg comprimidos,comprimido,499.8043,2026-09-25,"PAMI, precio de venta al público: ISLOTIN RETARD (Roemmers)",minorista,,sí,Medicamentos
Montelukast 10 mg comprimidos,comprimido,1641.8333,2026-09-25,"PAMI, precio de venta al público: PLENAIR 10 (Roemmers)",minorista,,sí,Medicamentos
Montelukast 4 mg comprimidos masticables,comprimido,1284.6533,2026-09-25,"PAMI, precio de venta al público: PLENAIR 4 (Roemmers)",minorista,,sí,Medicamentos
Montelukast 4 mg gran. sobres,sobre,1266.2630,2026-09-25,"PAMI, precio de venta al público: PLENAIR 4 (Roemmers)",minorista,,sí,Medicamentos
Montelukast 5 mg comprimidos masticables,comprimido,1565.5000,2026-09-25,"PAMI, precio de venta al público: PLENAIR 5 (Roemmers)",minorista,,sí,Medicamentos
Nebivolol 10 mg comprimidos,comprimido,1441.5293,2026-09-25,"PAMI, precio de venta al público: CORPRES 10 (Roemmers)",minorista,,sí,Medicamentos
Nebivolol 10 mg comprimidos,comprimido,1447.8120,2026-09-25,"PAMI, precio de venta al público: CORPRES 10 (Roemmers)",minorista,,sí,Medicamentos
Nebivolol 2.5 mg comprimidos,comprimido,369.7230,2026-09-25,"PAMI, precio de venta al público: CORPRES 2.5 (Roemmers)",minorista,,sí,Medicamentos
Nebivolol 2.5 mg comprimidos,comprimido,361.2638,2026-09-25,"PAMI, precio de venta al público: CORPRES 2.5 (Roemmers)",minorista,,sí,Medicamentos
Nebivolol 5 mg comprimidos,comprimido,755.9307,2026-09-25,"PAMI, precio de venta al público: CORPRES 5 (Roemmers)",minorista,,sí,Medicamentos
Nebivolol 5 mg comprimidos,comprimido,757.0637,2026-09-25,"PAMI, precio de venta al público: CORPRES 5 (Roemmers)",minorista,,sí,Medicamentos
Nebivolol+hidroclorotiazida 5/12.5 mg comprimidos,comprimido,913.8923,2026-09-25,"PAMI, precio de venta al público: CORPRES D (Roemmers)",minorista,,sí,Medicamentos
Nebivolol+hidroclorotiazida 5/12.5 mg comprimidos,comprimido,913.8940,2026-09-25,"PAMI, precio de venta al público: CORPRES D (Roemmers)",minorista,,sí,Medicamentos
Nitazoxanida 500 mg comprimidos,comprimido,1555.4283,2026-09-25,"PAMI, precio de venta al público: NIXORAN (Roemmers)",minorista,,sí,Medicamentos
Piridostigmina 180 mg comprimidos,comprimido,2728.6000,2026-09-25,"PAMI, precio de venta al público: MESTINON TS (Roemmers)",minorista,,sí,Medicamentos
Piridostigmina 60 mg comprimidos,comprimido,851.9600,2026-09-25,"PAMI, precio de venta al público: MESTINON (Roemmers)",minorista,,sí,Medicamentos
Prasugrel 10 mg comprimidos,comprimido,2046.1000,2026-09-25,"PAMI, precio de venta al público: PROCARDIA (Roemmers)",minorista,,sí,Medicamentos
Prasugrel 5 mg comprimidos,comprimido,855.4507,2026-09-25,"PAMI, precio de venta al público: PROCARDIA (Roemmers)",minorista,,sí,Medicamentos
Pregabalina 150 mg cápsulas,cápsula,2360.9603,2026-09-25,"PAMI, precio de venta al público: PLENICA (Roemmers)",minorista,,sí,Medicamentos
Pregabalina 25 mg cápsulas,cápsula,469.9663,2026-09-25,"PAMI, precio de venta al público: PLENICA (Roemmers)",minorista,,sí,Medicamentos
Pregabalina 300 mg cápsulas,cápsula,3177.4000,2026-09-25,"PAMI, precio de venta al público: PLENICA (Roemmers)",minorista,,sí,Medicamentos
Pregabalina 50 mg cápsulas,cápsula,1099.3333,2026-09-25,"PAMI, precio de venta al público: PLENICA (Roemmers)",minorista,,sí,Medicamentos
Pregabalina 50 mg cápsulas,cápsula,1067.9660,2026-09-25,"PAMI, precio de venta al público: PLENICA (Roemmers)",minorista,,sí,Medicamentos
Pregabalina 75 mg comprimidos,comprimido,1712.9333,2026-09-25,"PAMI, precio de venta al público: PLENICA 75 PRACTIDOSIS (Roemmers)",minorista,,sí,Medicamentos
Pregabalina 75 mg comprimidos,comprimido,1663.2333,2026-09-25,"PAMI, precio de venta al público: PLENICA 75 PRACTIDOSIS (Roemmers)",minorista,,sí,Medicamentos
Pregabalina 75 mg cápsulas,cápsula,1587.4667,2026-09-25,"PAMI, precio de venta al público: PLENICA (Roemmers)",minorista,,sí,Medicamentos
Pregabalina 75 mg cápsulas,cápsula,1555.6260,2026-09-25,"PAMI, precio de venta al público: PLENICA (Roemmers)",minorista,,sí,Medicamentos
Pregabalina 75 mg cápsulas,cápsula,1499.1802,2026-09-25,"PAMI, precio de venta al público: PLENICA (Roemmers)",minorista,,sí,Medicamentos
Quetiapina 100 mg comprimidos,comprimido,3623.6650,2026-09-25,"PAMI, precio de venta al público: INQUETIA (Roemmers)",minorista,,sí,Medicamentos
Quetiapina 200 mg comprimidos,comprimido,4444.6333,2026-09-25,"PAMI, precio de venta al público: INQUETIA (Roemmers)",minorista,,sí,Medicamentos
Quetiapina 25 mg comprimidos,comprimido,2148.5923,2026-09-25,"PAMI, precio de venta al público: INQUETIA (Roemmers)",minorista,,sí,Medicamentos
Rasagilina 1 mg comprimidos,comprimido,1185.2333,2026-09-25,"PAMI, precio de venta al público: ELBRUS (Roemmers)",minorista,,sí,Medicamentos
Rifaximina 200 mg comprimidos,comprimido,1193.2000,2026-09-25,"PAMI, precio de venta al público: LISIBACTER (Roemmers)",minorista,,sí,Medicamentos
Rifaximina 200 mg comprimidos,comprimido,983.1220,2026-09-25,"PAMI, precio de venta al público: LISIBACTER (Roemmers)",minorista,,sí,Medicamentos
Rifaximina 400 mg comprimidos,comprimido,1923.9247,2026-09-25,"PAMI, precio de venta al público: LISIBACTER (Roemmers)",minorista,,sí,Medicamentos
Rifaximina 550 mg comprimidos,comprimido,3354.8700,2026-09-25,"PAMI, precio de venta al público: LISIBACTER (Roemmers)",minorista,,sí,Medicamentos
Rifaximina 550 mg comprimidos,comprimido,2881.2620,2026-09-25,"PAMI, precio de venta al público: LISIBACTER (Roemmers)",minorista,,sí,Medicamentos
Rifaximina 550 mg comprimidos,comprimido,2045.7382,2026-09-25,"PAMI, precio de venta al público: LISIBACTER (Roemmers)",minorista,,sí,Medicamentos
Rosuvastatina 10 mg comprimidos,comprimido,993.6333,2026-09-25,"PAMI, precio de venta al público: ROVARTAL (Roemmers)",minorista,,sí,Medicamentos
Rosuvastatina 10 mg comprimidos,comprimido,960.2333,2026-09-25,"PAMI, precio de venta al público: ROVARTAL (Roemmers)",minorista,,sí,Medicamentos
Rosuvastatina 20 mg comprimidos,comprimido,1779.7333,2026-09-25,"PAMI, precio de venta al público: ROVARTAL (Roemmers)",minorista,,sí,Medicamentos
Rosuvastatina 20 mg comprimidos,comprimido,1691.6608,2026-09-25,"PAMI, precio de venta al público: ROVARTAL (Roemmers)",minorista,,sí,Medicamentos
Rosuvastatina 40 mg comprimidos,comprimido,3008.7170,2026-09-25,"PAMI, precio de venta al público: ROVARTAL (Roemmers)",minorista,,sí,Medicamentos
Rosuvastatina 5 mg comprimidos,comprimido,655.5000,2026-09-25,"PAMI, precio de venta al público: ROVARTAL (Roemmers)",minorista,,sí,Medicamentos
Rosuvastatina 5 mg comprimidos,comprimido,588.1130,2026-09-25,"PAMI, precio de venta al público: ROVARTAL (Roemmers)",minorista,,sí,Medicamentos
Rosuvastatina+ezetimibe 10 mg cápsulas,cápsula,1214.6837,2026-09-25,"PAMI, precio de venta al público: ROVARTAL EZ (Roemmers)",minorista,,sí,Medicamentos
Rosuvastatina+ezetimibe 20 mg cápsulas,cápsula,2099.4000,2026-09-25,"PAMI, precio de venta al público: ROVARTAL EZ (Roemmers)",minorista,,sí,Medicamentos
Rosuvastatina+ezetimibe 5 mg cápsulas,cápsula,1118.6667,2026-09-25,"PAMI, precio de venta al público: ROVARTAL EZ (Roemmers)",minorista,,sí,Medicamentos
Sertralina 100 mg comprimidos,comprimido,1487.7720,2026-09-25,"PAMI, precio de venta al público: ASERTRAL (Roemmers)",minorista,,sí,Medicamentos
Sertralina 100 mg comprimidos,comprimido,1268.1402,2026-09-25,"PAMI, precio de venta al público: ASERTRAL (Roemmers)",minorista,,sí,Medicamentos
Sertralina 50 mg comprimidos,comprimido,994.6983,2026-09-25,"PAMI, precio de venta al público: ASERTRAL (Roemmers)",minorista,,sí,Medicamentos
Sertralina 50 mg comprimidos,comprimido,833.4708,2026-09-25,"PAMI, precio de venta al público: ASERTRAL (Roemmers)",minorista,,sí,Medicamentos
Sildenafil 100 mg comprimidos,comprimido,4491.6667,2026-09-25,"PAMI, precio de venta al público: VIMAX (Roemmers)",minorista,,sí,Medicamentos
Sildenafil 25 mg comprimidos,comprimido,2477.4550,2026-09-25,"PAMI, precio de venta al público: VIMAX (Roemmers)",minorista,,sí,Medicamentos
Sildenafil 50 mg comprimidos masticables,comprimido,3251.8850,2026-09-25,"PAMI, precio de venta al público: VIMAX 50 (Roemmers)",minorista,,sí,Medicamentos
Sildenafil 50 mg comprimidos,comprimido,3308.9900,2026-09-25,"PAMI, precio de venta al público: VIMAX (Roemmers)",minorista,,sí,Medicamentos
Sildenafil 50 mg comprimidos,comprimido,3266.5000,2026-09-25,"PAMI, precio de venta al público: VIMAX (Roemmers)",minorista,,sí,Medicamentos
Sildenafil 50mg comprimidos,comprimido,3223.4667,2026-09-25,"PAMI, precio de venta al público: VIMAX FLASH 50 (Roemmers)",minorista,,sí,Medicamentos
Simvastatin 10 mg comprimidos,comprimido,930.7333,2026-09-25,"PAMI, precio de venta al público: VASOTENAL (Roemmers)",minorista,,sí,Medicamentos
Simvastatin 20 mg comprimidos,comprimido,1245.8583,2026-09-25,"PAMI, precio de venta al público: VASOTENAL (Roemmers)",minorista,,sí,Medicamentos
Simvastatin 5 mg comprimidos,comprimido,245.6333,2026-09-25,"PAMI, precio de venta al público: VASOTENAL (Roemmers)",minorista,,sí,Medicamentos
Sitagliptina 100 mg comprimidos,comprimido,3540.8457,2026-09-25,"PAMI, precio de venta al público: AGLIPTIN (Roemmers)",minorista,,sí,Medicamentos
Sitagliptina 50 mg comprimidos,comprimido,3328.9667,2026-09-25,"PAMI, precio de venta al público: AGLIPTIN (Roemmers)",minorista,,sí,Medicamentos
"Sitagliptina+metformina,clorh. 50/1000 mg comprimidos",comprimido,2306.1667,2026-09-25,"PAMI, precio de venta al público: AGLIPTIN MET (Roemmers)",minorista,,sí,Medicamentos
"Sitagliptina+metformina,clorh. 50/1000 mg comprimidos",comprimido,1962.9873,2026-09-25,"PAMI, precio de venta al público: AGLIPTIN MET (Roemmers)",minorista,,sí,Medicamentos
"Sitagliptina+metformina,clorh. 50/500 mg comprimidos",comprimido,1869.4860,2026-09-25,"PAMI, precio de venta al público: AGLIPTIN MET (Roemmers)",minorista,,sí,Medicamentos
"Sitagliptina+metformina,clorh. 50/850 mg comprimidos",comprimido,1811.1830,2026-09-25,"PAMI, precio de venta al público: AGLIPTIN MET (Roemmers)",minorista,,sí,Medicamentos
"Sitagliptina+metformina,clorh. 50/850 mg comprimidos",comprimido,1907.2000,2026-09-25,"PAMI, precio de venta al público: AGLIPTIN MET (Roemmers)",minorista,,sí,Medicamentos
"Sodio,divalproato 125 mg comprimidos",comprimido,621.9933,2026-09-25,"PAMI, precio de venta al público: IMPROVAL 125 (Roemmers)",minorista,,sí,Medicamentos
"Sodio,divalproato 250 mg comprimidos",comprimido,1037.3667,2026-09-25,"PAMI, precio de venta al público: IMPROVAL 250 (Roemmers)",minorista,,sí,Medicamentos
"Sodio,divalproato 500 mg comprimidos",comprimido,1709.2220,2026-09-25,"PAMI, precio de venta al público: IMPROVAL 500 (Roemmers)",minorista,,sí,Medicamentos
"Sodio,divalproato 500 mg comprimidos",comprimido,1581.3000,2026-09-25,"PAMI, precio de venta al público: IMPROVAL 500 (Roemmers)",minorista,,sí,Medicamentos
Solifenacina 10 mg comprimidos,comprimido,1818.5497,2026-09-25,"PAMI, precio de venta al público: SOLFACINA (Roemmers)",minorista,,sí,Medicamentos
Solifenacina 5 mg comprimidos,comprimido,1609.2887,2026-09-25,"PAMI, precio de venta al público: SOLFACINA (Roemmers)",minorista,,sí,Medicamentos
Sumatriptán 100 mg comprimidos,comprimido,14310.8050,2026-09-25,"PAMI, precio de venta al público: MIGRATRIPTAN (Roemmers)",minorista,,sí,Medicamentos
Sumatriptán 100 mg comprimidos,comprimido,13659.8875,2026-09-25,"PAMI, precio de venta al público: MIGRATRIPTAN (Roemmers)",minorista,,sí,Medicamentos
Tadalafilo 20 mg comprimidos masticables,comprimido,12392.9000,2026-09-25,"PAMI, precio de venta al público: INVICTUS MASTICABLE (Roemmers)",minorista,,sí,Medicamentos
Tadalafilo 20 mg comprimidos masticables,comprimido,11941.0000,2026-09-25,"PAMI, precio de venta al público: INVICTUS MASTICABLE (Roemmers)",minorista,,sí,Medicamentos
Tadalafilo 20 mg comprimidos masticables,comprimido,11690.9600,2026-09-25,"PAMI, precio de venta al público: INVICTUS MASTICABLE (Roemmers)",minorista,,sí,Medicamentos
Tadalafilo 20 mg comprimidos,comprimido,13768.0000,2026-09-25,"PAMI, precio de venta al público: INVICTUS 20 (Roemmers)",minorista,,sí,Medicamentos
Tadalafilo 20 mg comprimidos,comprimido,13631.8000,2026-09-25,"PAMI, precio de venta al público: INVICTUS 20 (Roemmers)",minorista,,sí,Medicamentos
Tadalafilo 20 mg comprimidos,comprimido,13499.5000,2026-09-25,"PAMI, precio de venta al público: INVICTUS 20 (Roemmers)",minorista,,sí,Medicamentos
Tadalafilo 5 mg comprimidos,comprimido,3922.4667,2026-09-25,"PAMI, precio de venta al público: INVICTUS 5 (Roemmers)",minorista,,sí,Medicamentos
Tamsulosina 0.4 mg cápsulas,cápsula,1882.3570,2026-09-25,"PAMI, precio de venta al público: URIFLUX (Roemmers)",minorista,,sí,Medicamentos
"Tióctico,ác. 600 mg comprimidos",comprimido,1913.7623,2026-09-25,"PAMI, precio de venta al público: CIAGEN 600 (Roemmers)",minorista,,sí,Medicamentos
"Tióctico,ác. 600 mg comprimidos",comprimido,1741.6167,2026-09-25,"PAMI, precio de venta al público: CIAGEN 600 (Roemmers)",minorista,,sí,Medicamentos
Trimebutina 300 mg comprimidos de liberación prolongada,comprimido,739.4303,2026-09-25,"PAMI, precio de venta al público: PLIDEX AP (Roemmers)",minorista,,sí,Medicamentos
Trimebutina+simeticona 200/120 mg comprimidos,comprimido,652.7333,2026-09-25,"PAMI, precio de venta al público: PLIDEX S (Roemmers)",minorista,,sí,Medicamentos
Trimebutina+simeticona 200/120 mg comprimidos,comprimido,541.7833,2026-09-25,"PAMI, precio de venta al público: PLIDEX S (Roemmers)",minorista,,sí,Medicamentos
Valsartán 160 mg comprimidos,comprimido,1330.6071,2026-09-25,"PAMI, precio de venta al público: RACORVAL (Roemmers)",minorista,,sí,Medicamentos
Valsartán 160 mg comprimidos,comprimido,1231.0777,2026-09-25,"PAMI, precio de venta al público: RACORVAL (Roemmers)",minorista,,sí,Medicamentos
Valsartán 160 mg comprimidos,comprimido,999.6127,2026-09-25,"PAMI, precio de venta al público: RACORVAL (Roemmers)",minorista,,sí,Medicamentos
Valsartán 320 mg comprimidos,comprimido,1438.1333,2026-09-25,"PAMI, precio de venta al público: RACORVAL (Roemmers)",minorista,,sí,Medicamentos
Valsartán 320 mg comprimidos,comprimido,1099.8165,2026-09-25,"PAMI, precio de venta al público: RACORVAL (Roemmers)",minorista,,sí,Medicamentos
Valsartán 80 mg comprimidos,comprimido,112.0686,2026-09-25,"PAMI, precio de venta al público: RACORVAL (Roemmers)",minorista,,sí,Medicamentos
Valsartán 80 mg comprimidos,comprimido,1089.1071,2026-09-25,"PAMI, precio de venta al público: RACORVAL (Roemmers)",minorista,,sí,Medicamentos
Valsartán 80 mg comprimidos,comprimido,932.7380,2026-09-25,"PAMI, precio de venta al público: RACORVAL (Roemmers)",minorista,,sí,Medicamentos
Valsartán 80 mg comprimidos,comprimido,761.9463,2026-09-25,"PAMI, precio de venta al público: RACORVAL (Roemmers)",minorista,,sí,Medicamentos
Valsartán+amlodipina 160/10 mg comprimidos,comprimido,1554.7286,2026-09-25,"PAMI, precio de venta al público: RACORVAL A (Roemmers)",minorista,,sí,Medicamentos
Valsartán+amlodipina 160/10 mg comprimidos,comprimido,1501.8017,2026-09-25,"PAMI, precio de venta al público: RACORVAL A (Roemmers)",minorista,,sí,Medicamentos
Valsartán+amlodipina 160/10 mg comprimidos,comprimido,1325.4545,2026-09-25,"PAMI, precio de venta al público: RACORVAL A (Roemmers)",minorista,,sí,Medicamentos
Valsartán+amlodipina 160/5 mg comprimidos,comprimido,1689.4600,2026-09-25,"PAMI, precio de venta al público: RACORVAL A (Roemmers)",minorista,,sí,Medicamentos
Valsartán+amlodipina 160/5 mg comprimidos,comprimido,1452.3817,2026-09-25,"PAMI, precio de venta al público: RACORVAL A (Roemmers)",minorista,,sí,Medicamentos
Valsartán+amlodipina 160/5 mg comprimidos,comprimido,1279.4285,2026-09-25,"PAMI, precio de venta al público: RACORVAL A (Roemmers)",minorista,,sí,Medicamentos
Valsartán+hidrocloroti.+amlodip. 160/10/12.5mg comprimidos,comprimido,1929.9625,2026-09-25,"PAMI, precio de venta al público: RACORVAL 3D (Roemmers)",minorista,,sí,Medicamentos
Valsartán+hidrocloroti.+amlodip. 160/10/12.5mg comprimidos,comprimido,1839.0163,2026-09-25,"PAMI, precio de venta al público: RACORVAL 3D (Roemmers)",minorista,,sí,Medicamentos
Valsartán+hidrocloroti.+amlodip. 160/5/12.5mg comprimidos,comprimido,1954.0668,2026-09-25,"PAMI, precio de venta al público: RACORVAL 3D (Roemmers)",minorista,,sí,Medicamentos
Valsartán+hidrocloroti.+amlodip. 160/5/12.5mg comprimidos,comprimido,1812.5487,2026-09-25,"PAMI, precio de venta al público: RACORVAL 3D (Roemmers)",minorista,,sí,Medicamentos
Valsartán+hidrocloroti.+amlodip. 320/10/25mg comprimidos,comprimido,2124.3543,2026-09-25,"PAMI, precio de venta al público: RACORVAL 3D (Roemmers)",minorista,,sí,Medicamentos
Valsartán+hidroclorotiazida 160/12.5 mg comprimidos,comprimido,1340.9632,2026-09-25,"PAMI, precio de venta al público: RACORVAL D (Roemmers)",minorista,,sí,Medicamentos
Valsartán+hidroclorotiazida 160/12.5 mg comprimidos,comprimido,1039.3427,2026-09-25,"PAMI, precio de venta al público: RACORVAL D (Roemmers)",minorista,,sí,Medicamentos
Valsartán+hidroclorotiazida 160/12.5 mg comprimidos,comprimido,1039.3427,2026-09-25,"PAMI, precio de venta al público: RACORVAL D (Roemmers)",minorista,,sí,Medicamentos
Valsartán+hidroclorotiazida 80/12.5 mg comprimidos,comprimido,1154.3593,2026-09-25,"PAMI, precio de venta al público: RACORVAL D (Roemmers)",minorista,,sí,Medicamentos
Valsartán+hidroclorotiazida 80/12.5 mg comprimidos,comprimido,932.2467,2026-09-25,"PAMI, precio de venta al público: RACORVAL D (Roemmers)",minorista,,sí,Medicamentos
Valsartán+hidroclorotiazida 80/12.5 mg comprimidos,comprimido,722.7322,2026-09-25,"PAMI, precio de venta al público: RACORVAL D (Roemmers)",minorista,,sí,Medicamentos
Venlafaxina 150 mg cápsulas,cápsula,1195.4547,2026-09-25,"PAMI, precio de venta al público: SESAREN XR (Roemmers)",minorista,,sí,Medicamentos
Venlafaxina 150 mg cápsulas,cápsula,1639.4877,2026-09-25,"PAMI, precio de venta al público: SESAREN XR (Roemmers)",minorista,,sí,Medicamentos
Venlafaxina 225 mg cápsulas,cápsula,1645.1033,2026-09-25,"PAMI, precio de venta al público: SESAREN XR (Roemmers)",minorista,,sí,Medicamentos
Venlafaxina 225 mg cápsulas,cápsula,2257.2843,2026-09-25,"PAMI, precio de venta al público: SESAREN XR (Roemmers)",minorista,,sí,Medicamentos
Venlafaxina 25 mg comprimidos,comprimido,292.0667,2026-09-25,"PAMI, precio de venta al público: SESAREN (Roemmers)",minorista,,sí,Medicamentos
Venlafaxina 37.5 mg cápsulas,cápsula,1146.4286,2026-09-25,"PAMI, precio de venta al público: SESAREN XR (Roemmers)",minorista,,sí,Medicamentos
Venlafaxina 50 mg comprimidos,comprimido,562.1277,2026-09-25,"PAMI, precio de venta al público: SESAREN (Roemmers)",minorista,,sí,Medicamentos
Venlafaxina 75 mg comprimidos,comprimido,794.0300,2026-09-25,"PAMI, precio de venta al público: SESAREN (Roemmers)",minorista,,sí,Medicamentos
Venlafaxina 75 mg cápsulas,cápsula,1095.8873,2026-09-25,"PAMI, precio de venta al público: SESAREN XR (Roemmers)",minorista,,sí,Medicamentos
Venlafaxina 75 mg cápsulas,cápsula,1129.8667,2026-09-25,"PAMI, precio de venta al público: SESAREN XR (Roemmers)",minorista,,sí,Medicamentos
Vit.d3 100000 ui cápsulas,cápsula,14255.0000,2026-09-25,"PAMI, precio de venta al público: RAQUIFEROL D3 (Roemmers)",minorista,,sí,Medicamentos
Vit.d3 100000 ui cápsulas,cápsula,10428.5000,2026-09-25,"PAMI, precio de venta al público: RAQUIFEROL D3 (Roemmers)",minorista,,sí,Medicamentos
Vonoprazan 10 mg comprimidos,comprimido,1440.0000,2026-09-25,"PAMI, precio de venta al público: VOPRAZAL 10 (Roemmers)",minorista,,sí,Medicamentos
Vonoprazan 20 mg comprimidos,comprimido,2070.0000,2026-09-25,"PAMI, precio de venta al público: VOPRAZAL 20 (Roemmers)",minorista,,sí,Medicamentos
Amoxicilina 1000 mg comprimidos,comprimido,1292.9931,2026-09-25,"PAMI, precio de venta al público: CLIACIL 1000 (Ronnet)",minorista,,sí,Medicamentos
Amoxicilina 1000 mg comprimidos,comprimido,1223.9462,2026-09-25,"PAMI, precio de venta al público: CLIACIL 1000 (Ronnet)",minorista,,sí,Medicamentos
Amoxicilina 500 mg comprimidos,comprimido,490.3031,2026-09-25,"PAMI, precio de venta al público: CLIACIL (Ronnet)",minorista,,sí,Medicamentos
Amoxicilina 500 mg comprimidos,comprimido,471.2025,2026-09-25,"PAMI, precio de venta al público: CLIACIL (Ronnet)",minorista,,sí,Medicamentos
Atenolol 100 mg comprimidos,comprimido,409.2020,2026-09-25,"PAMI, precio de venta al público: ATELSTA (Ronnet)",minorista,,sí,Medicamentos
Atenolol 100 mg comprimidos,comprimido,409.6433,2026-09-25,"PAMI, precio de venta al público: ATELSTA (Ronnet)",minorista,,sí,Medicamentos
Atenolol 25 mg comprimidos,comprimido,197.1463,2026-09-25,"PAMI, precio de venta al público: ATELSTA (Ronnet)",minorista,,sí,Medicamentos
Atenolol 25 mg comprimidos,comprimido,194.5903,2026-09-25,"PAMI, precio de venta al público: ATELSTA (Ronnet)",minorista,,sí,Medicamentos
Atenolol 50 mg comprimidos,comprimido,295.2227,2026-09-25,"PAMI, precio de venta al público: ATELSTA (Ronnet)",minorista,,sí,Medicamentos
Atenolol 50 mg comprimidos,comprimido,294.8448,2026-09-25,"PAMI, precio de venta al público: ATELSTA (Ronnet)",minorista,,sí,Medicamentos
Atorvastatín 10 mg comprimidos,comprimido,858.6023,2026-09-25,"PAMI, precio de venta al público: RONATOR (Ronnet)",minorista,,sí,Medicamentos
Atorvastatín 10 mg comprimidos,comprimido,779.1333,2026-09-25,"PAMI, precio de venta al público: RONATOR (Ronnet)",minorista,,sí,Medicamentos
Atorvastatín 20 mg comprimidos,comprimido,1400.0900,2026-09-25,"PAMI, precio de venta al público: RONATOR (Ronnet)",minorista,,sí,Medicamentos
Atorvastatín 20 mg comprimidos,comprimido,1218.4717,2026-09-25,"PAMI, precio de venta al público: RONATOR (Ronnet)",minorista,,sí,Medicamentos
Azitromicina 500 mg comprimidos,comprimido,3670.4667,2026-09-25,"PAMI, precio de venta al público: TALCILINA (Ronnet)",minorista,,sí,Medicamentos
Azitromicina 500 mg comprimidos,comprimido,2785.2817,2026-09-25,"PAMI, precio de venta al público: TALCILINA (Ronnet)",minorista,,sí,Medicamentos
Cefalexina 500 mg comprimidos,comprimido,663.8100,2026-09-25,"PAMI, precio de venta al público: RIBAMICIN (Ronnet)",minorista,,sí,Medicamentos
Cefalexina 500 mg comprimidos,comprimido,804.3238,2026-09-25,"PAMI, precio de venta al público: RIBAMICIN (Ronnet)",minorista,,sí,Medicamentos
Diclofenac sódico 50 mg comprimidos,comprimido,411.2667,2026-09-25,"PAMI, precio de venta al público: NALGIFLEX (Ronnet)",minorista,,sí,Medicamentos
Diclofenac sódico 50 mg comprimidos,comprimido,352.9667,2026-09-25,"PAMI, precio de venta al público: NALGIFLEX (Ronnet)",minorista,,sí,Medicamentos
Diclofenac sódico 75 mg comprimidos,comprimido,730.2800,2026-09-25,"PAMI, precio de venta al público: NALGIFLEX 75 (Ronnet)",minorista,,sí,Medicamentos
Diclofenac sódico 75 mg comprimidos,comprimido,733.2433,2026-09-25,"PAMI, precio de venta al público: NALGIFLEX 75 (Ronnet)",minorista,,sí,Medicamentos
Alendronato 70 mg comprimidos,comprimido,3508.4550,2026-09-25,"PAMI, precio de venta al público: OSTEOFENE (Rontag)",minorista,,sí,Medicamentos
Amantadina 100 mg comprimidos,comprimido,910.6343,2026-09-25,"PAMI, precio de venta al público: AMPAKINE (Rontag)",minorista,,sí,Medicamentos
Amantadina 100 mg comprimidos,comprimido,871.7103,2026-09-25,"PAMI, precio de venta al público: AMPAKINE (Rontag)",minorista,,sí,Medicamentos
Aripiprazol 10 mg comprimidos,comprimido,1094.4023,2026-09-25,"PAMI, precio de venta al público: ARLEMIDE (Rontag)",minorista,,sí,Medicamentos
Aripiprazol 15 mg comprimidos,comprimido,1572.6820,2026-09-25,"PAMI, precio de venta al público: ARLEMIDE (Rontag)",minorista,,sí,Medicamentos
Aripiprazol 15 mg comprimidos,comprimido,1558.9117,2026-09-25,"PAMI, precio de venta al público: ARLEMIDE (Rontag)",minorista,,sí,Medicamentos
Aripiprazol 5 mg comprimidos,comprimido,1155.1040,2026-09-25,"PAMI, precio de venta al público: ARLEMIDE (Rontag)",minorista,,sí,Medicamentos
Aripiprazol 5 mg comprimidos,comprimido,962.1683,2026-09-25,"PAMI, precio de venta al público: ARLEMIDE (Rontag)",minorista,,sí,Medicamentos
Betahistina 16 mg comprimidos,comprimido,708.3747,2026-09-25,"PAMI, precio de venta al público: RONISTINA (Rontag)",minorista,,sí,Medicamentos
Betahistina 16 mg comprimidos,comprimido,622.9190,2026-09-25,"PAMI, precio de venta al público: RONISTINA (Rontag)",minorista,,sí,Medicamentos
Betahistina 24 mg comprimidos,comprimido,1081.2537,2026-09-25,"PAMI, precio de venta al público: RONISTINA DUO MD (Rontag)",minorista,,sí,Medicamentos
Betahistina 24 mg comprimidos,comprimido,34.4293,2026-09-25,"PAMI, precio de venta al público: RONISTINA DUO (Rontag)",minorista,,sí,Medicamentos
Betahistina 24 mg comprimidos,comprimido,1081.2537,2026-09-25,"PAMI, precio de venta al público: RONISTINA DUO (Rontag)",minorista,,sí,Medicamentos
Betahistina 24 mg comprimidos,comprimido,986.6607,2026-09-25,"PAMI, precio de venta al público: RONISTINA DUO (Rontag)",minorista,,sí,Medicamentos
Betahistina 8 mg comprimidos,comprimido,628.1020,2026-09-25,"PAMI, precio de venta al público: RONISTINA (Rontag)",minorista,,sí,Medicamentos
Betahistina 8 mg comprimidos,comprimido,505.3892,2026-09-25,"PAMI, precio de venta al público: RONISTINA (Rontag)",minorista,,sí,Medicamentos
Bromazepam 3 mg comprimidos,comprimido,209.5930,2026-09-25,"PAMI, precio de venta al público: CREOSEDIN (Rontag)",minorista,,sí,Medicamentos
Bromazepam 3 mg comprimidos,comprimido,158.1938,2026-09-25,"PAMI, precio de venta al público: CREOSEDIN (Rontag)",minorista,,sí,Medicamentos
Bromazepam 6 mg comprimidos,comprimido,318.9930,2026-09-25,"PAMI, precio de venta al público: CREOSEDIN (Rontag)",minorista,,sí,Medicamentos
Bromazepam 6 mg comprimidos,comprimido,424.4768,2026-09-25,"PAMI, precio de venta al público: CREOSEDIN (Rontag)",minorista,,sí,Medicamentos
Cabergolina 1 mg comprimidos,comprimido,3495.2690,2026-09-25,"PAMI, precio de venta al público: CABERPAR (Rontag)",minorista,,sí,Medicamentos
Cabergolina 2 mg comprimidos,comprimido,3323.2743,2026-09-25,"PAMI, precio de venta al público: CABERPAR (Rontag)",minorista,,sí,Medicamentos
Carbamazepina 200 mg comprimidos,comprimido,624.6040,2026-09-25,"PAMI, precio de venta al público: CARBAMAT (Rontag)",minorista,,sí,Medicamentos
Carbamazepina 200 mg comprimidos,comprimido,550.7055,2026-09-25,"PAMI, precio de venta al público: CARBAMAT (Rontag)",minorista,,sí,Medicamentos
Clonazepam 0.5 mg comprimidos,comprimido,320.9340,2026-09-25,"PAMI, precio de venta al público: SOLFIDIN (Rontag)",minorista,,sí,Medicamentos
Clonazepam 0.5 mg comprimidos,comprimido,418.1720,2026-09-25,"PAMI, precio de venta al público: SOLFIDIN FLASH (Rontag)",minorista,,sí,Medicamentos
Clonazepam 0.5 mg comprimidos,comprimido,418.1822,2026-09-25,"PAMI, precio de venta al público: SOLFIDIN FLASH (Rontag)",minorista,,sí,Medicamentos
Clonazepam 2 mg comprimidos,comprimido,429.4640,2026-09-25,"PAMI, precio de venta al público: SOLFIDIN (Rontag)",minorista,,sí,Medicamentos
Dapsona 100 mg comprimidos,comprimido,446.0135,2026-09-25,"PAMI, precio de venta al público: D.A.P.S. (Rontag)",minorista,,sí,Medicamentos
Deflazacort 30 mg comprimidos,comprimido,122.1070,2026-09-25,"PAMI, precio de venta al público: DEFAS (Rontag)",minorista,,sí,Medicamentos
Deflazacort 30 mg comprimidos,comprimido,6223.8675,2026-09-25,"PAMI, precio de venta al público: DEFAS (Rontag)",minorista,,sí,Medicamentos
Deflazacort 6 mg comprimidos,comprimido,1300.8740,2026-09-25,"PAMI, precio de venta al público: DEFAS (Rontag)",minorista,,sí,Medicamentos
Donepezilo 10 mg comprimidos,comprimido,1885.7020,2026-09-25,"PAMI, precio de venta al público: AUROBRAL (Rontag)",minorista,,sí,Medicamentos
Donepezilo 5 mg comprimidos,comprimido,1492.6440,2026-09-25,"PAMI, precio de venta al público: AUROBRAL (Rontag)",minorista,,sí,Medicamentos
Hidroxicloroquina 200 mg comprimidos,comprimido,32.4750,2026-09-25,"PAMI, precio de venta al público: METIREL (Rontag)",minorista,,sí,Medicamentos
Hidroxicloroquina 200 mg comprimidos,comprimido,847.7450,2026-09-25,"PAMI, precio de venta al público: AXOKINE (Rontag)",minorista,,sí,Medicamentos
Hidroxicloroquina 200 mg comprimidos,comprimido,347.1318,2026-09-25,"PAMI, precio de venta al público: AXOKINE (Rontag)",minorista,,sí,Medicamentos
Hidroxicloroquina 200 mg comprimidos,comprimido,30.0878,2026-09-25,"PAMI, precio de venta al público: METIREL (Rontag)",minorista,,sí,Medicamentos
"Hierro+fólico,ác. 40/0.5 mg comprimidos",comprimido,1086.6680,2026-09-25,"PAMI, precio de venta al público: YECTAFER TABS (Rontag)",minorista,,sí,Medicamentos
"Hierro+fólico,ác. 40/0.5 mg comprimidos",comprimido,851.3535,2026-09-25,"PAMI, precio de venta al público: YECTAFER TABS (Rontag)",minorista,,sí,Medicamentos
"Hierro+fólico,ác. 80/1 mg comprimidos",comprimido,1618.8030,2026-09-25,"PAMI, precio de venta al público: YECTAFER TABS (Rontag)",minorista,,sí,Medicamentos
"Hierro+fólico,ác. 80/1 mg comprimidos",comprimido,1421.3447,2026-09-25,"PAMI, precio de venta al público: YECTAFER TABS (Rontag)",minorista,,sí,Medicamentos
Indometacina 100 mg supositorios,supositorio,2515.6090,2026-09-25,"PAMI, precio de venta al público: INDOTEX (Rontag)",minorista,,sí,Medicamentos
Indometacina 50 mg supositorios,supositorio,1297.1890,2026-09-25,"PAMI, precio de venta al público: INDOTEX (Rontag)",minorista,,sí,Medicamentos
Leflunomida 20 mg comprimidos,comprimido,1534.8797,2026-09-25,"PAMI, precio de venta al público: LEFLUAR (Rontag)",minorista,,sí,Medicamentos
Levetiracetam 1000 mg comprimidos,comprimido,7094.2843,2026-09-25,"PAMI, precio de venta al público: LEVRON (Rontag)",minorista,,sí,Medicamentos
Levetiracetam 1000 mg comprimidos,comprimido,3642.7993,2026-09-25,"PAMI, precio de venta al público: LEVRON (Rontag)",minorista,,sí,Medicamentos
Levetiracetam 250 mg comprimidos,comprimido,1505.1780,2026-09-25,"PAMI, precio de venta al público: LEVRON (Rontag)",minorista,,sí,Medicamentos
Levetiracetam 500 mg comprimidos,comprimido,3771.1885,2026-09-25,"PAMI, precio de venta al público: LEVRON (Rontag)",minorista,,sí,Medicamentos
Levetiracetam 500 mg comprimidos,comprimido,2319.5243,2026-09-25,"PAMI, precio de venta al público: LEVRON (Rontag)",minorista,,sí,Medicamentos
Levetiracetam 500 mg comprimidos,comprimido,3086.7282,2026-09-25,"PAMI, precio de venta al público: LEVRON (Rontag)",minorista,,sí,Medicamentos
Mirtazapina 30 mg comprimidos,comprimido,1453.7210,2026-09-25,"PAMI, precio de venta al público: BILANZ (Rontag)",minorista,,sí,Medicamentos
Mirtazapina 30 mg comprimidos,comprimido,1453.7153,2026-09-25,"PAMI, precio de venta al público: BILANZ (Rontag)",minorista,,sí,Medicamentos
Modafinilo 200 mg comprimidos,comprimido,2416.9720,2026-09-25,"PAMI, precio de venta al público: INTENSIT (Rontag)",minorista,,sí,Medicamentos
Modafinilo 200 mg comprimidos,comprimido,1716.3995,2026-09-25,"PAMI, precio de venta al público: INTENSIT (Rontag)",minorista,,sí,Medicamentos
Naproxeno 250 mg comprimidos,comprimido,763.3190,2026-09-25,"PAMI, precio de venta al público: NAPRONTAG (Rontag)",minorista,,sí,Medicamentos
Naproxeno 500 mg comprimidos,comprimido,1578.7710,2026-09-25,"PAMI, precio de venta al público: NAPRONTAG (Rontag)",minorista,,sí,Medicamentos
Naproxeno 500 mg comprimidos,comprimido,1529.3295,2026-09-25,"PAMI, precio de venta al público: NAPRONTAG (Rontag)",minorista,,sí,Medicamentos
Naproxeno 500 mg comprimidos,comprimido,1518.1006,2026-09-25,"PAMI, precio de venta al público: NAPRONTAG (Rontag)",minorista,,sí,Medicamentos
Naproxeno 550 mg comprimidos,comprimido,1763.9380,2026-09-25,"PAMI, precio de venta al público: NAPRONTAG GESIC (Rontag)",minorista,,sí,Medicamentos
Naproxeno 550 mg comprimidos,comprimido,1762.6245,2026-09-25,"PAMI, precio de venta al público: NAPRONTAG GESIC (Rontag)",minorista,,sí,Medicamentos
Naproxeno 750 mg comprimidos,comprimido,2628.4410,2026-09-25,"PAMI, precio de venta al público: NAPRONTAG 24 (Rontag)",minorista,,sí,Medicamentos
Naproxeno 750 mg comprimidos,comprimido,2404.1843,2026-09-25,"PAMI, precio de venta al público: NAPRONTAG 24 (Rontag)",minorista,,sí,Medicamentos
Paroxetina 20 mg comprimidos,comprimido,1526.1240,2026-09-25,"PAMI, precio de venta al público: DATEVAN (Rontag)",minorista,,sí,Medicamentos
Paroxetina 20 mg comprimidos,comprimido,1526.0927,2026-09-25,"PAMI, precio de venta al público: DATEVAN (Rontag)",minorista,,sí,Medicamentos
Rasagilina 1 mg comprimidos,comprimido,1083.2507,2026-09-25,"PAMI, precio de venta al público: RASAX (Rontag)",minorista,,sí,Medicamentos
Sertralina 100 mg comprimidos,comprimido,1810.2037,2026-09-25,"PAMI, precio de venta al público: SERLINA (Rontag)",minorista,,sí,Medicamentos
Sertralina 50 mg comprimidos,comprimido,1065.3123,2026-09-25,"PAMI, precio de venta al público: SERLINA (Rontag)",minorista,,sí,Medicamentos
"Sodio,picosulfato 8 mg/ml gotas",1 ml,427.8103,2026-09-25,"PAMI, precio de venta al público: TRALI (Rontag)",minorista,,sí,Medicamentos
Tibolona 2.5 mg comprimidos,comprimido,1166.1950,2026-09-25,"PAMI, precio de venta al público: TOCLINE (Rontag)",minorista,,sí,Medicamentos
Venlafaxina 37.5 mg comprimidos,comprimido,955.9560,2026-09-25,"PAMI, precio de venta al público: GANAVAX (Rontag)",minorista,,sí,Medicamentos
Venlafaxina 50 mg comprimidos,comprimido,771.4683,2026-09-25,"PAMI, precio de venta al público: GANAVAX (Rontag)",minorista,,sí,Medicamentos
Venlafaxina 75 mg comprimidos,comprimido,1055.2077,2026-09-25,"PAMI, precio de venta al público: GANAVAX (Rontag)",minorista,,sí,Medicamentos
Acenocumarol 4 mg comprimidos,comprimido,699.8425,2026-09-25,"PAMI, precio de venta al público: ACENOCOUMAROL ROSPAW (Rospaw)",minorista,,sí,Medicamentos
Alprazolam 0.50 mg comprimidos,comprimido,160.3190,2026-09-25,"PAMI, precio de venta al público: ROSPAZ (Rospaw)",minorista,,sí,Medicamentos
Alprazolam 0.50 mg comprimidos,comprimido,144.1652,2026-09-25,"PAMI, precio de venta al público: ROSPAZ (Rospaw)",minorista,,sí,Medicamentos
Alprazolam 1 mg comprimidos,comprimido,239.1363,2026-09-25,"PAMI, precio de venta al público: ROSPAZ (Rospaw)",minorista,,sí,Medicamentos
Alprazolam 1 mg comprimidos,comprimido,230.4390,2026-09-25,"PAMI, precio de venta al público: ROSPAZ (Rospaw)",minorista,,sí,Medicamentos
Alprazolam 2 mg comprimidos,comprimido,363.6270,2026-09-25,"PAMI, precio de venta al público: ROSPAZ (Rospaw)",minorista,,sí,Medicamentos
Alprazolam 2 mg comprimidos,comprimido,357.9437,2026-09-25,"PAMI, precio de venta al público: ROSPAZ (Rospaw)",minorista,,sí,Medicamentos
Amitriptilina 25 mg comprimidos,comprimido,531.3020,2026-09-25,"PAMI, precio de venta al público: AMIPTRIL (Rospaw)",minorista,,sí,Medicamentos
Amitriptilina 75 mg comprimidos,comprimido,789.4800,2026-09-25,"PAMI, precio de venta al público: AMIPTRIL (Rospaw)",minorista,,sí,Medicamentos
Amlodipina 10 mg comprimidos,comprimido,925.1820,2026-09-25,"PAMI, precio de venta al público: AMLOPAW (Rospaw)",minorista,,sí,Medicamentos
Amlodipina 10 mg comprimidos,comprimido,916.9503,2026-09-25,"PAMI, precio de venta al público: AMLOPAW (Rospaw)",minorista,,sí,Medicamentos
Amlodipina 10 mg comprimidos,comprimido,768.8830,2026-09-25,"PAMI, precio de venta al público: AMLOPAW (Rospaw)",minorista,,sí,Medicamentos
Amlodipina 10 mg comprimidos,comprimido,978.0418,2026-09-25,"PAMI, precio de venta al público: AMLOPAW (Rospaw)",minorista,,sí,Medicamentos
Amlodipina 5 mg comprimidos,comprimido,489.6550,2026-09-25,"PAMI, precio de venta al público: AMLOPAW (Rospaw)",minorista,,sí,Medicamentos
Amlodipina 5 mg comprimidos,comprimido,501.8710,2026-09-25,"PAMI, precio de venta al público: AMLOPAW (Rospaw)",minorista,,sí,Medicamentos
Amlodipina 5 mg comprimidos,comprimido,458.5003,2026-09-25,"PAMI, precio de venta al público: AMLOPAW (Rospaw)",minorista,,sí,Medicamentos
Aripiprazol 10 mg comprimidos,comprimido,984.4143,2026-09-25,"PAMI, precio de venta al público: APECUR (Rospaw)",minorista,,sí,Medicamentos
Aripiprazol 15 mg comprimidos,comprimido,1433.4767,2026-09-25,"PAMI, precio de venta al público: APECUR (Rospaw)",minorista,,sí,Medicamentos
Aripiprazol 20 mg comprimidos,comprimido,1825.9333,2026-09-25,"PAMI, precio de venta al público: APECUR (Rospaw)",minorista,,sí,Medicamentos
Aripiprazol 5 mg comprimidos,comprimido,897.2113,2026-09-25,"PAMI, precio de venta al público: APECUR (Rospaw)",minorista,,sí,Medicamentos
Atorvastatín 10 mg comprimidos,comprimido,1059.4347,2026-09-25,"PAMI, precio de venta al público: ROSATORV (Rospaw)",minorista,,sí,Medicamentos
Atorvastatín 20 mg comprimidos,comprimido,1520.4430,2026-09-25,"PAMI, precio de venta al público: ROSATORV (Rospaw)",minorista,,sí,Medicamentos
Biperideno 2 mg comprimidos,comprimido,435.4310,2026-09-25,"PAMI, precio de venta al público: BIPERIDENO ROSPAW (Rospaw)",minorista,,sí,Medicamentos
Biperideno 2 mg comprimidos,comprimido,375.7492,2026-09-25,"PAMI, precio de venta al público: BIPERIDENO ROSPAW (Rospaw)",minorista,,sí,Medicamentos
Carvedilol 12.5 mg comprimidos,comprimido,472.3347,2026-09-25,"PAMI, precio de venta al público: CARVIPAW (Rospaw)",minorista,,sí,Medicamentos
Carvedilol 25 mg comprimidos,comprimido,581.7507,2026-09-25,"PAMI, precio de venta al público: CARVIPAW (Rospaw)",minorista,,sí,Medicamentos
Carvedilol 3.125 mg comprimidos,comprimido,3.1133,2026-09-25,"PAMI, precio de venta al público: CARVIPAW (Rospaw)",minorista,,sí,Medicamentos
Carvedilol 50 mg comprimidos,comprimido,7.2333,2026-09-25,"PAMI, precio de venta al público: CARVIPAW (Rospaw)",minorista,,sí,Medicamentos
Carvedilol 6.25 mg comprimidos,comprimido,377.9360,2026-09-25,"PAMI, precio de venta al público: CARVIPAW (Rospaw)",minorista,,sí,Medicamentos
Cilostazol 100 mg comprimidos,comprimido,1074.9093,2026-09-25,"PAMI, precio de venta al público: CILOSPAW (Rospaw)",minorista,,sí,Medicamentos
Cilostazol 100 mg comprimidos,comprimido,1076.1773,2026-09-25,"PAMI, precio de venta al público: CILOSPAW (Rospaw)",minorista,,sí,Medicamentos
Cilostazol 50 mg comprimidos,comprimido,563.7933,2026-09-25,"PAMI, precio de venta al público: CILOSPAW (Rospaw)",minorista,,sí,Medicamentos
Cilostazol 50 mg comprimidos,comprimido,552.5297,2026-09-25,"PAMI, precio de venta al público: CILOSPAW (Rospaw)",minorista,,sí,Medicamentos
Clonazepam 0.5 mg comprimidos,comprimido,317.9753,2026-09-25,"PAMI, precio de venta al público: CLONAZEPAM ROSPAW (Rospaw)",minorista,,sí,Medicamentos
Clonazepam 0.5 mg comprimidos,comprimido,244.5850,2026-09-25,"PAMI, precio de venta al público: CLONAZEPAM ROSPAW (Rospaw)",minorista,,sí,Medicamentos
Clonazepam 1 mg comprimidos,comprimido,314.8430,2026-09-25,"PAMI, precio de venta al público: CLONAZEPAM ROSPAW (Rospaw)",minorista,,sí,Medicamentos
Clonazepam 1 mg comprimidos,comprimido,209.0237,2026-09-25,"PAMI, precio de venta al público: CLONAZEPAM ROSPAW (Rospaw)",minorista,,sí,Medicamentos
Clonazepam 2 mg comprimidos,comprimido,330.9713,2026-09-25,"PAMI, precio de venta al público: CLONAZEPAM ROSPAW (Rospaw)",minorista,,sí,Medicamentos
Clonazepam 2 mg comprimidos,comprimido,219.7465,2026-09-25,"PAMI, precio de venta al público: CLONAZEPAM ROSPAW (Rospaw)",minorista,,sí,Medicamentos
Clopidogrel 75 mg comprimidos,comprimido,2387.8820,2026-09-25,"PAMI, precio de venta al público: CLOPIDOGREL ROSPAW (Rospaw)",minorista,,sí,Medicamentos
Clopidogrel 75 mg comprimidos,comprimido,2083.0167,2026-09-25,"PAMI, precio de venta al público: CLOPIDOGREL ROSPAW (Rospaw)",minorista,,sí,Medicamentos
Clozapina 100 mg comprimidos,comprimido,2295.1749,2026-09-25,"PAMI, precio de venta al público: CLOZAPINA ROSPAW (Rospaw)",minorista,,sí,Medicamentos
Clozapina 100 mg comprimidos,comprimido,2916.4647,2026-09-25,"PAMI, precio de venta al público: CLOZAPINA ROSPAW (Rospaw)",minorista,,sí,Medicamentos
Clozapina 100 mg comprimidos,comprimido,2023.7803,2026-09-25,"PAMI, precio de venta al público: CLOZAPINA ROSPAW (Rospaw)",minorista,,sí,Medicamentos
Donepezilo 10 mg comprimidos,comprimido,1400.5290,2026-09-25,"PAMI, precio de venta al público: LUPRACIL (Rospaw)",minorista,,sí,Medicamentos
Donepezilo 10 mg comprimidos,comprimido,1359.1403,2026-09-25,"PAMI, precio de venta al público: LUPRACIL (Rospaw)",minorista,,sí,Medicamentos
Donepezilo 5 mg comprimidos,comprimido,1216.8843,2026-09-25,"PAMI, precio de venta al público: LUPRACIL (Rospaw)",minorista,,sí,Medicamentos
Donepezilo 5 mg comprimidos,comprimido,1152.6442,2026-09-25,"PAMI, precio de venta al público: LUPRACIL (Rospaw)",minorista,,sí,Medicamentos
Escitalopram 10 mg comprimidos,comprimido,1384.9687,2026-09-25,"PAMI, precio de venta al público: ROSTALOPRAM (Rospaw)",minorista,,sí,Medicamentos
Escitalopram 10 mg comprimidos,comprimido,1273.8927,2026-09-25,"PAMI, precio de venta al público: ROSTALOPRAM (Rospaw)",minorista,,sí,Medicamentos
Escitalopram 20 mg comprimidos,comprimido,2545.4940,2026-09-25,"PAMI, precio de venta al público: ROSTALOPRAM (Rospaw)",minorista,,sí,Medicamentos
Escitalopram 20 mg comprimidos,comprimido,2122.7603,2026-09-25,"PAMI, precio de venta al público: ROSTALOPRAM (Rospaw)",minorista,,sí,Medicamentos
Fenobarbital 100 mg comprimidos,comprimido,570.2670,2026-09-25,"PAMI, precio de venta al público: FENROS (Rospaw)",minorista,,sí,Medicamentos
Fenobarbital 100 mg comprimidos,comprimido,418.4962,2026-09-25,"PAMI, precio de venta al público: FENROS (Rospaw)",minorista,,sí,Medicamentos
Fenobarbital 15 mg comprimidos,comprimido,328.4367,2026-09-25,"PAMI, precio de venta al público: FENROS (Rospaw)",minorista,,sí,Medicamentos
Flunitrazepam 1 mg comprimidos,comprimido,417.7850,2026-09-25,"PAMI, precio de venta al público: MIRPAW (Rospaw)",minorista,,sí,Medicamentos
Ketorolac trometamina 10 mg comprimidos sublinguales,comprimido,888.3650,2026-09-25,"PAMI, precio de venta al público: KETIAL RAPID (Rospaw)",minorista,,sí,Medicamentos
Ketorolac trometamina 10 mg comprimidos,comprimido,703.3110,2026-09-25,"PAMI, precio de venta al público: KETIAL (Rospaw)",minorista,,sí,Medicamentos
Ketorolac trometamina 10 mg comprimidos,comprimido,531.5780,2026-09-25,"PAMI, precio de venta al público: KETIAL (Rospaw)",minorista,,sí,Medicamentos
Ketorolac trometamina 20 mg comprimidos,comprimido,922.6130,2026-09-25,"PAMI, precio de venta al público: KETIAL (Rospaw)",minorista,,sí,Medicamentos
Ketorolac trometamina 20 mg comprimidos,comprimido,780.8705,2026-09-25,"PAMI, precio de venta al público: KETIAL (Rospaw)",minorista,,sí,Medicamentos
Levomepromazina 100 mg comprimidos,comprimido,1040.7997,2026-09-25,"PAMI, precio de venta al público: MEPROZIN (Rospaw)",minorista,,sí,Medicamentos
Levomepromazina 2 mg comprimidos,comprimido,298.0350,2026-09-25,"PAMI, precio de venta al público: MEPROZIN (Rospaw)",minorista,,sí,Medicamentos
Levomepromazina 25 mg comprimidos,comprimido,623.9827,2026-09-25,"PAMI, precio de venta al público: MEPROZIN (Rospaw)",minorista,,sí,Medicamentos
Loperamida 2 mg comprimidos,comprimido,611.6590,2026-09-25,"PAMI, precio de venta al público: LOPERIX (Rospaw)",minorista,,sí,Medicamentos
Loperamida 2 mg comprimidos,comprimido,466.2810,2026-09-25,"PAMI, precio de venta al público: LOPERIX (Rospaw)",minorista,,sí,Medicamentos
Lorazepam 1 mg comprimidos sublinguales,comprimido,149.9277,2026-09-25,"PAMI, precio de venta al público: SECODAL SUBL (Rospaw)",minorista,,sí,Medicamentos
Lorazepam 1 mg comprimidos,comprimido,149.9277,2026-09-25,"PAMI, precio de venta al público: SECODAL (Rospaw)",minorista,,sí,Medicamentos
Lorazepam 1 mg comprimidos,comprimido,137.5482,2026-09-25,"PAMI, precio de venta al público: SECODAL (Rospaw)",minorista,,sí,Medicamentos
Lorazepam 2 mg comprimidos sublinguales,comprimido,177.9413,2026-09-25,"PAMI, precio de venta al público: SECODAL SUBL (Rospaw)",minorista,,sí,Medicamentos
Lorazepam 2 mg comprimidos,comprimido,177.9413,2026-09-25,"PAMI, precio de venta al público: SECODAL (Rospaw)",minorista,,sí,Medicamentos
Lorazepam 2 mg comprimidos,comprimido,160.8317,2026-09-25,"PAMI, precio de venta al público: SECODAL (Rospaw)",minorista,,sí,Medicamentos
Lorazepam 2.5 mg comprimidos,comprimido,210.5643,2026-09-25,"PAMI, precio de venta al público: SECODAL (Rospaw)",minorista,,sí,Medicamentos
Lorazepam 2.5 mg comprimidos,comprimido,216.5977,2026-09-25,"PAMI, precio de venta al público: SECODAL (Rospaw)",minorista,,sí,Medicamentos
Losartán 100 mg comprimidos,comprimido,1029.6057,2026-09-25,"PAMI, precio de venta al público: VINTEX (Rospaw)",minorista,,sí,Medicamentos
Losartán 100 mg comprimidos,comprimido,951.1403,2026-09-25,"PAMI, precio de venta al público: VINTEX (Rospaw)",minorista,,sí,Medicamentos
Losartán 50 mg comprimidos,comprimido,783.6307,2026-09-25,"PAMI, precio de venta al público: VINTEX (Rospaw)",minorista,,sí,Medicamentos
Losartán 50 mg comprimidos,comprimido,736.4092,2026-09-25,"PAMI, precio de venta al público: VINTEX (Rospaw)",minorista,,sí,Medicamentos
Metformina 850 mg comprimidos,comprimido,377.9757,2026-09-25,"PAMI, precio de venta al público: METFORMINA ROSPAW 850 AP (Rospaw)",minorista,,sí,Medicamentos
Metformina 850 mg comprimidos,comprimido,371.8392,2026-09-25,"PAMI, precio de venta al público: METFORMINA ROSPAW 850 AP (Rospaw)",minorista,,sí,Medicamentos
Olanzapina 10 mg comprimidos,comprimido,7062.8264,2026-09-25,"PAMI, precio de venta al público: OLANZAPINA  ROSPAW (Rospaw)",minorista,,sí,Medicamentos
Olanzapina 10 mg comprimidos,comprimido,6705.9068,2026-09-25,"PAMI, precio de venta al público: OLANZAPINA  ROSPAW (Rospaw)",minorista,,sí,Medicamentos
Olanzapina 5 mg comprimidos,comprimido,3592.7086,2026-09-25,"PAMI, precio de venta al público: OLANZAPINA  ROSPAW (Rospaw)",minorista,,sí,Medicamentos
Olanzapina 5 mg comprimidos,comprimido,3368.9021,2026-09-25,"PAMI, precio de venta al público: OLANZAPINA  ROSPAW (Rospaw)",minorista,,sí,Medicamentos
Paroxetina 10 mg comprimidos,comprimido,675.6407,2026-09-25,"PAMI, precio de venta al público: PAROXIN (Rospaw)",minorista,,sí,Medicamentos
Paroxetina 20 mg comprimidos,comprimido,1417.8593,2026-09-25,"PAMI, precio de venta al público: PAROXIN (Rospaw)",minorista,,sí,Medicamentos
Paroxetina 30 mg comprimidos,comprimido,16.4183,2026-09-25,"PAMI, precio de venta al público: PAROXIN (Rospaw)",minorista,,sí,Medicamentos
Paroxetina 40 mg comprimidos,comprimido,21.5057,2026-09-25,"PAMI, precio de venta al público: PAROXIN (Rospaw)",minorista,,sí,Medicamentos
Pregabalina 150 mg cápsulas,cápsula,1926.7760,2026-09-25,"PAMI, precio de venta al público: SERIPRAN (Rospaw)",minorista,,sí,Medicamentos
Pregabalina 150 mg cápsulas,cápsula,57.0223,2026-09-25,"PAMI, precio de venta al público: SERIPRAN (Rospaw)",minorista,,sí,Medicamentos
Pregabalina 25 mg cápsulas,cápsula,406.0707,2026-09-25,"PAMI, precio de venta al público: SERIPRAN (Rospaw)",minorista,,sí,Medicamentos
Pregabalina 25 mg cápsulas,cápsula,10.9432,2026-09-25,"PAMI, precio de venta al público: SERIPRAN (Rospaw)",minorista,,sí,Medicamentos
Pregabalina 300 mg cápsulas,cápsula,2739.2277,2026-09-25,"PAMI, precio de venta al público: SERIPRAN (Rospaw)",minorista,,sí,Medicamentos
Pregabalina 300 mg cápsulas,cápsula,74.6417,2026-09-25,"PAMI, precio de venta al público: SERIPRAN (Rospaw)",minorista,,sí,Medicamentos
Pregabalina 50 mg cápsulas,cápsula,751.2733,2026-09-25,"PAMI, precio de venta al público: SERIPRAN (Rospaw)",minorista,,sí,Medicamentos
Pregabalina 50 mg cápsulas,cápsula,23.5333,2026-09-25,"PAMI, precio de venta al público: SERIPRAN (Rospaw)",minorista,,sí,Medicamentos
Pregabalina 75 mg comprimidos,comprimido,19.9583,2026-09-25,"PAMI, precio de venta al público: SERIPRAN (Rospaw)",minorista,,sí,Medicamentos
Pregabalina 75 mg cápsulas,cápsula,1259.2767,2026-09-25,"PAMI, precio de venta al público: SERIPRAN (Rospaw)",minorista,,sí,Medicamentos
Pregabalina 75 mg cápsulas,cápsula,32.9242,2026-09-25,"PAMI, precio de venta al público: SERIPRAN (Rospaw)",minorista,,sí,Medicamentos
Pregabalina 75mg comprimidos,comprimido,1169.7583,2026-09-25,"PAMI, precio de venta al público: SERIPRAN (Rospaw)",minorista,,sí,Medicamentos
Prometazina 25 mg comprimidos,comprimido,197.4747,2026-09-25,"PAMI, precio de venta al público: ROSTAZINA (Rospaw)",minorista,,sí,Medicamentos
Quetiapina 100 mg comprimidos,comprimido,3134.5737,2026-09-25,"PAMI, precio de venta al público: QUETIAROS (Rospaw)",minorista,,sí,Medicamentos
Quetiapina 200 mg comprimidos,comprimido,4102.2153,2026-09-25,"PAMI, precio de venta al público: QUETIAROS (Rospaw)",minorista,,sí,Medicamentos
Quetiapina 25 mg comprimidos,comprimido,1868.4110,2026-09-25,"PAMI, precio de venta al público: QUETIAROS (Rospaw)",minorista,,sí,Medicamentos
Sertralina 100 mg comprimidos,comprimido,1674.3267,2026-09-25,"PAMI, precio de venta al público: SERTRALINA ROSPAW (Rospaw)",minorista,,sí,Medicamentos
Sertralina 50 mg comprimidos,comprimido,1004.8493,2026-09-25,"PAMI, precio de venta al público: SERTRALINA ROSPAW (Rospaw)",minorista,,sí,Medicamentos
Valsartán 160 mg comprimidos,comprimido,1084.6590,2026-09-25,"PAMI, precio de venta al público: TEXOPRAN (Rospaw)",minorista,,sí,Medicamentos
Valsartán 320 mg comprimidos,comprimido,1184.0110,2026-09-25,"PAMI, precio de venta al público: TEXOPRAN (Rospaw)",minorista,,sí,Medicamentos
Valsartán 80 mg comprimidos,comprimido,825.3833,2026-09-25,"PAMI, precio de venta al público: TEXOPRAN (Rospaw)",minorista,,sí,Medicamentos
Venlafaxina 25 mg comprimidos,comprimido,340.4723,2026-09-25,"PAMI, precio de venta al público: FAXIPAW (Rospaw)",minorista,,sí,Medicamentos
Venlafaxina 50 mg comprimidos,comprimido,469.9540,2026-09-25,"PAMI, precio de venta al público: FAXIPAW (Rospaw)",minorista,,sí,Medicamentos
Venlafaxina 75 mg comprimidos,comprimido,665.2200,2026-09-25,"PAMI, precio de venta al público: FAXIPAW (Rospaw)",minorista,,sí,Medicamentos
Zolpidem 10 mg comprimidos,comprimido,482.9163,2026-09-25,"PAMI, precio de venta al público: DORMI-ROS (Rospaw)",minorista,,sí,Medicamentos
Itopride 50 mg comprimidos,comprimido,2753.3780,2026-09-25,"PAMI, precio de venta al público: DOMEKA (Rossmore Pharma)",minorista,,sí,Medicamentos
Itopride 50 mg comprimidos,comprimido,1101.7200,2026-09-25,"PAMI, precio de venta al público: DOMEKA (Rossmore Pharma)",minorista,,sí,Medicamentos
Itopride 50 mg comprimidos,comprimido,869.0123,2026-09-25,"PAMI, precio de venta al público: DOMEKA (Rossmore Pharma)",minorista,,sí,Medicamentos
"Ursodesoxicólico,ác. 300 mg comprimidos",comprimido,1362.3600,2026-09-25,"PAMI, precio de venta al público: URSOTOP (Rossmore Pharma)",minorista,,sí,Medicamentos
"Ursodesoxicólico,ác. 300 mg comprimidos",comprimido,1266.8740,2026-09-25,"PAMI, precio de venta al público: URSOTOP (Rossmore Pharma)",minorista,,sí,Medicamentos
Claritromicina 500 mg comprimidos,comprimido,1827.5000,2026-09-25,"PAMI, precio de venta al público: MACROMICINA (Sanitas)",minorista,,sí,Medicamentos
Enzimas digestivas+asoc. 200 mg comprimidos,comprimido,568.7940,2026-09-25,"PAMI, precio de venta al público: POLIENZIM (Sanitas)",minorista,,sí,Medicamentos
Famotidina 20 mg comprimidos,comprimido,330.5333,2026-09-25,"PAMI, precio de venta al público: ACIMED F (Sanitas)",minorista,,sí,Medicamentos
Mosapride 5 mg comprimidos,comprimido,521.7150,2026-09-25,"PAMI, precio de venta al público: GASTROKIN (Sanitas)",minorista,,sí,Medicamentos
"Ursodesoxicólico,ác. 300 mg comprimidos",comprimido,1670.2290,2026-09-25,"PAMI, precio de venta al público: UTRAL 300 (Sanitas)",minorista,,sí,Medicamentos
"Ursodesoxicólico,ác. 300 mg comprimidos",comprimido,1646.3143,2026-09-25,"PAMI, precio de venta al público: UTRAL 300 (Sanitas)",minorista,,sí,Medicamentos
"Alfuzosina,clorh. 10 mg comprimidos de liberación prolongada",comprimido,179.6987,2026-09-25,"PAMI, precio de venta al público: UROXATRAL OD (Sanofi-Aventis)",minorista,,sí,Medicamentos
Ciprofibrato 100 mg cápsulas,cápsula,115.7100,2026-09-25,"PAMI, precio de venta al público: ESTAPROL (Sanofi-Aventis)",minorista,,sí,Medicamentos
Ciprofibrato 100 mg cápsulas,cápsula,62.4505,2026-09-25,"PAMI, precio de venta al público: ESTAPROL (Sanofi-Aventis)",minorista,,sí,Medicamentos
Clopidogrel 300 mg comprimidos,comprimido,284.5650,2026-09-25,"PAMI, precio de venta al público: PLAVIX (Sanofi-Aventis)",minorista,,sí,Medicamentos
Clopidogrel 75 mg comprimidos,comprimido,177.8943,2026-09-25,"PAMI, precio de venta al público: PLAVIX (Sanofi-Aventis)",minorista,,sí,Medicamentos
Clopidogrel 75 mg comprimidos,comprimido,461.8357,2026-09-25,"PAMI, precio de venta al público: PLAVIX (Sanofi-Aventis)",minorista,,sí,Medicamentos
Deflazacort 30 mg comprimidos,comprimido,26.8790,2026-09-25,"PAMI, precio de venta al público: FLAMIREX 30 (Sanofi-Aventis)",minorista,,sí,Medicamentos
Deflazacort 30 mg comprimidos,comprimido,464.1320,2026-09-25,"PAMI, precio de venta al público: AZACORTID (Sanofi-Aventis)",minorista,,sí,Medicamentos
Deflazacort 6 mg comprimidos,comprimido,67.4990,2026-09-25,"PAMI, precio de venta al público: AZACORTID (Sanofi-Aventis)",minorista,,sí,Medicamentos
Enoxaparina sódica 100 mg jeringas prellenadas,jeringa prellenada,67998.2950,2026-09-25,"PAMI, precio de venta al público: CLEXANE (Sanofi-Aventis)",minorista,,sí,Medicamentos
Enoxaparina sódica 20 mg jeringas prellenadas,jeringa prellenada,15764.7470,2026-09-25,"PAMI, precio de venta al público: CLEXANE (Sanofi-Aventis)",minorista,,sí,Medicamentos
Enoxaparina sódica 20 mg jeringas prellenadas,jeringa prellenada,507.5350,2026-09-25,"PAMI, precio de venta al público: CLEXANE (Sanofi-Aventis)",minorista,,sí,Medicamentos
Enoxaparina sódica 40 mg jeringas prellenadas,jeringa prellenada,30691.6360,2026-09-25,"PAMI, precio de venta al público: CLEXANE (Sanofi-Aventis)",minorista,,sí,Medicamentos
Enoxaparina sódica 40 mg jeringas prellenadas,jeringa prellenada,30690.4800,2026-09-25,"PAMI, precio de venta al público: CLEXANE (Sanofi-Aventis)",minorista,,sí,Medicamentos
Enoxaparina sódica 60 mg jeringas prellenadas,jeringa prellenada,43270.7380,2026-09-25,"PAMI, precio de venta al público: CLEXANE (Sanofi-Aventis)",minorista,,sí,Medicamentos
Enoxaparina sódica 80 mg jeringas prellenadas,jeringa prellenada,57154.7680,2026-09-25,"PAMI, precio de venta al público: CLEXANE (Sanofi-Aventis)",minorista,,sí,Medicamentos
Espiramicina 3 mui comprimidos,comprimido,2883.6115,2026-09-25,"PAMI, precio de venta al público: ROVAMYCINE (Sanofi-Aventis)",minorista,,sí,Medicamentos
Espironolactona+furosemida 25 mg cápsulas,cápsula,14.3963,2026-09-25,"PAMI, precio de venta al público: LASILACTON (Sanofi-Aventis)",minorista,,sí,Medicamentos
Espironolactona+furosemida 50 mg cápsulas,cápsula,19.9100,2026-09-25,"PAMI, precio de venta al público: LASILACTON (Sanofi-Aventis)",minorista,,sí,Medicamentos
Furosemida 40 mg comprimidos,comprimido,669.8103,2026-09-25,"PAMI, precio de venta al público: LASIX (Sanofi-Aventis)",minorista,,sí,Medicamentos
Furosemida 40 mg comprimidos,comprimido,669.8410,2026-09-25,"PAMI, precio de venta al público: LASIX (Sanofi-Aventis)",minorista,,sí,Medicamentos
Furosemida 40 mg comprimidos,comprimido,669.8593,2026-09-25,"PAMI, precio de venta al público: LASIX (Sanofi-Aventis)",minorista,,sí,Medicamentos
Glimepiride 2 mg comprimidos,comprimido,720.1057,2026-09-25,"PAMI, precio de venta al público: AMARYL (Sanofi-Aventis)",minorista,,sí,Medicamentos
Glimepiride 2 mg comprimidos,comprimido,22.2962,2026-09-25,"PAMI, precio de venta al público: AMARYL (Sanofi-Aventis)",minorista,,sí,Medicamentos
Glimepiride 4 mg comprimidos,comprimido,84.3353,2026-09-25,"PAMI, precio de venta al público: AMARYL (Sanofi-Aventis)",minorista,,sí,Medicamentos
Glimepiride 4 mg comprimidos,comprimido,1270.2167,2026-09-25,"PAMI, precio de venta al público: AMARYL (Sanofi-Aventis)",minorista,,sí,Medicamentos
Glimepiride+metformina 2 mg/1 g comprimidos,comprimido,24.0763,2026-09-25,"PAMI, precio de venta al público: AMARYL M (Sanofi-Aventis)",minorista,,sí,Medicamentos
Glimepiride+metformina 4 mg/1 g comprimidos,comprimido,44.5923,2026-09-25,"PAMI, precio de venta al público: AMARYL M (Sanofi-Aventis)",minorista,,sí,Medicamentos
Irbesartán 150 mg comprimidos,comprimido,2087.4182,2026-09-25,"PAMI, precio de venta al público: APROVEL 150 (Sanofi-Aventis)",minorista,,sí,Medicamentos
Irbesartán 300 mg comprimidos,comprimido,2744.1950,2026-09-25,"PAMI, precio de venta al público: APROVEL 300 (Sanofi-Aventis)",minorista,,sí,Medicamentos
Irbesartán+amlodipino 150/5mg comprimidos,comprimido,1580.5357,2026-09-25,"PAMI, precio de venta al público: APROVASC (Sanofi-Aventis)",minorista,,sí,Medicamentos
Irbesartán+amlodipino 300/10mg comprimidos,comprimido,1580.5357,2026-09-25,"PAMI, precio de venta al público: APROVASC (Sanofi-Aventis)",minorista,,sí,Medicamentos
Irbesartán+amlodipino 300/5mg comprimidos,comprimido,1580.5357,2026-09-25,"PAMI, precio de venta al público: APROVASC (Sanofi-Aventis)",minorista,,sí,Medicamentos
Irbesartán+hidroclorotiazida 150/12.5 mg comprimidos,comprimido,2087.4182,2026-09-25,"PAMI, precio de venta al público: CO APROVEL 150/12.5MG (Sanofi-Aventis)",minorista,,sí,Medicamentos
Irbesartán+hidroclorotiazida 300/12.5 mg comprimidos,comprimido,2744.1950,2026-09-25,"PAMI, precio de venta al público: CO APROVEL 300/12.5MG (Sanofi-Aventis)",minorista,,sí,Medicamentos
Irbesartán+hidroclorotiazida 300/25 mg comprimidos,comprimido,116.4239,2026-09-25,"PAMI, precio de venta al público: CO APROVEL 300/25 MG (Sanofi-Aventis)",minorista,,sí,Medicamentos
Isoniacida 300 mg comprimidos,comprimido,9.1743,2026-09-25,"PAMI, precio de venta al público: NICOTIBINA (Sanofi-Aventis)",minorista,,sí,Medicamentos
Leflunomida 20 mg comprimidos,comprimido,197.5080,2026-09-25,"PAMI, precio de venta al público: ARAVA (Sanofi-Aventis)",minorista,,sí,Medicamentos
Levomepromazina 2 mg comprimidos,comprimido,16.7317,2026-09-25,"PAMI, precio de venta al público: NOZINAN (Sanofi-Aventis)",minorista,,sí,Medicamentos
Metformina 1000 mg comprimidos,comprimido,39.1633,2026-09-25,"PAMI, precio de venta al público: QUEXEL SR 1000 (Sanofi-Aventis)",minorista,,sí,Medicamentos
Metformina 500 mg comprimidos,comprimido,10.0883,2026-09-25,"PAMI, precio de venta al público: QUEXEL SR 500 (Sanofi-Aventis)",minorista,,sí,Medicamentos
Metformina 850 mg comprimidos,comprimido,29.3810,2026-09-25,"PAMI, precio de venta al público: QUEXEL SR 850 (Sanofi-Aventis)",minorista,,sí,Medicamentos
Montelukast 10 mg comprimidos,comprimido,131.0943,2026-09-25,"PAMI, precio de venta al público: AMISPED (Sanofi-Aventis)",minorista,,sí,Medicamentos
Montelukast 4 mg comprimidos masticables,comprimido,66.5433,2026-09-25,"PAMI, precio de venta al público: AMISPED PEDIATRICO (Sanofi-Aventis)",minorista,,sí,Medicamentos
Montelukast 5 mg comprimidos masticables,comprimido,123.7167,2026-09-25,"PAMI, precio de venta al público: AMISPED PEDIATRICO (Sanofi-Aventis)",minorista,,sí,Medicamentos
Pentoxifilina 600 mg comprimidos,comprimido,47.6890,2026-09-25,"PAMI, precio de venta al público: TRENTAL 600 (Sanofi-Aventis)",minorista,,sí,Medicamentos
Rifampicina 300 mg cápsulas,cápsula,128.3450,2026-09-25,"PAMI, precio de venta al público: RIFADIN (Sanofi-Aventis)",minorista,,sí,Medicamentos
Vigabatrin 500 mg comprimidos,comprimido,1777.7638,2026-09-25,"PAMI, precio de venta al público: SABRIL (Sanofi-Aventis)",minorista,,sí,Medicamentos
Zolpidem 12.5 mg comprimidos,comprimido,28.3596,2026-09-25,"PAMI, precio de venta al público: AMBIEN CR (Sanofi-Aventis)",minorista,,sí,Medicamentos
Zolpidem 6.25 mg comprimidos,comprimido,21.8104,2026-09-25,"PAMI, precio de venta al público: AMBIEN CR (Sanofi-Aventis)",minorista,,sí,Medicamentos
Atorvastatín 20 mg comprimidos,comprimido,14.7467,2026-09-25,"PAMI, precio de venta al público: FABOXIM (Savant Consumer)",minorista,,sí,Medicamentos
Cilostazol 100 mg comprimidos,comprimido,19.9473,2026-09-25,"PAMI, precio de venta al público: CIBROGAN (Savant Consumer)",minorista,,sí,Medicamentos
Clopidogrel 75 mg comprimidos,comprimido,49.2210,2026-09-25,"PAMI, precio de venta al público: CLODINAREL (Savant Consumer)",minorista,,sí,Medicamentos
"Acetilsalicílico,ác. 100 mg comprimidos",comprimido,154.6496,2026-09-25,"PAMI, precio de venta al público: NUEVAPINA CARDIO (Savant Generic)",minorista,,sí,Medicamentos
Amlodipina 10 mg comprimidos,comprimido,334.9380,2026-09-25,"PAMI, precio de venta al público: OTERAMINA (Savant Generic)",minorista,,sí,Medicamentos
Amoxicilina 500 mg comprimidos,comprimido,54.9312,2026-09-25,"PAMI, precio de venta al público: FABAMOX (Savant Generic)",minorista,,sí,Medicamentos
Amoxicilina 500 mg comprimidos,comprimido,24.2095,2026-09-25,"PAMI, precio de venta al público: FABAMOX (Savant Generic)",minorista,,sí,Medicamentos
Amoxicilina 500 mg comprimidos,comprimido,439.9675,2026-09-25,"PAMI, precio de venta al público: FABAMOX (Savant Generic)",minorista,,sí,Medicamentos
Amoxicilina 500 mg/5 ml suspensión oral,1 ml,132.1046,2026-09-25,"PAMI, precio de venta al público: FABAMOX (Savant Generic)",minorista,,sí,Medicamentos
Amoxicilina 875 mg comprimidos,comprimido,816.7686,2026-09-25,"PAMI, precio de venta al público: FABAMOX PLUS (Savant Generic)",minorista,,sí,Medicamentos
Amoxicilina+ambroxol 500/30 mg comprimidos,comprimido,65.8238,2026-09-25,"PAMI, precio de venta al público: FABAMOX BRONQUIAL (Savant Generic)",minorista,,sí,Medicamentos
Amoxicilina+ambroxol 875/60 mg comprimidos,comprimido,83.5950,2026-09-25,"PAMI, precio de venta al público: FABAMOX BRONQUIAL (Savant Generic)",minorista,,sí,Medicamentos
"Amoxicilina+clavulánico,ác. 400/57 mg suspensión oral",1 ml,215.6650,2026-09-25,"PAMI, precio de venta al público: FABAMOX DUO SUSPENSION (Savant Generic)",minorista,,sí,Medicamentos
"Amoxicilina+clavulánico,ác. 500/125 mg comprimidos",comprimido,1525.9425,2026-09-25,"PAMI, precio de venta al público: FABAMOX DUO (Savant Generic)",minorista,,sí,Medicamentos
"Amoxicilina+clavulánico,ác. 875/125 mg comprimidos",comprimido,1753.7471,2026-09-25,"PAMI, precio de venta al público: FABAMOX DUO 1 GR (Savant Generic)",minorista,,sí,Medicamentos
Atorvastatín 10 mg comprimidos,comprimido,935.0063,2026-09-25,"PAMI, precio de venta al público: LIPEND (Savant Generic)",minorista,,sí,Medicamentos
Atorvastatín 20 mg comprimidos,comprimido,1582.9670,2026-09-25,"PAMI, precio de venta al público: LIPEND (Savant Generic)",minorista,,sí,Medicamentos
Atorvastatín 40 mg comprimidos,comprimido,1789.9270,2026-09-25,"PAMI, precio de venta al público: LIPEND (Savant Generic)",minorista,,sí,Medicamentos
Azitromicina 500 mg comprimidos,comprimido,244.4300,2026-09-25,"PAMI, precio de venta al público: IZOTROP (Savant Generic)",minorista,,sí,Medicamentos
Azitromicina 500 mg comprimidos,comprimido,132.8033,2026-09-25,"PAMI, precio de venta al público: IZOTROP (Savant Generic)",minorista,,sí,Medicamentos
Carvedilol 12.5 mg comprimidos,comprimido,206.4067,2026-09-25,"PAMI, precio de venta al público: CARTIATO (Savant Generic)",minorista,,sí,Medicamentos
Carvedilol 25 mg comprimidos,comprimido,254.9863,2026-09-25,"PAMI, precio de venta al público: CARTIATO (Savant Generic)",minorista,,sí,Medicamentos
Carvedilol 6.25 mg comprimidos,comprimido,168.4473,2026-09-25,"PAMI, precio de venta al público: CARTIATO (Savant Generic)",minorista,,sí,Medicamentos
Cefalexina 1000 mg comprimidos,comprimido,1663.8600,2026-09-25,"PAMI, precio de venta al público: BUTEFINA DUO (Savant Generic)",minorista,,sí,Medicamentos
Cefalexina 500 mg comprimidos,comprimido,70.5625,2026-09-25,"PAMI, precio de venta al público: BUTEFINA (Savant Generic)",minorista,,sí,Medicamentos
Cefalexina 500 mg suspensión oral,1 ml,8.4338,2026-09-25,"PAMI, precio de venta al público: FABOTOP (Savant Generic)",minorista,,sí,Medicamentos
Ciprofloxacina 500 mg comprimidos,comprimido,109.3890,2026-09-25,"PAMI, precio de venta al público: ATIBAX (Savant Generic)",minorista,,sí,Medicamentos
Claritromicina 500 mg comprimidos,comprimido,377.3725,2026-09-25,"PAMI, precio de venta al público: SOFERAX (Savant Generic)",minorista,,sí,Medicamentos
Diclofenac potásico+paracetamol 50/400 mg comprimidos,comprimido,604.0360,2026-09-25,"PAMI, precio de venta al público: FLEXIPLEN COMPLEX (Savant Generic)",minorista,,sí,Medicamentos
Diclofenac sódico 50 mg cápsulas,cápsula,182.5580,2026-09-25,"PAMI, precio de venta al público: FLEXIPLEN CAPSULA BLANDA (Savant Generic)",minorista,,sí,Medicamentos
Diclofenac+pridinol 50/4 mg cápsulas,cápsula,1199.9000,2026-09-25,"PAMI, precio de venta al público: FABOGESIC PLEN (Savant Generic)",minorista,,sí,Medicamentos
Enalapril 10 mg comprimidos,comprimido,23.2210,2026-09-25,"PAMI, precio de venta al público: FABOTENSIL (Savant Generic)",minorista,,sí,Medicamentos
Enalapril 10 mg comprimidos,comprimido,14.9202,2026-09-25,"PAMI, precio de venta al público: FABOTENSIL (Savant Generic)",minorista,,sí,Medicamentos
Fluconazol 150 mg comprimidos,comprimido,364.6325,2026-09-25,"PAMI, precio de venta al público: CANSIS (Savant Generic)",minorista,,sí,Medicamentos
Ketorolac 10 mg comprimidos sublinguales,comprimido,48.5910,2026-09-25,"PAMI, precio de venta al público: DUPRAC SL (Savant Generic)",minorista,,sí,Medicamentos
Ketorolac 20 mg comprimidos,comprimido,59.1560,2026-09-25,"PAMI, precio de venta al público: DUPRAC (Savant Generic)",minorista,,sí,Medicamentos
Lorazepam 2.5 mg comprimidos,comprimido,5.9966,2026-09-25,"PAMI, precio de venta al público: CALMATRON (Savant Generic)",minorista,,sí,Medicamentos
Losartán 50 mg comprimidos,comprimido,580.0677,2026-09-25,"PAMI, precio de venta al público: JESAN (Savant Generic)",minorista,,sí,Medicamentos
Norfloxacina 400 mg comprimidos,comprimido,52.7495,2026-09-25,"PAMI, precio de venta al público: ACTOBIAN (Savant Generic)",minorista,,sí,Medicamentos
Pregabalina 150 mg cápsulas,cápsula,114.1467,2026-09-25,"PAMI, precio de venta al público: DOLGENAL (Savant Generic)",minorista,,sí,Medicamentos
Pregabalina 75 mg cápsulas,cápsula,69.7307,2026-09-25,"PAMI, precio de venta al público: DOLGENAL (Savant Generic)",minorista,,sí,Medicamentos
Rosuvastatina 10 mg comprimidos,comprimido,594.6568,2026-09-25,"PAMI, precio de venta al público: COLESTRAX (Savant Generic)",minorista,,sí,Medicamentos
Rosuvastatina 20 mg comprimidos,comprimido,1029.0421,2026-09-25,"PAMI, precio de venta al público: COLESTRAX (Savant Generic)",minorista,,sí,Medicamentos
"Tióctico,ác. 600 mg comprimidos",comprimido,1830.3387,2026-09-25,"PAMI, precio de venta al público: GABSIK (Savant Generic)",minorista,,sí,Medicamentos
Agomelatina 25 mg comprimidos,comprimido,178.1679,2026-09-25,"PAMI, precio de venta al público: VALDOXAN (Servier)",minorista,,sí,Medicamentos
Agomelatina 25 mg comprimidos,comprimido,3514.4711,2026-09-25,"PAMI, precio de venta al público: VALDOXAN (Servier)",minorista,,sí,Medicamentos
Diosmina+hesperidina micronizada 500 mg comprimidos,comprimido,2081.6257,2026-09-25,"PAMI, precio de venta al público: DAFLON 500 (Servier)",minorista,,sí,Medicamentos
Diosmina+hesperidina micronizada 500 mg comprimidos,comprimido,2031.5015,2026-09-25,"PAMI, precio de venta al público: DAFLON 500 (Servier)",minorista,,sí,Medicamentos
Diosmina+hesperidina micronizada 500 mg comprimidos,comprimido,1845.4033,2026-09-25,"PAMI, precio de venta al público: DAFLON 500 (Servier)",minorista,,sí,Medicamentos
Gliclazida 60 mg comprimidos,comprimido,1029.5773,2026-09-25,"PAMI, precio de venta al público: DIAMICRON MR 60 (Servier)",minorista,,sí,Medicamentos
Gliclazida 60 mg comprimidos,comprimido,1006.8158,2026-09-25,"PAMI, precio de venta al público: DIAMICRON MR 60 (Servier)",minorista,,sí,Medicamentos
Indapamida 1.5 mg comprimidos,comprimido,541.0637,2026-09-25,"PAMI, precio de venta al público: NATRILIX SR (Servier)",minorista,,sí,Medicamentos
Ivabradina 5 mg comprimidos,comprimido,2003.8171,2026-09-25,"PAMI, precio de venta al público: PROCORALAN (Servier)",minorista,,sí,Medicamentos
Ivabradina 5 mg comprimidos,comprimido,1974.7109,2026-09-25,"PAMI, precio de venta al público: PROCORALAN (Servier)",minorista,,sí,Medicamentos
Ivabradina 7.5 mg comprimidos,comprimido,2207.5643,2026-09-25,"PAMI, precio de venta al público: PROCORALAN (Servier)",minorista,,sí,Medicamentos
Ivabradina 7.5 mg comprimidos,comprimido,2172.3618,2026-09-25,"PAMI, precio de venta al público: PROCORALAN (Servier)",minorista,,sí,Medicamentos
Perindopril 10 mg comprimidos,comprimido,1271.7863,2026-09-25,"PAMI, precio de venta al público: COVERENE 10 (Servier)",minorista,,sí,Medicamentos
Perindopril 5 mg comprimidos,comprimido,923.8167,2026-09-25,"PAMI, precio de venta al público: COVERENE (Servier)",minorista,,sí,Medicamentos
Perindopril+amlodipina 10/10 comprimidos,comprimido,1459.2007,2026-09-25,"PAMI, precio de venta al público: COVERAM 10/10 (Servier)",minorista,,sí,Medicamentos
Perindopril+amlodipina 10/5 comprimidos,comprimido,1459.2007,2026-09-25,"PAMI, precio de venta al público: COVERAM 10/5 (Servier)",minorista,,sí,Medicamentos
Perindopril+amlodipina 5/10 comprimidos,comprimido,1162.1873,2026-09-25,"PAMI, precio de venta al público: COVERAM 5/10 (Servier)",minorista,,sí,Medicamentos
Perindopril+amlodipina 5/5 comprimidos,comprimido,1162.1873,2026-09-25,"PAMI, precio de venta al público: COVERAM 5/5 (Servier)",minorista,,sí,Medicamentos
Perindopril+indapamida 10/2.5mg comprimidos,comprimido,1366.7977,2026-09-25,"PAMI, precio de venta al público: PRETERAX 10 (Servier)",minorista,,sí,Medicamentos
Perindopril+indapamida 2.5/0.625mg comprimidos,comprimido,1045.5520,2026-09-25,"PAMI, precio de venta al público: PRETERAX (Servier)",minorista,,sí,Medicamentos
Perindopril+indapamida 5/1.25mg comprimidos,comprimido,1345.1413,2026-09-25,"PAMI, precio de venta al público: PRETERAX 5 (Servier)",minorista,,sí,Medicamentos
Perindopril+indapamida+amlodipin 10/2.5/10mg comprimidos,comprimido,1618.2427,2026-09-25,"PAMI, precio de venta al público: TRIPLIXAM (Servier)",minorista,,sí,Medicamentos
Perindopril+indapamida+amlodipin 10/2.5/5mg comprimidos,comprimido,1618.2427,2026-09-25,"PAMI, precio de venta al público: TRIPLIXAM (Servier)",minorista,,sí,Medicamentos
Perindopril+indapamida+amlodipin 5/1.25/10mg comprimidos,comprimido,187.8080,2026-09-25,"PAMI, precio de venta al público: TRIPLIXAM (Servier)",minorista,,sí,Medicamentos
Perindopril+indapamida+amlodipin 5/1.25/5mg comprimidos,comprimido,1288.4653,2026-09-25,"PAMI, precio de venta al público: TRIPLIXAM (Servier)",minorista,,sí,Medicamentos
Rosuvastatina+ezetimibe 10/10 mg cápsulas,cápsula,1206.3133,2026-09-25,"PAMI, precio de venta al público: COMBICOL (Servier)",minorista,,sí,Medicamentos
Rosuvastatina+ezetimibe 20/10 mg cápsulas,cápsula,2073.2213,2026-09-25,"PAMI, precio de venta al público: COMBICOL (Servier)",minorista,,sí,Medicamentos
Sulbutiamina 200 mg comprimidos,comprimido,83.9975,2026-09-25,"PAMI, precio de venta al público: MEGASTENE (Servier)",minorista,,sí,Medicamentos
Sulbutiamina 200 mg comprimidos,comprimido,63.9375,2026-09-25,"PAMI, precio de venta al público: MEGASTENE (Servier)",minorista,,sí,Medicamentos
Alprazolam 0.5 mg comprimidos,comprimido,12.1033,2026-09-25,"PAMI, precio de venta al público: PTA (Sidus)",minorista,,sí,Medicamentos
Alprazolam 0.5 mg comprimidos,comprimido,10.5265,2026-09-25,"PAMI, precio de venta al público: PTA (Sidus)",minorista,,sí,Medicamentos
Alprazolam 1 mg comprimidos,comprimido,19.4170,2026-09-25,"PAMI, precio de venta al público: PTA (Sidus)",minorista,,sí,Medicamentos
Alprazolam 1 mg comprimidos,comprimido,17.8482,2026-09-25,"PAMI, precio de venta al público: PTA (Sidus)",minorista,,sí,Medicamentos
Alprazolam 2 mg comprimidos,comprimido,26.8327,2026-09-25,"PAMI, precio de venta al público: PTA (Sidus)",minorista,,sí,Medicamentos
Alprazolam 2 mg comprimidos,comprimido,22.8913,2026-09-25,"PAMI, precio de venta al público: PTA (Sidus)",minorista,,sí,Medicamentos
Amlodipina+atorvastatín 10/10 mg comprimidos,comprimido,1251.7363,2026-09-25,"PAMI, precio de venta al público: TEMAX (Sidus)",minorista,,sí,Medicamentos
Amlodipina+atorvastatín 10/20 mg comprimidos,comprimido,1687.4857,2026-09-25,"PAMI, precio de venta al público: TEMAX (Sidus)",minorista,,sí,Medicamentos
Amlodipina+atorvastatín 5/10 mg comprimidos,comprimido,1015.2653,2026-09-25,"PAMI, precio de venta al público: TEMAX (Sidus)",minorista,,sí,Medicamentos
Amlodipina+atorvastatín 5/20 mg comprimidos,comprimido,1501.6503,2026-09-25,"PAMI, precio de venta al público: TEMAX (Sidus)",minorista,,sí,Medicamentos
Amoxicilina 500 mg comprimidos,comprimido,482.5569,2026-09-25,"PAMI, precio de venta al público: GRINSIL (Sidus)",minorista,,sí,Medicamentos
Amoxicilina 500 mg comprimidos,comprimido,386.1743,2026-09-25,"PAMI, precio de venta al público: GRINSIL (Sidus)",minorista,,sí,Medicamentos
Amoxicilina 500 mg suspensión oral,1 ml,107.5472,2026-09-25,"PAMI, precio de venta al público: GRINSIL (Sidus)",minorista,,sí,Medicamentos
Amoxicilina 875 mg comprimidos,comprimido,824.5057,2026-09-25,"PAMI, precio de venta al público: GRINSIL DUO (Sidus)",minorista,,sí,Medicamentos
Amoxicilina+ambroxol 875/60 mg comprimidos,comprimido,1267.0736,2026-09-25,"PAMI, precio de venta al público: GRINSIL RESPIRATORIO DUO (Sidus)",minorista,,sí,Medicamentos
"Amoxicilina+clavulánico,ác. 1 g comprimidos",comprimido,1563.4100,2026-09-25,"PAMI, precio de venta al público: ELGYMOX CLAV (Sidus)",minorista,,sí,Medicamentos
"Amoxicilina+clavulánico,ác. 875 mg comprimidos",comprimido,1876.8007,2026-09-25,"PAMI, precio de venta al público: GRINSIL CLAV DUO 875 (Sidus)",minorista,,sí,Medicamentos
Carvedilol 12.5 mg comprimidos,comprimido,188.7450,2026-09-25,"PAMI, precio de venta al público: DUOBLOC (Sidus)",minorista,,sí,Medicamentos
Carvedilol 25 mg comprimidos,comprimido,226.0104,2026-09-25,"PAMI, precio de venta al público: DUOBLOC (Sidus)",minorista,,sí,Medicamentos
Carvedilol 6.25 mg comprimidos,comprimido,152.1279,2026-09-25,"PAMI, precio de venta al público: DUOBLOC (Sidus)",minorista,,sí,Medicamentos
Claritromicina 500 mg comprimidos,comprimido,143.6200,2026-09-25,"PAMI, precio de venta al público: CLASID (Sidus)",minorista,,sí,Medicamentos
Claritromicina 500 mg comprimidos,comprimido,170.8088,2026-09-25,"PAMI, precio de venta al público: CLASID (Sidus)",minorista,,sí,Medicamentos
Clopidogrel 75 mg comprimidos,comprimido,34.2603,2026-09-25,"PAMI, precio de venta al público: PLATACA (Sidus)",minorista,,sí,Medicamentos
Etoricoxib 120 mg comprimidos,comprimido,1653.1343,2026-09-25,"PAMI, precio de venta al público: ETOREX (Sidus)",minorista,,sí,Medicamentos
Etoricoxib 120 mg comprimidos,comprimido,2565.2643,2026-09-25,"PAMI, precio de venta al público: FOLDOX (Sidus)",minorista,,sí,Medicamentos
Etoricoxib 60 mg comprimidos,comprimido,1307.8989,2026-09-25,"PAMI, precio de venta al público: ETOREX (Sidus)",minorista,,sí,Medicamentos
Etoricoxib 60 mg comprimidos,comprimido,109.5643,2026-09-25,"PAMI, precio de venta al público: FOLDOX (Sidus)",minorista,,sí,Medicamentos
Etoricoxib 90 mg comprimidos,comprimido,2048.9179,2026-09-25,"PAMI, precio de venta al público: ETOREX (Sidus)",minorista,,sí,Medicamentos
Etoricoxib 90 mg comprimidos,comprimido,2057.1621,2026-09-25,"PAMI, precio de venta al público: ETOREX (Sidus)",minorista,,sí,Medicamentos
Fluoxetina 10 mg cápsulas,cápsula,42.8580,2026-09-25,"PAMI, precio de venta al público: NERVOSAL (Sidus)",minorista,,sí,Medicamentos
Fluoxetina 10 mg cápsulas,cápsula,36.2448,2026-09-25,"PAMI, precio de venta al público: NERVOSAL (Sidus)",minorista,,sí,Medicamentos
Fluoxetina 20 mg cápsulas,cápsula,44.9757,2026-09-25,"PAMI, precio de venta al público: NERVOSAL (Sidus)",minorista,,sí,Medicamentos
Fluoxetina 20 mg cápsulas,cápsula,39.9495,2026-09-25,"PAMI, precio de venta al público: NERVOSAL (Sidus)",minorista,,sí,Medicamentos
Haloperidol 1 mg comprimidos,comprimido,17.4207,2026-09-25,"PAMI, precio de venta al público: NEUPRAM (Sidus)",minorista,,sí,Medicamentos
Haloperidol 1 mg comprimidos,comprimido,12.9545,2026-09-25,"PAMI, precio de venta al público: NEUPRAM (Sidus)",minorista,,sí,Medicamentos
Haloperidol 10 mg comprimidos,comprimido,40.2027,2026-09-25,"PAMI, precio de venta al público: NEUPRAM (Sidus)",minorista,,sí,Medicamentos
Haloperidol 10 mg comprimidos,comprimido,35.7413,2026-09-25,"PAMI, precio de venta al público: NEUPRAM (Sidus)",minorista,,sí,Medicamentos
Haloperidol 5 mg comprimidos,comprimido,29.0360,2026-09-25,"PAMI, precio de venta al público: NEUPRAM (Sidus)",minorista,,sí,Medicamentos
Haloperidol 5 mg comprimidos,comprimido,27.9213,2026-09-25,"PAMI, precio de venta al público: NEUPRAM (Sidus)",minorista,,sí,Medicamentos
Ketorolac 10 mg comprimidos sublinguales,comprimido,1130.4650,2026-09-25,"PAMI, precio de venta al público: ELGYDOL (Sidus)",minorista,,sí,Medicamentos
Latanoprost 50mcg/ml colirio,1 ml,11965.0800,2026-09-25,"PAMI, precio de venta al público: LATANOFLAX (Sidus)",minorista,,sí,Medicamentos
Levofloxacina 500 mg comprimidos,comprimido,2731.3179,2026-09-25,"PAMI, precio de venta al público: SEPTIBIOTIC (Sidus)",minorista,,sí,Medicamentos
Levofloxacina 500 mg comprimidos,comprimido,3500.0543,2026-09-25,"PAMI, precio de venta al público: SEPTIBIOTIC (Sidus)",minorista,,sí,Medicamentos
Levofloxacina 750 mg comprimidos,comprimido,5639.7280,2026-09-25,"PAMI, precio de venta al público: SEPTIBIOTIC (Sidus)",minorista,,sí,Medicamentos
Metformina 1000 mg comprimidos,comprimido,477.1432,2026-09-25,"PAMI, precio de venta al público: BIGLUCEM AP (Sidus)",minorista,,sí,Medicamentos
Metformina 1000 mg comprimidos,comprimido,523.8440,2026-09-25,"PAMI, precio de venta al público: BIGLUCEM AP (Sidus)",minorista,,sí,Medicamentos
Metformina 1000 mg comprimidos,comprimido,481.5370,2026-09-25,"PAMI, precio de venta al público: BIGLUCEM AP (Sidus)",minorista,,sí,Medicamentos
Metformina 500 mg comprimidos,comprimido,210.3065,2026-09-25,"PAMI, precio de venta al público: BIGLUCEM AP (Sidus)",minorista,,sí,Medicamentos
Metformina 500 mg comprimidos,comprimido,290.0183,2026-09-25,"PAMI, precio de venta al público: BIGLUCEM AP (Sidus)",minorista,,sí,Medicamentos
Metformina 500 mg comprimidos,comprimido,291.6060,2026-09-25,"PAMI, precio de venta al público: BIGLUCEM AP (Sidus)",minorista,,sí,Medicamentos
Metformina 850 mg comprimidos,comprimido,233.5908,2026-09-25,"PAMI, precio de venta al público: BIGLUCEM AP (Sidus)",minorista,,sí,Medicamentos
Metformina 850 mg comprimidos,comprimido,481.1000,2026-09-25,"PAMI, precio de venta al público: BIGLUCEM AP (Sidus)",minorista,,sí,Medicamentos
Metformina 850 mg comprimidos,comprimido,197.8710,2026-09-25,"PAMI, precio de venta al público: BIGLUCEM AP (Sidus)",minorista,,sí,Medicamentos
Metilfenidato 10 mg comprimidos,comprimido,71.2973,2026-09-25,"PAMI, precio de venta al público: MFD (Sidus)",minorista,,sí,Medicamentos
Metilfenidato 10 mg comprimidos,comprimido,65.7585,2026-09-25,"PAMI, precio de venta al público: MFD (Sidus)",minorista,,sí,Medicamentos
Metilfenidato 20 mg comprimidos,comprimido,132.3123,2026-09-25,"PAMI, precio de venta al público: MFD (Sidus)",minorista,,sí,Medicamentos
Metoclopramida+simeticona+asoc. 200 mg comprimidos,comprimido,235.3226,2026-09-25,"PAMI, precio de venta al público: FARADIL 200 (Sidus)",minorista,,sí,Medicamentos
Mosapride 5 mg comprimidos,comprimido,465.6080,2026-09-25,"PAMI, precio de venta al público: VAGANTYL (Sidus)",minorista,,sí,Medicamentos
Mosapride 5 mg comprimidos,comprimido,418.7555,2026-09-25,"PAMI, precio de venta al público: VAGANTYL (Sidus)",minorista,,sí,Medicamentos
Mosapride 5 mg/ml gotas,1 ml,685.8930,2026-09-25,"PAMI, precio de venta al público: VAGANTYL (Sidus)",minorista,,sí,Medicamentos
Rosuvastatina 10 mg comprimidos,comprimido,1438.9114,2026-09-25,"PAMI, precio de venta al público: PARASUL (Sidus)",minorista,,sí,Medicamentos
Rosuvastatina 20 mg comprimidos,comprimido,2578.9296,2026-09-25,"PAMI, precio de venta al público: PARASUL (Sidus)",minorista,,sí,Medicamentos
Rosuvastatina 5 mg comprimidos,comprimido,1018.1500,2026-09-25,"PAMI, precio de venta al público: PARASUL (Sidus)",minorista,,sí,Medicamentos
Serenoa repens 160 mg cápsulas,cápsula,84.2913,2026-09-25,"PAMI, precio de venta al público: PERMIXON (Sidus)",minorista,,sí,Medicamentos
Serenoa repens 160 mg cápsulas,cápsula,72.9903,2026-09-25,"PAMI, precio de venta al público: PERMIXON (Sidus)",minorista,,sí,Medicamentos
Serenoa repens 320 mg cápsulas,cápsula,2307.1013,2026-09-25,"PAMI, precio de venta al público: PERMIXON (Sidus)",minorista,,sí,Medicamentos
Sildenafil 50 mg cápsulas,cápsula,214.0110,2026-09-25,"PAMI, precio de venta al público: MAGNUS (Sidus)",minorista,,sí,Medicamentos
Sildenafil 50 mg cápsulas,cápsula,220.3050,2026-09-25,"PAMI, precio de venta al público: MAGNUS (Sidus)",minorista,,sí,Medicamentos
"Timolol,maleato 0.25% colirio",1 ml,1585.3160,2026-09-25,"PAMI, precio de venta al público: PROFLAX (Sidus)",minorista,,sí,Medicamentos
"Timolol,maleato 0.50% colirio",1 ml,3825.8140,2026-09-25,"PAMI, precio de venta al público: PROFLAX (Sidus)",minorista,,sí,Medicamentos
Acenocumarol 1 mg comprimidos,comprimido,234.2875,2026-09-25,"PAMI, precio de venta al público: SINTROM (Siegfried)",minorista,,sí,Medicamentos
Acenocumarol 4 mg comprimidos,comprimido,807.1775,2026-09-25,"PAMI, precio de venta al público: SINTROM (Siegfried)",minorista,,sí,Medicamentos
Acetilcisteína 600 mg comprimidos,comprimido,1757.7180,2026-09-25,"PAMI, precio de venta al público: ACEMUK (Siegfried)",minorista,,sí,Medicamentos
Acetilcisteína 600 mg comprimidos,comprimido,1428.3420,2026-09-25,"PAMI, precio de venta al público: ACEMUK (Siegfried)",minorista,,sí,Medicamentos
Acetilcisteína 600 mg comprimidos,comprimido,2705.9680,2026-09-25,"PAMI, precio de venta al público: ACEMUK (Siegfried)",minorista,,sí,Medicamentos
Acetilcisteína 600 mg comprimidos,comprimido,1261.5888,2026-09-25,"PAMI, precio de venta al público: ACEMUK (Siegfried)",minorista,,sí,Medicamentos
Acetilcisteína 600 mg comprimidos,comprimido,376.5396,2026-09-25,"PAMI, precio de venta al público: ACEMUK (Siegfried)",minorista,,sí,Medicamentos
Aciclovir 400 mg comprimidos,comprimido,971.2015,2026-09-25,"PAMI, precio de venta al público: ACERPES (Siegfried)",minorista,,sí,Medicamentos
Aciclovir 800 mg comprimidos,comprimido,1781.9215,2026-09-25,"PAMI, precio de venta al público: ACERPES (Siegfried)",minorista,,sí,Medicamentos
Alendronato 70 mg comprimidos,comprimido,3773.1450,2026-09-25,"PAMI, precio de venta al público: ALENATO (Siegfried)",minorista,,sí,Medicamentos
Alendronato 70 mg comprimidos,comprimido,3404.4738,2026-09-25,"PAMI, precio de venta al público: ALENATO (Siegfried)",minorista,,sí,Medicamentos
Allopurinol+colchicina 100 mg comprimidos,comprimido,316.1875,2026-09-25,"PAMI, precio de venta al público: COLPURIL (Siegfried)",minorista,,sí,Medicamentos
Alprazolam 0.5 mg comprimidos,comprimido,188.4480,2026-09-25,"PAMI, precio de venta al público: EMERAL (Siegfried)",minorista,,sí,Medicamentos
Alprazolam 0.5 mg comprimidos,comprimido,163.3766,2026-09-25,"PAMI, precio de venta al público: EMERAL (Siegfried)",minorista,,sí,Medicamentos
Alprazolam 1 mg comprimidos,comprimido,290.3157,2026-09-25,"PAMI, precio de venta al público: EMERAL (Siegfried)",minorista,,sí,Medicamentos
Alprazolam 1 mg comprimidos,comprimido,266.0708,2026-09-25,"PAMI, precio de venta al público: EMERAL (Siegfried)",minorista,,sí,Medicamentos
Alprazolam 2 mg comprimidos,comprimido,436.2897,2026-09-25,"PAMI, precio de venta al público: EMERAL (Siegfried)",minorista,,sí,Medicamentos
Alprazolam 2 mg comprimidos,comprimido,405.0514,2026-09-25,"PAMI, precio de venta al público: EMERAL (Siegfried)",minorista,,sí,Medicamentos
Amitriptilina 10 mg comprimidos,comprimido,338.1260,2026-09-25,"PAMI, precio de venta al público: TRYPTALGIN (Siegfried)",minorista,,sí,Medicamentos
Amitriptilina 25 mg comprimidos,comprimido,399.8403,2026-09-25,"PAMI, precio de venta al público: TRYPTALGIN (Siegfried)",minorista,,sí,Medicamentos
Amitriptilina 75 mg comprimidos,comprimido,807.6380,2026-09-25,"PAMI, precio de venta al público: TRYPTALGIN (Siegfried)",minorista,,sí,Medicamentos
Amlodipina 10 mg comprimidos,comprimido,1148.6317,2026-09-25,"PAMI, precio de venta al público: TERLOC (Siegfried)",minorista,,sí,Medicamentos
Amlodipina 10 mg comprimidos,comprimido,1049.9937,2026-09-25,"PAMI, precio de venta al público: TERLOC (Siegfried)",minorista,,sí,Medicamentos
Amlodipina 5 mg comprimidos,comprimido,624.0193,2026-09-25,"PAMI, precio de venta al público: TERLOC (Siegfried)",minorista,,sí,Medicamentos
Amlodipina 5 mg comprimidos,comprimido,611.3122,2026-09-25,"PAMI, precio de venta al público: TERLOC (Siegfried)",minorista,,sí,Medicamentos
Amlodipina+benazepril 2.5/10 mg cápsulas,cápsula,783.7050,2026-09-25,"PAMI, precio de venta al público: TERLOC DUO (Siegfried)",minorista,,sí,Medicamentos
Amlodipina+benazepril 5/10 mg cápsulas,cápsula,1050.7413,2026-09-25,"PAMI, precio de venta al público: TERLOC DUO (Siegfried)",minorista,,sí,Medicamentos
Amlodipina+benazepril 5/20 mg cápsulas,cápsula,1473.4720,2026-09-25,"PAMI, precio de venta al público: TERLOC DUO (Siegfried)",minorista,,sí,Medicamentos
Aripiprazol 10 mg comprimidos,comprimido,297.9580,2026-09-25,"PAMI, precio de venta al público: GROVEN (Siegfried)",minorista,,sí,Medicamentos
Aripiprazol 15 mg comprimidos,comprimido,458.6027,2026-09-25,"PAMI, precio de venta al público: GROVEN (Siegfried)",minorista,,sí,Medicamentos
Aripiprazol 15 mg comprimidos,comprimido,434.6590,2026-09-25,"PAMI, precio de venta al público: GROVEN (Siegfried)",minorista,,sí,Medicamentos
Aripiprazol 20 mg comprimidos,comprimido,595.9160,2026-09-25,"PAMI, precio de venta al público: GROVEN (Siegfried)",minorista,,sí,Medicamentos
Atenolol 50 mg comprimidos,comprimido,35.6070,2026-09-25,"PAMI, precio de venta al público: ATEL (Siegfried)",minorista,,sí,Medicamentos
Azitromicina 200 mg/5 ml suspensión oral,1 ml,659.5423,2026-09-25,"PAMI, precio de venta al público: MACROMAX PEDIATRICO (Siegfried)",minorista,,sí,Medicamentos
Azitromicina 500 mg comprimidos,comprimido,4265.1033,2026-09-25,"PAMI, precio de venta al público: MACROMAX (Siegfried)",minorista,,sí,Medicamentos
Azitromicina 500 mg comprimidos,comprimido,2884.4400,2026-09-25,"PAMI, precio de venta al público: MACROMAX (Siegfried)",minorista,,sí,Medicamentos
Calcio 1 g comprimidos masticables,comprimido,90.2222,2026-09-25,"PAMI, precio de venta al público: CALCIO BASE DUPOMAR FORTE (Siegfried)",minorista,,sí,Medicamentos
Calcitriol 0.25 mcg cápsulas,cápsula,826.9657,2026-09-25,"PAMI, precio de venta al público: CALCITRIOL (Siegfried)",minorista,,sí,Medicamentos
Carvedilol 10 mg cápsulas,cápsula,482.6400,2026-09-25,"PAMI, precio de venta al público: DILATREND AP (Siegfried)",minorista,,sí,Medicamentos
Carvedilol 12.5 mg comprimidos,comprimido,563.0154,2026-09-25,"PAMI, precio de venta al público: DILATREND (Siegfried)",minorista,,sí,Medicamentos
Carvedilol 12.5 mg comprimidos,comprimido,548.9253,2026-09-25,"PAMI, precio de venta al público: DILATREND (Siegfried)",minorista,,sí,Medicamentos
Carvedilol 12.5 mg comprimidos,comprimido,391.9436,2026-09-25,"PAMI, precio de venta al público: DILATREND (Siegfried)",minorista,,sí,Medicamentos
Carvedilol 20 mg cápsulas,cápsula,735.6443,2026-09-25,"PAMI, precio de venta al público: DILATREND AP (Siegfried)",minorista,,sí,Medicamentos
Carvedilol 25 mg comprimidos,comprimido,662.7900,2026-09-25,"PAMI, precio de venta al público: DILATREND (Siegfried)",minorista,,sí,Medicamentos
Carvedilol 25 mg comprimidos,comprimido,640.7060,2026-09-25,"PAMI, precio de venta al público: DILATREND (Siegfried)",minorista,,sí,Medicamentos
Carvedilol 25 mg comprimidos,comprimido,498.1530,2026-09-25,"PAMI, precio de venta al público: DILATREND (Siegfried)",minorista,,sí,Medicamentos
Carvedilol 3.125 mg comprimidos,comprimido,241.4796,2026-09-25,"PAMI, precio de venta al público: DILATREND (Siegfried)",minorista,,sí,Medicamentos
Carvedilol 3.125 mg comprimidos,comprimido,233.1387,2026-09-25,"PAMI, precio de venta al público: DILATREND (Siegfried)",minorista,,sí,Medicamentos
Carvedilol 40 mg cápsulas,cápsula,953.4703,2026-09-25,"PAMI, precio de venta al público: DILATREND AP (Siegfried)",minorista,,sí,Medicamentos
Carvedilol 50 mg comprimidos,comprimido,866.0925,2026-09-25,"PAMI, precio de venta al público: DILATREND (Siegfried)",minorista,,sí,Medicamentos
Carvedilol 6.25 mg comprimidos,comprimido,439.5243,2026-09-25,"PAMI, precio de venta al público: DILATREND (Siegfried)",minorista,,sí,Medicamentos
Carvedilol 6.25 mg comprimidos,comprimido,425.7500,2026-09-25,"PAMI, precio de venta al público: DILATREND (Siegfried)",minorista,,sí,Medicamentos
Carvedilol 6.25 mg comprimidos,comprimido,288.2041,2026-09-25,"PAMI, precio de venta al público: DILATREND (Siegfried)",minorista,,sí,Medicamentos
Carvedilol 80 mg cápsulas,cápsula,1133.4133,2026-09-25,"PAMI, precio de venta al público: DILATREND AP (Siegfried)",minorista,,sí,Medicamentos
Carvedilol+hidroclorotiazida 25/12.5 mg comprimidos,comprimido,714.9157,2026-09-25,"PAMI, precio de venta al público: DILATREND D (Siegfried)",minorista,,sí,Medicamentos
Cefadroxilo 1000 mg comprimidos,comprimido,2566.2906,2026-09-25,"PAMI, precio de venta al público: CEFACAR (Siegfried)",minorista,,sí,Medicamentos
Cefadroxilo 1000 mg comprimidos,comprimido,2639.2750,2026-09-25,"PAMI, precio de venta al público: CEFACAR (Siegfried)",minorista,,sí,Medicamentos
Cefadroxilo 500 mg comprimidos,comprimido,1468.2950,2026-09-25,"PAMI, precio de venta al público: CEFACAR (Siegfried)",minorista,,sí,Medicamentos
Cefadroxilo 500 mg comprimidos,comprimido,1525.5050,2026-09-25,"PAMI, precio de venta al público: CEFACAR (Siegfried)",minorista,,sí,Medicamentos
Cefalexina 1 g comprimidos,comprimido,1917.9400,2026-09-25,"PAMI, precio de venta al público: CEFALEXINA ARGENTIA DUO (Siegfried)",minorista,,sí,Medicamentos
Cefalexina 1 g comprimidos,comprimido,1644.2644,2026-09-25,"PAMI, precio de venta al público: CEFALEXINA ARGENTIA DUO (Siegfried)",minorista,,sí,Medicamentos
Cefalexina 500 mg comprimidos,comprimido,866.0944,2026-09-25,"PAMI, precio de venta al público: CEFALEXINA ARGENTIA (Siegfried)",minorista,,sí,Medicamentos
Cefalexina 500 mg comprimidos,comprimido,769.4696,2026-09-25,"PAMI, precio de venta al público: CEFALEXINA ARGENTIA (Siegfried)",minorista,,sí,Medicamentos
Cefalexina 500 mg comprimidos,comprimido,997.6400,2026-09-25,"PAMI, precio de venta al público: CEFALEXINA ARGENTIA (Siegfried)",minorista,,sí,Medicamentos
Cefalexina 500 mg suspensión oral,1 ml,147.1467,2026-09-25,"PAMI, precio de venta al público: CEFALEXINA ARGENTIA (Siegfried)",minorista,,sí,Medicamentos
Cefalexina 500 mg suspensión oral,1 ml,154.6232,2026-09-25,"PAMI, precio de venta al público: CEFALEXINA ARGENTIA (Siegfried)",minorista,,sí,Medicamentos
Cefalexina 750 mg suspensión oral,1 ml,178.2292,2026-09-25,"PAMI, precio de venta al público: CEFALEXINA ARGENTIA DUO (Siegfried)",minorista,,sí,Medicamentos
Ceftriaxona 1 g frasco ampolla,frasco ampolla,27204.0400,2026-09-25,"PAMI, precio de venta al público: ACANTEX (Siegfried)",minorista,,sí,Medicamentos
Ceftriaxona 1 g frasco ampolla,frasco ampolla,19253.0100,2026-09-25,"PAMI, precio de venta al público: ACANTEX (Siegfried)",minorista,,sí,Medicamentos
Ceftriaxona 2 g frasco ampolla,frasco ampolla,37882.7900,2026-09-25,"PAMI, precio de venta al público: ACANTEX (Siegfried)",minorista,,sí,Medicamentos
Ceftriaxona 500 mg frasco ampolla,frasco ampolla,11230.6100,2026-09-25,"PAMI, precio de venta al público: ACANTEX (Siegfried)",minorista,,sí,Medicamentos
Ciprofloxacina 500 mg comprimidos,comprimido,2000.8700,2026-09-25,"PAMI, precio de venta al público: ARGEFLOX (Siegfried)",minorista,,sí,Medicamentos
Ciprofloxacina 500 mg comprimidos,comprimido,1816.2510,2026-09-25,"PAMI, precio de venta al público: ARGEFLOX (Siegfried)",minorista,,sí,Medicamentos
Claritromicina 125 mg/5 ml suspensión oral,1 ml,218.7140,2026-09-25,"PAMI, precio de venta al público: QUOTAL (Siegfried)",minorista,,sí,Medicamentos
Claritromicina 250 mg/5 ml suspensión oral,1 ml,441.0861,2026-09-25,"PAMI, precio de venta al público: QUOTAL (Siegfried)",minorista,,sí,Medicamentos
Claritromicina 500 mg comprimidos,comprimido,2190.7206,2026-09-25,"PAMI, precio de venta al público: QUOTAL (Siegfried)",minorista,,sí,Medicamentos
Claritromicina+ambroxol 500/60 mg comprimidos,comprimido,2330.4369,2026-09-25,"PAMI, precio de venta al público: QUOTAL MUC (Siegfried)",minorista,,sí,Medicamentos
Clotrimazol 1% crema,1 g,130.8196,2026-09-25,"PAMI, precio de venta al público: IKOLAN (Siegfried)",minorista,,sí,Medicamentos
Dapagliflozina 10 mg comprimidos,comprimido,2412.5480,2026-09-25,"PAMI, precio de venta al público: DAURAN (Siegfried)",minorista,,sí,Medicamentos
Desloratadina 5 mg comprimidos,comprimido,992.6593,2026-09-25,"PAMI, precio de venta al público: HEXALER (Siegfried)",minorista,,sí,Medicamentos
Desloratadina 5 mg comprimidos,comprimido,1115.7857,2026-09-25,"PAMI, precio de venta al público: HEXALER (Siegfried)",minorista,,sí,Medicamentos
Desloratadina 5 mg comprimidos,comprimido,931.1546,2026-09-25,"PAMI, precio de venta al público: HEXALER (Siegfried)",minorista,,sí,Medicamentos
Dexametasona 0.5 mg comprimidos,comprimido,688.7297,2026-09-25,"PAMI, precio de venta al público: DECADRON (Siegfried)",minorista,,sí,Medicamentos
Dexametasona 4 mg comprimidos,comprimido,843.7760,2026-09-25,"PAMI, precio de venta al público: DECADRON (Siegfried)",minorista,,sí,Medicamentos
Dexametasona 4 mg comprimidos,comprimido,717.5245,2026-09-25,"PAMI, precio de venta al público: DECADRON (Siegfried)",minorista,,sí,Medicamentos
Dexametasona 8 mg comprimidos,comprimido,1437.9940,2026-09-25,"PAMI, precio de venta al público: DECADRON (Siegfried)",minorista,,sí,Medicamentos
Dexketoprofeno 25 mg comprimidos,comprimido,933.2490,2026-09-25,"PAMI, precio de venta al público: ENANTYUM (Siegfried)",minorista,,sí,Medicamentos
Dexketoprofeno 25 mg comprimidos,comprimido,782.7325,2026-09-25,"PAMI, precio de venta al público: ENANTYUM (Siegfried)",minorista,,sí,Medicamentos
Dexketoprofeno 50 mg/2 ml ampollas,ampolla,3822.6350,2026-09-25,"PAMI, precio de venta al público: ENANTYUM (Siegfried)",minorista,,sí,Medicamentos
Diazepam 10 mg comprimidos,comprimido,394.1263,2026-09-25,"PAMI, precio de venta al público: VALIUM (Siegfried)",minorista,,sí,Medicamentos
Diazepam 10 mg comprimidos,comprimido,347.4274,2026-09-25,"PAMI, precio de venta al público: VALIUM (Siegfried)",minorista,,sí,Medicamentos
Diazepam 5 mg comprimidos,comprimido,252.3540,2026-09-25,"PAMI, precio de venta al público: VALIUM (Siegfried)",minorista,,sí,Medicamentos
Diazepam 5 mg comprimidos,comprimido,298.8300,2026-09-25,"PAMI, precio de venta al público: VALIUM (Siegfried)",minorista,,sí,Medicamentos
Diazepam 5 mg comprimidos,comprimido,213.3785,2026-09-25,"PAMI, precio de venta al público: VALIUM (Siegfried)",minorista,,sí,Medicamentos
Diclofenac sódico 150 mg comprimidos,comprimido,1521.2100,2026-09-25,"PAMI, precio de venta al público: DICLAC (Siegfried)",minorista,,sí,Medicamentos
Diclofenac sódico 150 mg comprimidos,comprimido,1490.8065,2026-09-25,"PAMI, precio de venta al público: DICLAC (Siegfried)",minorista,,sí,Medicamentos
Diclofenac sódico 150 mg comprimidos,comprimido,704.6160,2026-09-25,"PAMI, precio de venta al público: DICLAC (Siegfried)",minorista,,sí,Medicamentos
Diclofenac sódico 75 mg comprimidos,comprimido,393.7540,2026-09-25,"PAMI, precio de venta al público: DICLAC (Siegfried)",minorista,,sí,Medicamentos
Diclofenac sódico 75 mg comprimidos,comprimido,327.6310,2026-09-25,"PAMI, precio de venta al público: DICLAC (Siegfried)",minorista,,sí,Medicamentos
Diclofenac sódico 75 mg comprimidos,comprimido,1508.4627,2026-09-25,"PAMI, precio de venta al público: VESALION (Siegfried)",minorista,,sí,Medicamentos
Diclofenac sódico 75 mg comprimidos,comprimido,1355.0820,2026-09-25,"PAMI, precio de venta al público: VESALION (Siegfried)",minorista,,sí,Medicamentos
Doxiciclina 100 mg comprimidos,comprimido,238.1410,2026-09-25,"PAMI, precio de venta al público: DOXIBIOT (Siegfried)",minorista,,sí,Medicamentos
Doxiciclina 100 mg comprimidos,comprimido,238.5055,2026-09-25,"PAMI, precio de venta al público: DOXIBIOT (Siegfried)",minorista,,sí,Medicamentos
Empagliflozina 10 mg comprimidos,comprimido,3247.9343,2026-09-25,"PAMI, precio de venta al público: EMPAX (Siegfried)",minorista,,sí,Medicamentos
Empagliflozina 25 mg comprimidos,comprimido,3490.9157,2026-09-25,"PAMI, precio de venta al público: EMPAX (Siegfried)",minorista,,sí,Medicamentos
Enalapril 10 mg comprimidos,comprimido,356.3717,2026-09-25,"PAMI, precio de venta al público: KINFIL (Siegfried)",minorista,,sí,Medicamentos
Enalapril 10 mg comprimidos,comprimido,337.2823,2026-09-25,"PAMI, precio de venta al público: KINFIL (Siegfried)",minorista,,sí,Medicamentos
Enalapril 20 mg comprimidos,comprimido,439.2250,2026-09-25,"PAMI, precio de venta al público: KINFIL (Siegfried)",minorista,,sí,Medicamentos
Enalapril 20 mg comprimidos,comprimido,441.5775,2026-09-25,"PAMI, precio de venta al público: KINFIL (Siegfried)",minorista,,sí,Medicamentos
Enalapril 5 mg comprimidos,comprimido,234.8460,2026-09-25,"PAMI, precio de venta al público: KINFIL (Siegfried)",minorista,,sí,Medicamentos
Enalapril 5 mg comprimidos,comprimido,222.1085,2026-09-25,"PAMI, precio de venta al público: KINFIL (Siegfried)",minorista,,sí,Medicamentos
Enalapril+hidroclorotiazida 10/25 mg comprimidos,comprimido,546.8733,2026-09-25,"PAMI, precio de venta al público: KINFIL D (Siegfried)",minorista,,sí,Medicamentos
Espironolactona+furosemida 25/20 mg comprimidos,comprimido,952.4460,2026-09-25,"PAMI, precio de venta al público: ERROLON E (Siegfried)",minorista,,sí,Medicamentos
Espironolactona+furosemida 25/40 mg comprimidos,comprimido,992.2090,2026-09-25,"PAMI, precio de venta al público: ERROLON E (Siegfried)",minorista,,sí,Medicamentos
Etoricoxib 120 mg comprimidos,comprimido,2329.0490,2026-09-25,"PAMI, precio de venta al público: ETIX (Siegfried)",minorista,,sí,Medicamentos
Etoricoxib 60 mg comprimidos,comprimido,1032.6720,2026-09-25,"PAMI, precio de venta al público: ETIX (Siegfried)",minorista,,sí,Medicamentos
Etoricoxib 90 mg comprimidos,comprimido,2190.7560,2026-09-25,"PAMI, precio de venta al público: ETIX (Siegfried)",minorista,,sí,Medicamentos
Etoricoxib 90 mg comprimidos,comprimido,1744.8407,2026-09-25,"PAMI, precio de venta al público: ETIX (Siegfried)",minorista,,sí,Medicamentos
Famotidina 20 mg comprimidos,comprimido,447.1373,2026-09-25,"PAMI, precio de venta al público: GASTROSEDOL NF (Siegfried)",minorista,,sí,Medicamentos
Famotidina 20 mg comprimidos,comprimido,411.9175,2026-09-25,"PAMI, precio de venta al público: GASTROSEDOL NF (Siegfried)",minorista,,sí,Medicamentos
Famotidina 40 mg comprimidos,comprimido,873.7110,2026-09-25,"PAMI, precio de venta al público: GASTROSEDOL NF (Siegfried)",minorista,,sí,Medicamentos
Glucosamina 500 mg comprimidos,comprimido,931.1040,2026-09-25,"PAMI, precio de venta al público: GLUCO ARRUMALON (Siegfried)",minorista,,sí,Medicamentos
"Glucosamina,potásica 1500 mg gran. sobres",sobre,2299.9727,2026-09-25,"PAMI, precio de venta al público: GLUCO ARRUMALON (Siegfried)",minorista,,sí,Medicamentos
Griseofulvina 500 mg comprimidos,comprimido,1324.5046,2026-09-25,"PAMI, precio de venta al público: GRISOVIN FP (Siegfried)",minorista,,sí,Medicamentos
Hidrocortisona 0.5% crema,1 g,460.9313,2026-09-25,"PAMI, precio de venta al público: MICROSONA (Siegfried)",minorista,,sí,Medicamentos
Hidrocortisona 1% crema,1 g,488.8747,2026-09-25,"PAMI, precio de venta al público: MICROSONA (Siegfried)",minorista,,sí,Medicamentos
Hidrocortisona 2% crema,1 g,590.3540,2026-09-25,"PAMI, precio de venta al público: MICROSONA (Siegfried)",minorista,,sí,Medicamentos
"Ibandrónico,ác. 150 mg comprimidos",comprimido,29131.5200,2026-09-25,"PAMI, precio de venta al público: DELTROX (Siegfried)",minorista,,sí,Medicamentos
"Ibandrónico,ác. 150 mg comprimidos",comprimido,20784.0100,2026-09-25,"PAMI, precio de venta al público: BONVIVA (Siegfried)",minorista,,sí,Medicamentos
Indapamida 1.5 mg comprimidos,comprimido,437.3420,2026-09-25,"PAMI, precio de venta al público: NORANAT SR (Siegfried)",minorista,,sí,Medicamentos
Isotretinoína 10 mg cápsulas,cápsula,2253.2157,2026-09-25,"PAMI, precio de venta al público: ROACCUTAN (Siegfried)",minorista,,sí,Medicamentos
Isotretinoína 20 mg cápsulas,cápsula,4150.0783,2026-09-25,"PAMI, precio de venta al público: ROACCUTAN (Siegfried)",minorista,,sí,Medicamentos
Levetiracetam 1000 mg comprimidos,comprimido,5821.7187,2026-09-25,"PAMI, precio de venta al público: LEVITAL (Siegfried)",minorista,,sí,Medicamentos
Levetiracetam 500 mg comprimidos,comprimido,2879.2893,2026-09-25,"PAMI, precio de venta al público: LEVITAL (Siegfried)",minorista,,sí,Medicamentos
Levetiracetam 500 mg comprimidos,comprimido,2798.9032,2026-09-25,"PAMI, precio de venta al público: LEVITAL (Siegfried)",minorista,,sí,Medicamentos
Levodopa+benserazida 125 mg cápsulas,cápsula,418.1693,2026-09-25,"PAMI, precio de venta al público: MADOPAR HBS (Siegfried)",minorista,,sí,Medicamentos
Levodopa+benserazida 125 mg cápsulas,cápsula,367.4442,2026-09-25,"PAMI, precio de venta al público: MADOPAR HBS (Siegfried)",minorista,,sí,Medicamentos
Levodopa+benserazida 125 mg comprimidos,comprimido,458.4668,2026-09-25,"PAMI, precio de venta al público: MADOPAR DISPERSABLE (Siegfried)",minorista,,sí,Medicamentos
Levodopa+benserazida 250 mg comprimidos,comprimido,1146.9413,2026-09-25,"PAMI, precio de venta al público: MADOPAR (Siegfried)",minorista,,sí,Medicamentos
Levodopa+benserazida 250 mg comprimidos,comprimido,1141.1720,2026-09-25,"PAMI, precio de venta al público: MADOPAR (Siegfried)",minorista,,sí,Medicamentos
Levodopa+benserazida 62.5 mg comprimidos,comprimido,371.7855,2026-09-25,"PAMI, precio de venta al público: MADOPAR DISPERSABLE (Siegfried)",minorista,,sí,Medicamentos
Levofloxacina 500 mg comprimidos,comprimido,2510.2186,2026-09-25,"PAMI, precio de venta al público: ANUAR (Siegfried)",minorista,,sí,Medicamentos
Levofloxacina 750 mg comprimidos,comprimido,4009.7180,2026-09-25,"PAMI, precio de venta al público: ANUAR (Siegfried)",minorista,,sí,Medicamentos
Lorazepam 1 mg comprimidos,comprimido,183.7458,2026-09-25,"PAMI, precio de venta al público: APLACASSE (Siegfried)",minorista,,sí,Medicamentos
Lorazepam 2.5 mg comprimidos,comprimido,220.9180,2026-09-25,"PAMI, precio de venta al público: APLACASSE (Siegfried)",minorista,,sí,Medicamentos
Meloxicam 15 mg comprimidos,comprimido,201.1860,2026-09-25,"PAMI, precio de venta al público: TENARON (Siegfried)",minorista,,sí,Medicamentos
Meloxicam 15 mg comprimidos,comprimido,199.3025,2026-09-25,"PAMI, precio de venta al público: TENARON (Siegfried)",minorista,,sí,Medicamentos
Meloxicam 7.5 mg comprimidos,comprimido,151.6587,2026-09-25,"PAMI, precio de venta al público: TENARON (Siegfried)",minorista,,sí,Medicamentos
Mesalazina 1200 mg comprimidos,comprimido,5289.4163,2026-09-25,"PAMI, precio de venta al público: BUFEXAN AP (Siegfried)",minorista,,sí,Medicamentos
Mesalazina 1200 mg comprimidos,comprimido,5227.6870,2026-09-25,"PAMI, precio de venta al público: BUFEXAN AP (Siegfried)",minorista,,sí,Medicamentos
Metformina 1000 mg comprimidos,comprimido,492.8837,2026-09-25,"PAMI, precio de venta al público: METGLUCON 1000 AP (Siegfried)",minorista,,sí,Medicamentos
Metformina 1000mg comprimidos,comprimido,527.6127,2026-09-25,"PAMI, precio de venta al público: METGLUCON 1000 AP (Siegfried)",minorista,,sí,Medicamentos
Metformina 500 mg comprimidos,comprimido,470.2310,2026-09-25,"PAMI, precio de venta al público: METGLUCON 500 AP (Siegfried)",minorista,,sí,Medicamentos
Metformina 500 mg comprimidos,comprimido,446.7827,2026-09-25,"PAMI, precio de venta al público: METGLUCON 500 AP (Siegfried)",minorista,,sí,Medicamentos
Metformina 850 mg comprimidos,comprimido,379.7593,2026-09-25,"PAMI, precio de venta al público: METGLUCON 850 AP (Siegfried)",minorista,,sí,Medicamentos
Metformina 850 mg comprimidos,comprimido,379.7875,2026-09-25,"PAMI, precio de venta al público: METGLUCON 850 AP (Siegfried)",minorista,,sí,Medicamentos
Metformina 850 mg comprimidos,comprimido,303.0710,2026-09-25,"PAMI, precio de venta al público: GLUCAMINOL FORTE (Siegfried)",minorista,,sí,Medicamentos
Metformina 850 mg comprimidos,comprimido,300.6350,2026-09-25,"PAMI, precio de venta al público: GLUCAMINOL FORTE (Siegfried)",minorista,,sí,Medicamentos
Metformina+glibenclamida 500/5 mg comprimidos,comprimido,395.0507,2026-09-25,"PAMI, precio de venta al público: METGLUCON DUO (Siegfried)",minorista,,sí,Medicamentos
Metformina+glibenclamida 500/5 mg comprimidos,comprimido,302.8482,2026-09-25,"PAMI, precio de venta al público: METGLUCON DUO (Siegfried)",minorista,,sí,Medicamentos
Midazolam 15 mg comprimidos,comprimido,488.1437,2026-09-25,"PAMI, precio de venta al público: DORMICUM (Siegfried)",minorista,,sí,Medicamentos
Mometasona furoato 200 mcg cápsulas,cápsula,497.4323,2026-09-25,"PAMI, precio de venta al público: HEXALER BRONQUIAL (Siegfried)",minorista,,sí,Medicamentos
Mometasona furoato 400 mcg cápsulas,cápsula,549.7985,2026-09-25,"PAMI, precio de venta al público: HEXALER BRONQUIAL (Siegfried)",minorista,,sí,Medicamentos
Mometasona+formoterol 200/10mcg cápsulas,cápsula,1241.7780,2026-09-25,"PAMI, precio de venta al público: HEXALER BRONQUIAL DUO (Siegfried)",minorista,,sí,Medicamentos
Mometasona+formoterol 400/10mcg cápsulas,cápsula,1270.0728,2026-09-25,"PAMI, precio de venta al público: HEXALER BRONQUIAL DUO (Siegfried)",minorista,,sí,Medicamentos
Montelukast 10 mg comprimidos,comprimido,1427.6583,2026-09-25,"PAMI, precio de venta al público: AIREAL 10 (Siegfried)",minorista,,sí,Medicamentos
Montelukast 10 mg comprimidos,comprimido,1361.9547,2026-09-25,"PAMI, precio de venta al público: AIREAL 10 (Siegfried)",minorista,,sí,Medicamentos
Montelukast 4 mg comprimidos masticables,comprimido,1317.8483,2026-09-25,"PAMI, precio de venta al público: AIREAL 4 (Siegfried)",minorista,,sí,Medicamentos
Montelukast 4 mg comprimidos masticables,comprimido,1103.0565,2026-09-25,"PAMI, precio de venta al público: AIREAL 4 (Siegfried)",minorista,,sí,Medicamentos
Montelukast 5 mg comprimidos masticables,comprimido,1388.8937,2026-09-25,"PAMI, precio de venta al público: AIREAL 5 (Siegfried)",minorista,,sí,Medicamentos
Montelukast 5 mg comprimidos masticables,comprimido,1221.6222,2026-09-25,"PAMI, precio de venta al público: AIREAL 5 (Siegfried)",minorista,,sí,Medicamentos
Montelukast+levocetirizina 10/5 mg comprimidos,comprimido,1363.8923,2026-09-25,"PAMI, precio de venta al público: AIREAL PLUS (Siegfried)",minorista,,sí,Medicamentos
Nebivolol 10 mg comprimidos,comprimido,1700.6032,2026-09-25,"PAMI, precio de venta al público: SYNCROCOR (Siegfried)",minorista,,sí,Medicamentos
Nebivolol 20 mg comprimidos,comprimido,2945.1936,2026-09-25,"PAMI, precio de venta al público: SYNCROCOR (Siegfried)",minorista,,sí,Medicamentos
Nebivolol 5 mg comprimidos,comprimido,833.3621,2026-09-25,"PAMI, precio de venta al público: SYNCROCOR (Siegfried)",minorista,,sí,Medicamentos
Nebivolol 5 mg comprimidos,comprimido,765.9918,2026-09-25,"PAMI, precio de venta al público: NEBILET (Siegfried)",minorista,,sí,Medicamentos
Nebivolol 5 mg comprimidos,comprimido,761.3564,2026-09-25,"PAMI, precio de venta al público: SYNCROCOR (Siegfried)",minorista,,sí,Medicamentos
Nebivolol+hidroclorotiazida 5/12.5 mg comprimidos,comprimido,1076.7996,2026-09-25,"PAMI, precio de venta al público: SYNCROCOR D (Siegfried)",minorista,,sí,Medicamentos
Nebivolol+hidroclorotiazida 5/12.5 mg comprimidos,comprimido,1015.4339,2026-09-25,"PAMI, precio de venta al público: NEBILET D (Siegfried)",minorista,,sí,Medicamentos
Orlistat 120 mg cápsulas,cápsula,133.6138,2026-09-25,"PAMI, precio de venta al público: XENICAL (Siegfried)",minorista,,sí,Medicamentos
Orlistat 120 mg cápsulas,cápsula,131.6081,2026-09-25,"PAMI, precio de venta al público: XENICAL (Siegfried)",minorista,,sí,Medicamentos
Orlistat 120 mg cápsulas,cápsula,126.7394,2026-09-25,"PAMI, precio de venta al público: XENICAL (Siegfried)",minorista,,sí,Medicamentos
Piroxicam 20 mg comprimidos,comprimido,212.7780,2026-09-25,"PAMI, precio de venta al público: PIROXICAM DUPOMAR (Siegfried)",minorista,,sí,Medicamentos
Piroxicam 20 mg comprimidos,comprimido,145.5763,2026-09-25,"PAMI, precio de venta al público: PIROXICAM DUPOMAR (Siegfried)",minorista,,sí,Medicamentos
Pregabalina 150 mg cápsulas,cápsula,2294.9680,2026-09-25,"PAMI, precio de venta al público: PGB (Siegfried)",minorista,,sí,Medicamentos
Pregabalina 75 mg comprimidos,comprimido,1558.9900,2026-09-25,"PAMI, precio de venta al público: PGB 75 MULTIDOSIS (Siegfried)",minorista,,sí,Medicamentos
Pregabalina 75 mg comprimidos,comprimido,1630.4313,2026-09-25,"PAMI, precio de venta al público: PGB 75 MULTIDOSIS (Siegfried)",minorista,,sí,Medicamentos
Pregabalina 75 mg cápsulas,cápsula,1510.9013,2026-09-25,"PAMI, precio de venta al público: PGB (Siegfried)",minorista,,sí,Medicamentos
Quetiapina 100 mg comprimidos,comprimido,3427.3063,2026-09-25,"PAMI, precio de venta al público: QTP 100 (Siegfried)",minorista,,sí,Medicamentos
Quetiapina 200 mg comprimidos,comprimido,4429.8263,2026-09-25,"PAMI, precio de venta al público: QTP 200 (Siegfried)",minorista,,sí,Medicamentos
Quetiapina 25 mg comprimidos,comprimido,2082.7957,2026-09-25,"PAMI, precio de venta al público: QTP 25 (Siegfried)",minorista,,sí,Medicamentos
Rosuvastatina 10 mg comprimidos,comprimido,895.1777,2026-09-25,"PAMI, precio de venta al público: ROXOLAN (Siegfried)",minorista,,sí,Medicamentos
Rosuvastatina 20 mg comprimidos,comprimido,1617.5920,2026-09-25,"PAMI, precio de venta al público: ROXOLAN (Siegfried)",minorista,,sí,Medicamentos
Rosuvastatina 40 mg comprimidos,comprimido,2852.4087,2026-09-25,"PAMI, precio de venta al público: ROXOLAN (Siegfried)",minorista,,sí,Medicamentos
Rosuvastatina 5 mg comprimidos,comprimido,591.2447,2026-09-25,"PAMI, precio de venta al público: ROXOLAN (Siegfried)",minorista,,sí,Medicamentos
Rosuvastatina+ezetimibe 10/10 cápsulas,cápsula,1209.7770,2026-09-25,"PAMI, precio de venta al público: ROXOLAN PLUS (Siegfried)",minorista,,sí,Medicamentos
Rosuvastatina+ezetimibe 20/10 cápsulas,cápsula,2099.4740,2026-09-25,"PAMI, precio de venta al público: ROXOLAN PLUS (Siegfried)",minorista,,sí,Medicamentos
Rosuvastatina+ezetimibe 5/10 cápsulas,cápsula,1085.7030,2026-09-25,"PAMI, precio de venta al público: ROXOLAN PLUS (Siegfried)",minorista,,sí,Medicamentos
Sacubitrilo+valsartán 100 mg comprimidos,comprimido,3194.9447,2026-09-25,"PAMI, precio de venta al público: ENTRESTO (Siegfried)",minorista,,sí,Medicamentos
Sacubitrilo+valsartán 100 mg comprimidos,comprimido,3194.9463,2026-09-25,"PAMI, precio de venta al público: ENTRESTO (Siegfried)",minorista,,sí,Medicamentos
Sacubitrilo+valsartán 200 mg comprimidos,comprimido,3194.9463,2026-09-25,"PAMI, precio de venta al público: ENTRESTO (Siegfried)",minorista,,sí,Medicamentos
Sacubitrilo+valsartán 50 mg comprimidos,comprimido,3194.9447,2026-09-25,"PAMI, precio de venta al público: ENTRESTO (Siegfried)",minorista,,sí,Medicamentos
Sildenafil 100 mg comprimidos masticables,comprimido,4510.2890,2026-09-25,"PAMI, precio de venta al público: MAGNUS (Siegfried)",minorista,,sí,Medicamentos
Sildenafil 100 mg comprimidos masticables,comprimido,4799.0700,2026-09-25,"PAMI, precio de venta al público: MAGNUS (Siegfried)",minorista,,sí,Medicamentos
Sildenafil 100 mg comprimidos,comprimido,4510.2890,2026-09-25,"PAMI, precio de venta al público: MAGNUS (Siegfried)",minorista,,sí,Medicamentos
Sildenafil 100 mg comprimidos,comprimido,4799.0700,2026-09-25,"PAMI, precio de venta al público: MAGNUS (Siegfried)",minorista,,sí,Medicamentos
Sildenafil 25 mg comprimidos,comprimido,2455.1790,2026-09-25,"PAMI, precio de venta al público: MAGNUS (Siegfried)",minorista,,sí,Medicamentos
Sildenafil 25 mg comprimidos,comprimido,2612.3750,2026-09-25,"PAMI, precio de venta al público: MAGNUS (Siegfried)",minorista,,sí,Medicamentos
Sildenafil 25 mg comprimidos,comprimido,2420.8637,2026-09-25,"PAMI, precio de venta al público: MAGNUS (Siegfried)",minorista,,sí,Medicamentos
Sildenafil 50 mg comprimidos masticables,comprimido,3127.7040,2026-09-25,"PAMI, precio de venta al público: MAGNUS (Siegfried)",minorista,,sí,Medicamentos
Sildenafil 50 mg comprimidos masticables,comprimido,3327.9600,2026-09-25,"PAMI, precio de venta al público: MAGNUS (Siegfried)",minorista,,sí,Medicamentos
Sildenafil 50 mg comprimidos masticables,comprimido,2825.1250,2026-09-25,"PAMI, precio de venta al público: MAGNUS (Siegfried)",minorista,,sí,Medicamentos
Sildenafil 50 mg comprimidos,comprimido,3127.7040,2026-09-25,"PAMI, precio de venta al público: MAGNUS (Siegfried)",minorista,,sí,Medicamentos
Sildenafil 50 mg comprimidos,comprimido,3327.9600,2026-09-25,"PAMI, precio de venta al público: MAGNUS (Siegfried)",minorista,,sí,Medicamentos
Sildenafil 50 mg comprimidos,comprimido,2825.1250,2026-09-25,"PAMI, precio de venta al público: MAGNUS (Siegfried)",minorista,,sí,Medicamentos
Sitagliptina 100 mg comprimidos,comprimido,3477.9517,2026-09-25,"PAMI, precio de venta al público: SILTRAN (Siegfried)",minorista,,sí,Medicamentos
Sitagliptina 50 mg comprimidos,comprimido,3231.1303,2026-09-25,"PAMI, precio de venta al público: SILTRAN (Siegfried)",minorista,,sí,Medicamentos
"Sitagliptina+metformina,clorh. 50/1000 mg comprimidos",comprimido,2409.1923,2026-09-25,"PAMI, precio de venta al público: SILTRAN MET (Siegfried)",minorista,,sí,Medicamentos
"Sitagliptina+metformina,clorh. 50/1000 mg comprimidos",comprimido,2318.1945,2026-09-25,"PAMI, precio de venta al público: SILTRAN MET (Siegfried)",minorista,,sí,Medicamentos
"Sitagliptina+metformina,clorh. 50/500 mg comprimidos",comprimido,2135.4207,2026-09-25,"PAMI, precio de venta al público: SILTRAN MET (Siegfried)",minorista,,sí,Medicamentos
"Sitagliptina+metformina,clorh. 50/850 mg comprimidos",comprimido,2222.0740,2026-09-25,"PAMI, precio de venta al público: SILTRAN MET (Siegfried)",minorista,,sí,Medicamentos
"Sitagliptina+metformina,clorh. 50/850 mg comprimidos",comprimido,1998.1453,2026-09-25,"PAMI, precio de venta al público: SILTRAN MET (Siegfried)",minorista,,sí,Medicamentos
Sotalol 160 mg comprimidos,comprimido,1371.9130,2026-09-25,"PAMI, precio de venta al público: SOTACOR (Siegfried)",minorista,,sí,Medicamentos
Sotalol 80 mg comprimidos,comprimido,969.5550,2026-09-25,"PAMI, precio de venta al público: SOTACOR (Siegfried)",minorista,,sí,Medicamentos
Tadalafilo 20 mg comprimidos,comprimido,12837.6700,2026-09-25,"PAMI, precio de venta al público: MAGNUS 36 (Siegfried)",minorista,,sí,Medicamentos
Tadalafilo 20 mg comprimidos,comprimido,10503.3950,2026-09-25,"PAMI, precio de venta al público: MAGNUS 36 (Siegfried)",minorista,,sí,Medicamentos
Tadalafilo 20 mg comprimidos,comprimido,12526.4450,2026-09-25,"PAMI, precio de venta al público: MAGNUS 36 (Siegfried)",minorista,,sí,Medicamentos
Tadalafilo 20 mg comprimidos,comprimido,12179.6775,2026-09-25,"PAMI, precio de venta al público: MAGNUS 36 (Siegfried)",minorista,,sí,Medicamentos
Tadalafilo 5 mg comprimidos,comprimido,3596.9083,2026-09-25,"PAMI, precio de venta al público: MAGNUS 36 (Siegfried)",minorista,,sí,Medicamentos
Telmisartán 40 mg comprimidos,comprimido,1844.7161,2026-09-25,"PAMI, precio de venta al público: TELPRES (Siegfried)",minorista,,sí,Medicamentos
Telmisartán 80 mg comprimidos,comprimido,2580.7157,2026-09-25,"PAMI, precio de venta al público: TELPRES (Siegfried)",minorista,,sí,Medicamentos
Tibolona 1.25 mg comprimidos,comprimido,796.1567,2026-09-25,"PAMI, precio de venta al público: CLIMATIX 1.25 (Siegfried)",minorista,,sí,Medicamentos
Tibolona 2.5 mg comprimidos,comprimido,955.8360,2026-09-25,"PAMI, precio de venta al público: CLIMATIX (Siegfried)",minorista,,sí,Medicamentos
Tioridazina 10 mg comprimidos,comprimido,444.0372,2026-09-25,"PAMI, precio de venta al público: MELERIL (Siegfried)",minorista,,sí,Medicamentos
Tioridazina 25 mg comprimidos,comprimido,461.7604,2026-09-25,"PAMI, precio de venta al público: MELERIL (Siegfried)",minorista,,sí,Medicamentos
"Ursodesoxicólico,ác. 250 mg cápsulas",cápsula,1762.8290,2026-09-25,"PAMI, precio de venta al público: UDCA (Siegfried)",minorista,,sí,Medicamentos
"Ursodesoxicólico,ác. 250 mg cápsulas",cápsula,1678.9267,2026-09-25,"PAMI, precio de venta al público: UDCA (Siegfried)",minorista,,sí,Medicamentos
"Ursodesoxicólico,ác. 300 mg cápsulas",cápsula,1762.8290,2026-09-25,"PAMI, precio de venta al público: UDCA 300 (Siegfried)",minorista,,sí,Medicamentos
"Ursodesoxicólico,ác. 300 mg cápsulas",cápsula,1678.9267,2026-09-25,"PAMI, precio de venta al público: UDCA 300 (Siegfried)",minorista,,sí,Medicamentos
Valsartán 160 mg comprimidos,comprimido,1528.5736,2026-09-25,"PAMI, precio de venta al público: DIOVAN (Siegfried)",minorista,,sí,Medicamentos
Valsartán 160 mg comprimidos,comprimido,1489.6600,2026-09-25,"PAMI, precio de venta al público: DIOVAN (Siegfried)",minorista,,sí,Medicamentos
Valsartán 320 mg comprimidos,comprimido,1644.0868,2026-09-25,"PAMI, precio de venta al público: DIOVAN (Siegfried)",minorista,,sí,Medicamentos
Valsartán 40 mg comprimidos,comprimido,1594.5229,2026-09-25,"PAMI, precio de venta al público: DIOVAN IC (Siegfried)",minorista,,sí,Medicamentos
Valsartán 80 mg comprimidos,comprimido,1164.6836,2026-09-25,"PAMI, precio de venta al público: DIOVAN (Siegfried)",minorista,,sí,Medicamentos
Valsartán+amlodipina 10/160 mg comprimidos,comprimido,1996.3721,2026-09-25,"PAMI, precio de venta al público: EXFORGE (Siegfried)",minorista,,sí,Medicamentos
Valsartán+amlodipina 10/320 mg comprimidos,comprimido,2516.0100,2026-09-25,"PAMI, precio de venta al público: EXFORGE (Siegfried)",minorista,,sí,Medicamentos
Valsartán+amlodipina 5/160 mg comprimidos,comprimido,2152.5186,2026-09-25,"PAMI, precio de venta al público: EXFORGE (Siegfried)",minorista,,sí,Medicamentos
Valsartán+amlodipina 5/160 mg comprimidos,comprimido,1992.1279,2026-09-25,"PAMI, precio de venta al público: EXFORGE (Siegfried)",minorista,,sí,Medicamentos
Valsartán+amlodipina 5/320 mg comprimidos,comprimido,2589.2218,2026-09-25,"PAMI, precio de venta al público: EXFORGE (Siegfried)",minorista,,sí,Medicamentos
Valsartán+amlodipina 5/80 mg comprimidos,comprimido,2030.7204,2026-09-25,"PAMI, precio de venta al público: EXFORGE (Siegfried)",minorista,,sí,Medicamentos
Valsartán+hidrocloroti.+amlodip. 160/12.5/10 mg comprimidos,comprimido,2453.3350,2026-09-25,"PAMI, precio de venta al público: EXFORGE D (Siegfried)",minorista,,sí,Medicamentos
Valsartán+hidrocloroti.+amlodip. 160/12.5/5 mg comprimidos,comprimido,2476.9004,2026-09-25,"PAMI, precio de venta al público: EXFORGE D (Siegfried)",minorista,,sí,Medicamentos
Valsartán+hidrocloroti.+amlodip. 160/25/10 mg comprimidos,comprimido,2471.6346,2026-09-25,"PAMI, precio de venta al público: EXFORGE D (Siegfried)",minorista,,sí,Medicamentos
Valsartán+hidrocloroti.+amlodip. 160/25/5 mg comprimidos,comprimido,2471.6346,2026-09-25,"PAMI, precio de venta al público: EXFORGE D (Siegfried)",minorista,,sí,Medicamentos
Valsartán+hidrocloroti.+amlodip. 320/25/10 mg comprimidos,comprimido,2613.8921,2026-09-25,"PAMI, precio de venta al público: EXFORGE D (Siegfried)",minorista,,sí,Medicamentos
Valsartán+hidroclorotiazida 160/12.5 mg comprimidos,comprimido,1807.6929,2026-09-25,"PAMI, precio de venta al público: DIOVAN D (Siegfried)",minorista,,sí,Medicamentos
Valsartán+hidroclorotiazida 160/12.5 mg comprimidos,comprimido,1641.5525,2026-09-25,"PAMI, precio de venta al público: DIOVAN D (Siegfried)",minorista,,sí,Medicamentos
Valsartán+hidroclorotiazida 160/25 mg comprimidos,comprimido,1663.9679,2026-09-25,"PAMI, precio de venta al público: DIOVAN D (Siegfried)",minorista,,sí,Medicamentos
Valsartán+hidroclorotiazida 320/12.5 mg comprimidos,comprimido,1849.1043,2026-09-25,"PAMI, precio de venta al público: DIOVAN D (Siegfried)",minorista,,sí,Medicamentos
Valsartán+hidroclorotiazida 320/25 mg comprimidos,comprimido,1849.1043,2026-09-25,"PAMI, precio de venta al público: DIOVAN D (Siegfried)",minorista,,sí,Medicamentos
Valsartán+hidroclorotiazida 80/12.5 mg comprimidos,comprimido,1393.4307,2026-09-25,"PAMI, precio de venta al público: DIOVAN D (Siegfried)",minorista,,sí,Medicamentos
Alprazolam 0.50 mg comprimidos,comprimido,254.7790,2026-09-25,"PAMI, precio de venta al público: AMZIAX (Soubeiran Chobe)",minorista,,sí,Medicamentos
Alprazolam 0.50 mg comprimidos,comprimido,164.8640,2026-09-25,"PAMI, precio de venta al público: AMZIAX (Soubeiran Chobe)",minorista,,sí,Medicamentos
Alprazolam 0.50 mg comprimidos,comprimido,152.0685,2026-09-25,"PAMI, precio de venta al público: AMZIAX (Soubeiran Chobe)",minorista,,sí,Medicamentos
Alprazolam 1 mg comprimidos,comprimido,441.9400,2026-09-25,"PAMI, precio de venta al público: AMZIAX (Soubeiran Chobe)",minorista,,sí,Medicamentos
Alprazolam 1 mg comprimidos,comprimido,287.5903,2026-09-25,"PAMI, precio de venta al público: AMZIAX (Soubeiran Chobe)",minorista,,sí,Medicamentos
Alprazolam 1 mg comprimidos,comprimido,272.2680,2026-09-25,"PAMI, precio de venta al público: AMZIAX (Soubeiran Chobe)",minorista,,sí,Medicamentos
Alprazolam 2 mg comprimidos,comprimido,454.1197,2026-09-25,"PAMI, precio de venta al público: AMZIAX (Soubeiran Chobe)",minorista,,sí,Medicamentos
Clonazepam 0.5 mg comprimidos,comprimido,470.9960,2026-09-25,"PAMI, precio de venta al público: LEPTIC (Soubeiran Chobe)",minorista,,sí,Medicamentos
Clonazepam 0.5 mg comprimidos,comprimido,298.2693,2026-09-25,"PAMI, precio de venta al público: LEPTIC (Soubeiran Chobe)",minorista,,sí,Medicamentos
Clonazepam 0.5 mg comprimidos,comprimido,283.8884,2026-09-25,"PAMI, precio de venta al público: LEPTIC (Soubeiran Chobe)",minorista,,sí,Medicamentos
Clonazepam 0.5 mg comprimidos,comprimido,242.1197,2026-09-25,"PAMI, precio de venta al público: LEPTIC (Soubeiran Chobe)",minorista,,sí,Medicamentos
Clonazepam 2 mg comprimidos,comprimido,562.9700,2026-09-25,"PAMI, precio de venta al público: LEPTIC (Soubeiran Chobe)",minorista,,sí,Medicamentos
Clonazepam 2 mg comprimidos,comprimido,358.5910,2026-09-25,"PAMI, precio de venta al público: LEPTIC (Soubeiran Chobe)",minorista,,sí,Medicamentos
Clonazepam 2 mg comprimidos,comprimido,329.0362,2026-09-25,"PAMI, precio de venta al público: LEPTIC (Soubeiran Chobe)",minorista,,sí,Medicamentos
Clonazepam 2 mg comprimidos,comprimido,219.2162,2026-09-25,"PAMI, precio de venta al público: LEPTIC (Soubeiran Chobe)",minorista,,sí,Medicamentos
Fluoxetina 20 mg comprimidos,comprimido,631.9525,2026-09-25,"PAMI, precio de venta al público: ALENTAL (Soubeiran Chobe)",minorista,,sí,Medicamentos
Fluoxetina 20 mg comprimidos,comprimido,864.5053,2026-09-25,"PAMI, precio de venta al público: ALENTAL (Soubeiran Chobe)",minorista,,sí,Medicamentos
Fluoxetina 20 mg comprimidos,comprimido,1119.1675,2026-09-25,"PAMI, precio de venta al público: ALENTAL (Soubeiran Chobe)",minorista,,sí,Medicamentos
Fluoxetina 20 mg comprimidos,comprimido,702.5648,2026-09-25,"PAMI, precio de venta al público: ALENTAL (Soubeiran Chobe)",minorista,,sí,Medicamentos
Fluoxetina 20 mg comprimidos,comprimido,816.4750,2026-09-25,"PAMI, precio de venta al público: ALENTAL (Soubeiran Chobe)",minorista,,sí,Medicamentos
Ibuprofeno+codeína 30/200 mg comprimidos,comprimido,861.8667,2026-09-25,"PAMI, precio de venta al público: MENSALGIN FORTE (Soubeiran Chobe)",minorista,,sí,Medicamentos
Lorazepam 1 mg comprimidos sublinguales,comprimido,196.8028,2026-09-25,"PAMI, precio de venta al público: LORAZEPAN CHOBET (Soubeiran Chobe)",minorista,,sí,Medicamentos
Lorazepam 1 mg comprimidos sublinguales,comprimido,424.8380,2026-09-25,"PAMI, precio de venta al público: LORAZEPAN CHOBET (Soubeiran Chobe)",minorista,,sí,Medicamentos
Lorazepam 1 mg comprimidos,comprimido,109.4676,2026-09-25,"PAMI, precio de venta al público: LORAZEPAN CHOBET (Soubeiran Chobe)",minorista,,sí,Medicamentos
Lorazepam 1 mg comprimidos,comprimido,150.3530,2026-09-25,"PAMI, precio de venta al público: LORAZEPAN CHOBET (Soubeiran Chobe)",minorista,,sí,Medicamentos
Lorazepam 1 mg comprimidos,comprimido,166.5863,2026-09-25,"PAMI, precio de venta al público: LORAZEPAN CHOBET (Soubeiran Chobe)",minorista,,sí,Medicamentos
Lorazepam 1 mg comprimidos,comprimido,133.6280,2026-09-25,"PAMI, precio de venta al público: LORAZEPAN CHOBET (Soubeiran Chobe)",minorista,,sí,Medicamentos
Lorazepam 1 mg comprimidos,comprimido,144.7873,2026-09-25,"PAMI, precio de venta al público: LORAZEPAN CHOBET (Soubeiran Chobe)",minorista,,sí,Medicamentos
Lorazepam 2 mg comprimidos sublinguales,comprimido,297.8774,2026-09-25,"PAMI, precio de venta al público: LORAZEPAN CHOBET (Soubeiran Chobe)",minorista,,sí,Medicamentos
Lorazepam 2 mg comprimidos sublinguales,comprimido,395.7640,2026-09-25,"PAMI, precio de venta al público: LORAZEPAN CHOBET (Soubeiran Chobe)",minorista,,sí,Medicamentos
Lorazepam 2 mg comprimidos,comprimido,165.4595,2026-09-25,"PAMI, precio de venta al público: LORAZEPAN CHOBET (Soubeiran Chobe)",minorista,,sí,Medicamentos
Lorazepam 2 mg comprimidos,comprimido,222.0965,2026-09-25,"PAMI, precio de venta al público: LORAZEPAN CHOBET (Soubeiran Chobe)",minorista,,sí,Medicamentos
Lorazepam 2 mg comprimidos,comprimido,187.3070,2026-09-25,"PAMI, precio de venta al público: LORAZEPAN CHOBET (Soubeiran Chobe)",minorista,,sí,Medicamentos
Lorazepam 2 mg comprimidos,comprimido,202.8794,2026-09-25,"PAMI, precio de venta al público: LORAZEPAN CHOBET (Soubeiran Chobe)",minorista,,sí,Medicamentos
Lorazepam 2 mg comprimidos,comprimido,169.2967,2026-09-25,"PAMI, precio de venta al público: LORAZEPAN CHOBET (Soubeiran Chobe)",minorista,,sí,Medicamentos
Lorazepam 2.5 mg comprimidos,comprimido,143.3166,2026-09-25,"PAMI, precio de venta al público: LORAZEPAN CHOBET (Soubeiran Chobe)",minorista,,sí,Medicamentos
Lorazepam 2.5 mg comprimidos,comprimido,230.0485,2026-09-25,"PAMI, precio de venta al público: LORAZEPAN CHOBET (Soubeiran Chobe)",minorista,,sí,Medicamentos
Lorazepam 2.5 mg comprimidos,comprimido,210.5643,2026-09-25,"PAMI, precio de venta al público: LORAZEPAN CHOBET (Soubeiran Chobe)",minorista,,sí,Medicamentos
Lorazepam 2.5 mg comprimidos,comprimido,172.4276,2026-09-25,"PAMI, precio de venta al público: LORAZEPAN CHOBET (Soubeiran Chobe)",minorista,,sí,Medicamentos
Lorazepam 2.5 mg comprimidos,comprimido,216.5977,2026-09-25,"PAMI, precio de venta al público: LORAZEPAN CHOBET (Soubeiran Chobe)",minorista,,sí,Medicamentos
Lorazepam 4 mg ampollas,ampolla,7404.1500,2026-09-25,"PAMI, precio de venta al público: LORAZEPAN CHOBET (Soubeiran Chobe)",minorista,,sí,Medicamentos
Meperidina 100 mg ampollas,ampolla,6629.8700,2026-09-25,"PAMI, precio de venta al público: MEPERIDINA CHOBET (Soubeiran Chobe)",minorista,,sí,Medicamentos
Metadona 10 mg comprimidos,comprimido,1826.2624,2026-09-25,"PAMI, precio de venta al público: METACALMANS (Soubeiran Chobe)",minorista,,sí,Medicamentos
Metadona 10 mg comprimidos,comprimido,1826.2696,2026-09-25,"PAMI, precio de venta al público: METACALMANS (Soubeiran Chobe)",minorista,,sí,Medicamentos
Metadona 5 mg comprimidos,comprimido,1025.4564,2026-09-25,"PAMI, precio de venta al público: METACALMANS (Soubeiran Chobe)",minorista,,sí,Medicamentos
Metadona 5 mg comprimidos,comprimido,1025.7534,2026-09-25,"PAMI, precio de venta al público: METACALMANS (Soubeiran Chobe)",minorista,,sí,Medicamentos
Midazolam 15 mg comprimidos,comprimido,727.2600,2026-09-25,"PAMI, precio de venta al público: REM CHOBET (Soubeiran Chobe)",minorista,,sí,Medicamentos
Midazolam 15 mg comprimidos,comprimido,548.8210,2026-09-25,"PAMI, precio de venta al público: REM CHOBET (Soubeiran Chobe)",minorista,,sí,Medicamentos
Midazolam 15 mg comprimidos,comprimido,518.7166,2026-09-25,"PAMI, precio de venta al público: REM CHOBET (Soubeiran Chobe)",minorista,,sí,Medicamentos
Midazolam 15 mg/3 ml ampollas,ampolla,6852.8050,2026-09-25,"PAMI, precio de venta al público: REM CHOBET (Soubeiran Chobe)",minorista,,sí,Medicamentos
Midazolam 50 mg/10 ml ampollas,ampolla,15701.7692,2026-09-25,"PAMI, precio de venta al público: REM CHOBET (Soubeiran Chobe)",minorista,,sí,Medicamentos
"Morfina,clorhidrato 10 mg comprimidos",comprimido,1701.2635,2026-09-25,"PAMI, precio de venta al público: NEOCALMANS RETARD (Soubeiran Chobe)",minorista,,sí,Medicamentos
"Morfina,clorhidrato 10 mg comprimidos",comprimido,1496.0132,2026-09-25,"PAMI, precio de venta al público: NEOCALMANS RETARD (Soubeiran Chobe)",minorista,,sí,Medicamentos
"Morfina,clorhidrato 20 mg supositorios",supositorio,77.6150,2026-09-25,"PAMI, precio de venta al público: NEOCALMANS (Soubeiran Chobe)",minorista,,sí,Medicamentos
"Morfina,clorhidrato 30 mg comprimidos",comprimido,3166.4825,2026-09-25,"PAMI, precio de venta al público: NEOCALMANS RETARD (Soubeiran Chobe)",minorista,,sí,Medicamentos
"Morfina,clorhidrato 30 mg comprimidos",comprimido,1791.9195,2026-09-25,"PAMI, precio de venta al público: NEOCALMANS (Soubeiran Chobe)",minorista,,sí,Medicamentos
"Morfina,clorhidrato 30 mg comprimidos",comprimido,1733.4702,2026-09-25,"PAMI, precio de venta al público: NEOCALMANS (Soubeiran Chobe)",minorista,,sí,Medicamentos
"Morfina,clorhidrato 30 mg comprimidos",comprimido,3008.1290,2026-09-25,"PAMI, precio de venta al público: NEOCALMANS RETARD (Soubeiran Chobe)",minorista,,sí,Medicamentos
"Morfina,clorhidrato 30 mg supositorios",supositorio,91.8720,2026-09-25,"PAMI, precio de venta al público: NEOCALMANS (Soubeiran Chobe)",minorista,,sí,Medicamentos
"Morfina,clorhidrato 60 mg comprimidos",comprimido,1642.5538,2026-09-25,"PAMI, precio de venta al público: NEOCALMANS (Soubeiran Chobe)",minorista,,sí,Medicamentos
Nalbufina 10 mg ampollas,ampolla,3226.8870,2026-09-25,"PAMI, precio de venta al público: NALBUFINA CHOBET (Soubeiran Chobe)",minorista,,sí,Medicamentos
Nalbufina 10 mg ampollas,ampolla,3442.2120,2026-09-25,"PAMI, precio de venta al público: NALBUFINA CHOBET (Soubeiran Chobe)",minorista,,sí,Medicamentos
Naltrexona 50 mg comprimidos,comprimido,8368.9760,2026-09-25,"PAMI, precio de venta al público: REVEZ (Soubeiran Chobe)",minorista,,sí,Medicamentos
Naltrexona 50 mg comprimidos,comprimido,7824.0956,2026-09-25,"PAMI, precio de venta al público: REVEZ (Soubeiran Chobe)",minorista,,sí,Medicamentos
Naltrexona 50 mg comprimidos,comprimido,7597.7526,2026-09-25,"PAMI, precio de venta al público: REVEZ (Soubeiran Chobe)",minorista,,sí,Medicamentos
Oxicodona 10 mg comprimidos,comprimido,3129.3320,2026-09-25,"PAMI, precio de venta al público: OXICALMANS (Soubeiran Chobe)",minorista,,sí,Medicamentos
Oxicodona 20 mg comprimidos,comprimido,4692.9883,2026-09-25,"PAMI, precio de venta al público: OXICALMANS (Soubeiran Chobe)",minorista,,sí,Medicamentos
Oxicodona 40 mg comprimidos,comprimido,7644.4400,2026-09-25,"PAMI, precio de venta al público: OXICALMANS (Soubeiran Chobe)",minorista,,sí,Medicamentos
Tramadol 50 mg comprimidos,comprimido,986.7840,2026-09-25,"PAMI, precio de venta al público: ULTRACALMANS (Soubeiran Chobe)",minorista,,sí,Medicamentos
Tramadol 50 mg comprimidos,comprimido,884.8460,2026-09-25,"PAMI, precio de venta al público: ULTRACALMANS (Soubeiran Chobe)",minorista,,sí,Medicamentos
Tramadol 50 mg comprimidos,comprimido,863.9793,2026-09-25,"PAMI, precio de venta al público: ULTRACALMANS (Soubeiran Chobe)",minorista,,sí,Medicamentos
Tramadol 50 mg gotas,1 ml,1462.7805,2026-09-25,"PAMI, precio de venta al público: ULTRACALMANS (Soubeiran Chobe)",minorista,,sí,Medicamentos
Troxerrutina+magn.ascorbato 500/150 comprimidos,comprimido,1131.0543,2026-09-25,"PAMI, precio de venta al público: VERALDID 500/150 (Soubeiran Chobe)",minorista,,sí,Medicamentos
Troxerrutina+magn.ascorbato 500/150 comprimidos,comprimido,986.7598,2026-09-25,"PAMI, precio de venta al público: VERALDID 500/150 (Soubeiran Chobe)",minorista,,sí,Medicamentos
Lornoxicam 8 mg comprimidos,comprimido,28.7177,2026-09-25,"PAMI, precio de venta al público: XEFO RAPID (Takeda)",minorista,,sí,Medicamentos
Mesalazina 500 mg supositorios,supositorio,64.9170,2026-09-25,"PAMI, precio de venta al público: YOLECOL (Takeda)",minorista,,sí,Medicamentos
Mesalazina 800 mg comprimidos,comprimido,104.9227,2026-09-25,"PAMI, precio de venta al público: YOLECOL (Takeda)",minorista,,sí,Medicamentos
Mesalazina 800 mg comprimidos,comprimido,563.3993,2026-09-25,"PAMI, precio de venta al público: YOLECOL (Takeda Argentin)",minorista,,sí,Medicamentos
Mesalazina 800 mg comprimidos,comprimido,507.0747,2026-09-25,"PAMI, precio de venta al público: YOLECOL (Takeda Argentin)",minorista,,sí,Medicamentos
Losartán 50 mg comprimidos,comprimido,481.8687,2026-09-25,"PAMI, precio de venta al público: LOSARTAN TECHSPERE (Techsphere)",minorista,,sí,Medicamentos
Acetilcisteína 200 mg comprimidos efervescentes,comprimido,285.3008,2026-09-25,"PAMI, precio de venta al público: BRONCOLIUM 200",minorista,,sí,Medicamentos
Acetilcisteína 600 mg comprimidos efervescentes,comprimido,1810.6467,2026-09-25,"PAMI, precio de venta al público: BRONCOLIUM",minorista,,sí,Medicamentos
Acetilcisteína 600 mg comprimidos efervescentes,comprimido,1477.3308,2026-09-25,"PAMI, precio de venta al público: BRONCOLIUM",minorista,,sí,Medicamentos
Amlodipina 10 mg comprimidos,comprimido,947.3623,2026-09-25,"PAMI, precio de venta al público: CALPRES",minorista,,sí,Medicamentos
Amlodipina 10 mg comprimidos,comprimido,1010.1380,2026-09-25,"PAMI, precio de venta al público: CALPRES",minorista,,sí,Medicamentos
Amlodipina 5 mg comprimidos,comprimido,659.1860,2026-09-25,"PAMI, precio de venta al público: CALPRES",minorista,,sí,Medicamentos
Amlodipina 5 mg comprimidos,comprimido,655.3218,2026-09-25,"PAMI, precio de venta al público: CALPRES",minorista,,sí,Medicamentos
Bisoprolol 10 mg comprimidos,comprimido,821.1387,2026-09-25,"PAMI, precio de venta al público: LOSTAPROLOL",minorista,,sí,Medicamentos
Bisoprolol 2.5 mg comprimidos,comprimido,331.2917,2026-09-25,"PAMI, precio de venta al público: LOSTAPROLOL",minorista,,sí,Medicamentos
Bisoprolol 5 mg comprimidos,comprimido,628.2967,2026-09-25,"PAMI, precio de venta al público: LOSTAPROLOL",minorista,,sí,Medicamentos
Bisoprolol+hidroclorotiazida 5/12.5 mg comprimidos,comprimido,21.7103,2026-09-25,"PAMI, precio de venta al público: LOSTAPROLOL DIUR 5/12.5",minorista,,sí,Medicamentos
Donepezilo 10 mg comprimidos,comprimido,2061.3420,2026-09-25,"PAMI, precio de venta al público: CEBROCAL",minorista,,sí,Medicamentos
Donepezilo 5 mg comprimidos,comprimido,1657.6250,2026-09-25,"PAMI, precio de venta al público: CEBROCAL",minorista,,sí,Medicamentos
Dutasteride+tamsulosina 0.5/0.4 mg cápsulas,cápsula,2265.0443,2026-09-25,"PAMI, precio de venta al público: UROCONT DUO",minorista,,sí,Medicamentos
Enalapril 10 mg comprimidos,comprimido,403.0637,2026-09-25,"PAMI, precio de venta al público: VAPRESAN",minorista,,sí,Medicamentos
Enalapril 10 mg comprimidos,comprimido,356.0825,2026-09-25,"PAMI, precio de venta al público: VAPRESAN",minorista,,sí,Medicamentos
Enalapril 20 mg comprimidos,comprimido,433.4380,2026-09-25,"PAMI, precio de venta al público: VAPRESAN",minorista,,sí,Medicamentos
Enalapril 20 mg comprimidos,comprimido,504.4787,2026-09-25,"PAMI, precio de venta al público: VAPRESAN",minorista,,sí,Medicamentos
Enalapril 5 mg comprimidos,comprimido,282.7443,2026-09-25,"PAMI, precio de venta al público: VAPRESAN",minorista,,sí,Medicamentos
Enalapril 5 mg comprimidos,comprimido,219.4503,2026-09-25,"PAMI, precio de venta al público: VAPRESAN",minorista,,sí,Medicamentos
Escitalopram 10 mg comprimidos,comprimido,1352.2060,2026-09-25,"PAMI, precio de venta al público: BEAPLEN 10",minorista,,sí,Medicamentos
Escitalopram 20 mg comprimidos,comprimido,2355.0027,2026-09-25,"PAMI, precio de venta al público: BEAPLEN 20",minorista,,sí,Medicamentos
Fenofibrato micronizado 200 mg cápsulas,cápsula,1434.1817,2026-09-25,"PAMI, precio de venta al público: LIPTUIN",minorista,,sí,Medicamentos
Fluoxetina 20 mg comprimidos,comprimido,730.7813,2026-09-25,"PAMI, precio de venta al público: EQUILIBRANE",minorista,,sí,Medicamentos
Fluoxetina 20 mg comprimidos,comprimido,742.2410,2026-09-25,"PAMI, precio de venta al público: EQUILIBRANE",minorista,,sí,Medicamentos
Levetiracetam 1000 mg comprimidos,comprimido,5416.4060,2026-09-25,"PAMI, precio de venta al público: MOLIVAL 1000",minorista,,sí,Medicamentos
Levetiracetam 500 mg comprimidos,comprimido,2541.0083,2026-09-25,"PAMI, precio de venta al público: MOLIVAL 500",minorista,,sí,Medicamentos
Levofloxacina 750 mg comprimidos,comprimido,107.9220,2026-09-25,"PAMI, precio de venta al público: ZENIC 750",minorista,,sí,Medicamentos
Losartán 100 mg comprimidos,comprimido,1118.7380,2026-09-25,"PAMI, precio de venta al público: TEMISARTAN",minorista,,sí,Medicamentos
Losartán 50 mg comprimidos,comprimido,936.5053,2026-09-25,"PAMI, precio de venta al público: TEMISARTAN",minorista,,sí,Medicamentos
Metformina 1 g comprimidos,comprimido,639.2880,2026-09-25,"PAMI, precio de venta al público: METFORMIN TEMIS",minorista,,sí,Medicamentos
Metformina 1 g comprimidos,comprimido,568.1523,2026-09-25,"PAMI, precio de venta al público: METFORMIN TEMIS",minorista,,sí,Medicamentos
Metformina 500 mg comprimidos,comprimido,217.0057,2026-09-25,"PAMI, precio de venta al público: METFORMIN TEMIS",minorista,,sí,Medicamentos
Metformina 500 mg comprimidos,comprimido,207.9830,2026-09-25,"PAMI, precio de venta al público: METFORMIN TEMIS",minorista,,sí,Medicamentos
Metformina 850 mg comprimidos,comprimido,489.5060,2026-09-25,"PAMI, precio de venta al público: METFORMIN TEMIS",minorista,,sí,Medicamentos
Metformina 850 mg comprimidos,comprimido,472.7062,2026-09-25,"PAMI, precio de venta al público: METFORMIN TEMIS",minorista,,sí,Medicamentos
Neomicina 250 mg comprimidos,comprimido,1545.3931,2026-09-25,"PAMI, precio de venta al público: NEOMAS BOWERS",minorista,,sí,Medicamentos
Olanzapina 10 mg comprimidos,comprimido,6814.9027,2026-09-25,"PAMI, precio de venta al público: SARTINA",minorista,,sí,Medicamentos
Olanzapina 5 mg comprimidos,comprimido,3491.0713,2026-09-25,"PAMI, precio de venta al público: SARTINA",minorista,,sí,Medicamentos
Paroxetina 20 mg comprimidos,comprimido,1470.0230,2026-09-25,"PAMI, precio de venta al público: AFENEXIL",minorista,,sí,Medicamentos
Pregabalina 100 mg comprimidos,comprimido,2479.7623,2026-09-25,"PAMI, precio de venta al público: KABIAN 100 MULTIDOSIS",minorista,,sí,Medicamentos
Pregabalina 150 mg comprimidos,comprimido,1496.9810,2026-09-25,"PAMI, precio de venta al público: KABIAN 150 MULTIDOSIS",minorista,,sí,Medicamentos
Pregabalina 150 mg cápsulas,cápsula,1282.4723,2026-09-25,"PAMI, precio de venta al público: KABIAN 150",minorista,,sí,Medicamentos
Pregabalina 75 mg comprimidos,comprimido,1576.0030,2026-09-25,"PAMI, precio de venta al público: KABIAN 75 MULTIDOSIS",minorista,,sí,Medicamentos
Pregabalina 75 mg cápsulas,cápsula,1112.3167,2026-09-25,"PAMI, precio de venta al público: KABIAN 75",minorista,,sí,Medicamentos
Quetiapina 100 mg comprimidos,comprimido,3492.4570,2026-09-25,"PAMI, precio de venta al público: DENDRITEX 100",minorista,,sí,Medicamentos
Quetiapina 25 mg comprimidos,comprimido,2102.7153,2026-09-25,"PAMI, precio de venta al público: DENDRITEX 25",minorista,,sí,Medicamentos
Ramipril 10 mg comprimidos,comprimido,1927.1033,2026-09-25,"PAMI, precio de venta al público: LOSTAPRES",minorista,,sí,Medicamentos
Ramipril 2.5 mg comprimidos,comprimido,787.9397,2026-09-25,"PAMI, precio de venta al público: LOSTAPRES",minorista,,sí,Medicamentos
Ramipril 5 mg comprimidos,comprimido,1446.1107,2026-09-25,"PAMI, precio de venta al público: LOSTAPRES",minorista,,sí,Medicamentos
Rosuvastatina 10 mg comprimidos,comprimido,847.5090,2026-09-25,"PAMI, precio de venta al público: NODIS 10",minorista,,sí,Medicamentos
Rosuvastatina 20 mg comprimidos,comprimido,1511.6897,2026-09-25,"PAMI, precio de venta al público: NODIS 20",minorista,,sí,Medicamentos
Rosuvastatina 40 mg comprimidos,comprimido,2605.3563,2026-09-25,"PAMI, precio de venta al público: NODIS 40",minorista,,sí,Medicamentos
Rosuvastatina 5 mg comprimidos,comprimido,562.3913,2026-09-25,"PAMI, precio de venta al público: NODIS 5",minorista,,sí,Medicamentos
Saccharomyces boulardii 250 mg cápsulas,cápsula,2039.7450,2026-09-25,"PAMI, precio de venta al público: FLORATIL 250",minorista,,sí,Medicamentos
Saccharomyces boulardii 250 mg cápsulas,cápsula,1663.4424,2026-09-25,"PAMI, precio de venta al público: FLORATIL 250",minorista,,sí,Medicamentos
Saccharomyces boulardii 250 mg pvo. sobres,sobre,2475.1780,2026-09-25,"PAMI, precio de venta al público: FLORATIL 250",minorista,,sí,Medicamentos
Simvastatin 20 mg comprimidos,comprimido,554.8003,2026-09-25,"PAMI, precio de venta al público: NIVELIPOL",minorista,,sí,Medicamentos
Solifenacina 10 mg comprimidos,comprimido,1818.5413,2026-09-25,"PAMI, precio de venta al público: CISTIL",minorista,,sí,Medicamentos
Solifenacina 5 mg comprimidos,comprimido,1609.2800,2026-09-25,"PAMI, precio de venta al público: CISTIL",minorista,,sí,Medicamentos
Tadalafilo 20 mg comprimidos,comprimido,445.8900,2026-09-25,"PAMI, precio de venta al público: VIRILON MAX",minorista,,sí,Medicamentos
Tadalafilo 20 mg comprimidos,comprimido,5681.3150,2026-09-25,"PAMI, precio de venta al público: VIRILON MAX",minorista,,sí,Medicamentos
Tadalafilo 20 mg comprimidos,comprimido,13190.2000,2026-09-25,"PAMI, precio de venta al público: VIRILON MAX",minorista,,sí,Medicamentos
Tamsulosina 0.4mg cápsulas de liberación prolongada,cápsula,1552.7200,2026-09-25,"PAMI, precio de venta al público: LOSTAM",minorista,,sí,Medicamentos
Valsartán 160 mg comprimidos,comprimido,1389.0163,2026-09-25,"PAMI, precio de venta al público: NICORVAS",minorista,,sí,Medicamentos
Valsartán 80 mg comprimidos,comprimido,1106.8210,2026-09-25,"PAMI, precio de venta al público: NICORVAS",minorista,,sí,Medicamentos
Valsartán+amlodipina 160/5 mg comprimidos,comprimido,1638.7297,2026-09-25,"PAMI, precio de venta al público: NICORVAS A",minorista,,sí,Medicamentos
Valsartán+hidroclorotiazida 160/25 mg comprimidos,comprimido,1504.5187,2026-09-25,"PAMI, precio de venta al público: NICORVAS DIUR",minorista,,sí,Medicamentos
Valsartán+hidroclorotiazida 80/12.5 mg comprimidos,comprimido,1204.3917,2026-09-25,"PAMI, precio de venta al público: NICORVAS DIUR",minorista,,sí,Medicamentos
Acetilcisteína 600 mg comprimidos efervescentes,comprimido,1234.7540,2026-09-25,"PAMI, precio de venta al público: ACETILCISTEINA TEVA (Teva Argentina)",minorista,,sí,Medicamentos
Acitretina 10 mg cápsulas,cápsula,1859.0243,2026-09-25,"PAMI, precio de venta al público: NEOTIGASON (Teva Argentina)",minorista,,sí,Medicamentos
Acitretina 25 mg cápsulas,cápsula,3915.4697,2026-09-25,"PAMI, precio de venta al público: NEOTIGASON (Teva Argentina)",minorista,,sí,Medicamentos
Alendronato 70 mg comprimidos,comprimido,6884.3925,2026-09-25,"PAMI, precio de venta al público: ARENDAL (Teva Argentina)",minorista,,sí,Medicamentos
"Amlodipina+losartán,potásico 5/100 mg comprimidos",comprimido,1431.3163,2026-09-25,"PAMI, precio de venta al público: NITEN MAX 5/100 (Teva Argentina)",minorista,,sí,Medicamentos
"Amlodipina+losartán,potásico 5/50 mg comprimidos",comprimido,1283.2080,2026-09-25,"PAMI, precio de venta al público: NITEN MAX 5/50 (Teva Argentina)",minorista,,sí,Medicamentos
Atorvastatín 10 mg comprimidos,comprimido,1469.0980,2026-09-25,"PAMI, precio de venta al público: LIPIBEC (Teva Argentina)",minorista,,sí,Medicamentos
Atorvastatín 10 mg comprimidos,comprimido,1233.3500,2026-09-25,"PAMI, precio de venta al público: LIPIBEC (Teva Argentina)",minorista,,sí,Medicamentos
Atorvastatín 20 mg comprimidos,comprimido,2451.8330,2026-09-25,"PAMI, precio de venta al público: LIPIBEC (Teva Argentina)",minorista,,sí,Medicamentos
Atorvastatín 20 mg comprimidos,comprimido,2095.5032,2026-09-25,"PAMI, precio de venta al público: LIPIBEC (Teva Argentina)",minorista,,sí,Medicamentos
Atorvastatín 40 mg comprimidos,comprimido,2667.5623,2026-09-25,"PAMI, precio de venta al público: LIPIBEC (Teva Argentina)",minorista,,sí,Medicamentos
Atorvastatín+ezetimibe 10/10 mg comprimidos,comprimido,1592.8507,2026-09-25,"PAMI, precio de venta al público: LIPIBEC PLUS (Teva Argentina)",minorista,,sí,Medicamentos
Atorvastatín+ezetimibe 20/10 mg comprimidos,comprimido,2157.8633,2026-09-25,"PAMI, precio de venta al público: LIPIBEC PLUS (Teva Argentina)",minorista,,sí,Medicamentos
Atorvastatín+fenofibrato 10/134mg compx30+ cápsulas,cápsula,3775.7010,2026-09-25,"PAMI, precio de venta al público: HIPOSTEROL (Teva Argentina)",minorista,,sí,Medicamentos
Atorvastatín+fenofibrato 20/134mg compx30+ cápsulas,cápsula,6377.9987,2026-09-25,"PAMI, precio de venta al público: HIPOSTEROL (Teva Argentina)",minorista,,sí,Medicamentos
Bisoprolol 10 mg comprimidos,comprimido,725.5427,2026-09-25,"PAMI, precio de venta al público: BISOPROLOL TEVA (Teva Argentina)",minorista,,sí,Medicamentos
Bisoprolol 5 mg comprimidos,comprimido,567.3523,2026-09-25,"PAMI, precio de venta al público: BISOPROLOL TEVA (Teva Argentina)",minorista,,sí,Medicamentos
Bromazepam 3 mg comprimidos,comprimido,224.1813,2026-09-25,"PAMI, precio de venta al público: ATEMPERATOR (Teva Argentina)",minorista,,sí,Medicamentos
Bromazepam 3 mg comprimidos,comprimido,157.1717,2026-09-25,"PAMI, precio de venta al público: ATEMPERATOR (Teva Argentina)",minorista,,sí,Medicamentos
Bromazepam 6 mg comprimidos,comprimido,401.7877,2026-09-25,"PAMI, precio de venta al público: ATEMPERATOR (Teva Argentina)",minorista,,sí,Medicamentos
Bromazepam 6 mg comprimidos,comprimido,377.3817,2026-09-25,"PAMI, precio de venta al público: ATEMPERATOR (Teva Argentina)",minorista,,sí,Medicamentos
Carbamazepina 200 mg comprimidos,comprimido,605.3820,2026-09-25,"PAMI, precio de venta al público: CONFORMAL (Teva Argentina)",minorista,,sí,Medicamentos
Carbamazepina 200 mg comprimidos,comprimido,658.0717,2026-09-25,"PAMI, precio de venta al público: CONFORMAL (Teva Argentina)",minorista,,sí,Medicamentos
Carbamazepina 400 mg comprimidos,comprimido,33.5703,2026-09-25,"PAMI, precio de venta al público: CONFORMAL AP (Teva Argentina)",minorista,,sí,Medicamentos
Cefalexina 1000 mg comprimidos,comprimido,1730.3869,2026-09-25,"PAMI, precio de venta al público: KEFORAL (Teva Argentina)",minorista,,sí,Medicamentos
Cefalexina 1000 mg comprimidos,comprimido,1899.4613,2026-09-25,"PAMI, precio de venta al público: KEFORAL (Teva Argentina)",minorista,,sí,Medicamentos
Cefalexina 500 mg comprimidos,comprimido,892.9937,2026-09-25,"PAMI, precio de venta al público: KEFORAL (Teva Argentina)",minorista,,sí,Medicamentos
Cefalexina 500 mg comprimidos,comprimido,748.8475,2026-09-25,"PAMI, precio de venta al público: KEFORAL (Teva Argentina)",minorista,,sí,Medicamentos
Cefalexina 500 mg comprimidos,comprimido,1013.1087,2026-09-25,"PAMI, precio de venta al público: KEFORAL (Teva Argentina)",minorista,,sí,Medicamentos
Cefalexina 500 mg jarabe,1 ml,192.8522,2026-09-25,"PAMI, precio de venta al público: KEFORAL (Teva Argentina)",minorista,,sí,Medicamentos
Cefalexina 500 mg jarabe,1 ml,193.9840,2026-09-25,"PAMI, precio de venta al público: KEFORAL (Teva Argentina)",minorista,,sí,Medicamentos
Cetirizina 10 mg cápsulas,cápsula,26.3303,2026-09-25,"PAMI, precio de venta al público: DEXALERGIN NOVO CB (Teva Argentina)",minorista,,sí,Medicamentos
Citalopram 20 mg comprimidos,comprimido,94.5893,2026-09-25,"PAMI, precio de venta al público: PSICONOR (Teva Argentina)",minorista,,sí,Medicamentos
Citalopram 20 mg comprimidos,comprimido,1310.6603,2026-09-25,"PAMI, precio de venta al público: PSICONOR (Teva Argentina)",minorista,,sí,Medicamentos
Clonixinato lisina 125 mg comprimidos,comprimido,4.4087,2026-09-25,"PAMI, precio de venta al público: DOLEX (Teva Argentina)",minorista,,sí,Medicamentos
Clortalidona+valsartán 12.5/160 comprimidos,comprimido,1895.5213,2026-09-25,"PAMI, precio de venta al público: HIPREX DUO (Teva Argentina)",minorista,,sí,Medicamentos
Clortalidona+valsartán 25/160 comprimidos,comprimido,1945.8053,2026-09-25,"PAMI, precio de venta al público: HIPREX DUO (Teva Argentina)",minorista,,sí,Medicamentos
Clortalidona+valsartán 25/320 comprimidos,comprimido,2182.1863,2026-09-25,"PAMI, precio de venta al público: HIPREX DUO (Teva Argentina)",minorista,,sí,Medicamentos
Dapagliflozina 10 mg comprimidos,comprimido,2808.8157,2026-09-25,"PAMI, precio de venta al público: JALORESE (Teva Argentina)",minorista,,sí,Medicamentos
Diacereína 50 mg cápsulas,cápsula,1275.5223,2026-09-25,"PAMI, precio de venta al público: NULARTRIN (Teva Argentina)",minorista,,sí,Medicamentos
Diacereína 50 mg cápsulas,cápsula,984.8995,2026-09-25,"PAMI, precio de venta al público: NULARTRIN (Teva Argentina)",minorista,,sí,Medicamentos
Diclofenac sódico 75 mg comprimidos,comprimido,55.0920,2026-09-25,"PAMI, precio de venta al público: DICLOFENAC TEVA (Teva Argentina)",minorista,,sí,Medicamentos
Diclofenac sódico 75 mg comprimidos,comprimido,33.8480,2026-09-25,"PAMI, precio de venta al público: DICLOFENAC TEVA (Teva Argentina)",minorista,,sí,Medicamentos
Diclofenac+pridinol 4 mg comprimidos,comprimido,73.1770,2026-09-25,"PAMI, precio de venta al público: DICLOFENAC PRIDINOL TEVA (Teva Argentina)",minorista,,sí,Medicamentos
Diclofenac+pridinol 4 mg comprimidos,comprimido,24.8150,2026-09-25,"PAMI, precio de venta al público: DICLOFENAC PRIDINOL TEVA (Teva Argentina)",minorista,,sí,Medicamentos
Diltiazem 60 mg comprimidos,comprimido,248.6546,2026-09-25,"PAMI, precio de venta al público: HART (Teva Argentina)",minorista,,sí,Medicamentos
Diosmina 500 mg comprimidos,comprimido,1031.0290,2026-09-25,"PAMI, precio de venta al público: FLEBON 500 (Teva Argentina)",minorista,,sí,Medicamentos
Diosmina 500 mg comprimidos,comprimido,994.4235,2026-09-25,"PAMI, precio de venta al público: FLEBON 500 (Teva Argentina)",minorista,,sí,Medicamentos
Donepezilo 10 mg comprimidos,comprimido,1956.7067,2026-09-25,"PAMI, precio de venta al público: VALPEX (Teva Argentina)",minorista,,sí,Medicamentos
Donepezilo 10 mg comprimidos,comprimido,1836.9830,2026-09-25,"PAMI, precio de venta al público: VALPEX (Teva Argentina)",minorista,,sí,Medicamentos
Donepezilo 5 mg comprimidos,comprimido,1564.5340,2026-09-25,"PAMI, precio de venta al público: VALPEX (Teva Argentina)",minorista,,sí,Medicamentos
Donepezilo 5 mg comprimidos,comprimido,1502.3170,2026-09-25,"PAMI, precio de venta al público: VALPEX (Teva Argentina)",minorista,,sí,Medicamentos
Duloxetina 30 mg cápsulas,cápsula,2569.7050,2026-09-25,"PAMI, precio de venta al público: NITIDEX (Teva Argentina)",minorista,,sí,Medicamentos
Duloxetina 30 mg cápsulas,cápsula,2388.0625,2026-09-25,"PAMI, precio de venta al público: NITIDEX (Teva Argentina)",minorista,,sí,Medicamentos
Duloxetina 60 mg cápsulas,cápsula,2425.8621,2026-09-25,"PAMI, precio de venta al público: NITIDEX (Teva Argentina)",minorista,,sí,Medicamentos
Empagliflozina 10 mg comprimidos,comprimido,2873.4617,2026-09-25,"PAMI, precio de venta al público: ETRALAN (Teva Argentina)",minorista,,sí,Medicamentos
Empagliflozina 25 mg comprimidos,comprimido,3103.3383,2026-09-25,"PAMI, precio de venta al público: ETRALAN (Teva Argentina)",minorista,,sí,Medicamentos
Eplerenona 25 mg comprimidos,comprimido,1023.5160,2026-09-25,"PAMI, precio de venta al público: SUFICARD (Teva Argentina)",minorista,,sí,Medicamentos
Eplerenona 50 mg comprimidos,comprimido,1489.8183,2026-09-25,"PAMI, precio de venta al público: SUFICARD (Teva Argentina)",minorista,,sí,Medicamentos
Escitalopram 10 mg comprimidos,comprimido,1234.0047,2026-09-25,"PAMI, precio de venta al público: EPSICONOR (Teva Argentina)",minorista,,sí,Medicamentos
Escitalopram 10 mg comprimidos,comprimido,297.6253,2026-09-25,"PAMI, precio de venta al público: ESCITALOPRAM TEVA (Teva Argentina)",minorista,,sí,Medicamentos
Escitalopram 20 mg comprimidos,comprimido,2192.1313,2026-09-25,"PAMI, precio de venta al público: EPSICONOR (Teva Argentina)",minorista,,sí,Medicamentos
Escitalopram 20 mg comprimidos,comprimido,509.2167,2026-09-25,"PAMI, precio de venta al público: ESCITALOPRAM TEVA (Teva Argentina)",minorista,,sí,Medicamentos
Etoricoxib 60 mg comprimidos,comprimido,29.4460,2026-09-25,"PAMI, precio de venta al público: KEMPO (Teva Argentina)",minorista,,sí,Medicamentos
Etoricoxib 90 mg comprimidos,comprimido,47.8787,2026-09-25,"PAMI, precio de venta al público: KEMPO (Teva Argentina)",minorista,,sí,Medicamentos
Etoricoxib 90 mg comprimidos,comprimido,36.1183,2026-09-25,"PAMI, precio de venta al público: KEMPO (Teva Argentina)",minorista,,sí,Medicamentos
Ezetimibe 10 mg comprimidos,comprimido,772.2250,2026-09-25,"PAMI, precio de venta al público: VADEL (Teva Argentina)",minorista,,sí,Medicamentos
Ezetimibe+fenofibrato 200/10mg capsx30+ comprimidos,comprimido,2952.4883,2026-09-25,"PAMI, precio de venta al público: MINUSLIP DUO (Teva Argentina)",minorista,,sí,Medicamentos
Febuxostat 80 mg comprimidos,comprimido,160.0007,2026-09-25,"PAMI, precio de venta al público: DUTRINOL (Teva Argentina)",minorista,,sí,Medicamentos
Fenofibrato 350 mg comprimidos,comprimido,1055.2603,2026-09-25,"PAMI, precio de venta al público: SCLEROFIN U.D. (Teva Argentina)",minorista,,sí,Medicamentos
Fenofibrato micronizado 200 mg cápsulas,cápsula,1499.8357,2026-09-25,"PAMI, precio de venta al público: MINUSLIP (Teva Argentina)",minorista,,sí,Medicamentos
Fenofibrato micronizado 200 mg cápsulas,cápsula,1304.4208,2026-09-25,"PAMI, precio de venta al público: MINUSLIP (Teva Argentina)",minorista,,sí,Medicamentos
"Fenofíbrico,ác. 135 mg cápsulas",cápsula,1314.6007,2026-09-25,"PAMI, precio de venta al público: MINUSLIP XR (Teva Argentina)",minorista,,sí,Medicamentos
"Fenofíbrico,ác. 45 mg cápsulas",cápsula,1098.1750,2026-09-25,"PAMI, precio de venta al público: MINUSLIP XR (Teva Argentina)",minorista,,sí,Medicamentos
Finasteride 5 mg comprimidos,comprimido,1403.0193,2026-09-25,"PAMI, precio de venta al público: PROSTENE (Teva Argentina)",minorista,,sí,Medicamentos
Fluconazol 150 mg cápsulas,cápsula,193.7975,2026-09-25,"PAMI, precio de venta al público: FLUCONAZOL TEVA (Teva Argentina)",minorista,,sí,Medicamentos
Fluoxetina 20 mg comprimidos,comprimido,747.3087,2026-09-25,"PAMI, precio de venta al público: FLUOXETINA TEVA (Teva Argentina)",minorista,,sí,Medicamentos
Galantamina 4 mg comprimidos,comprimido,1742.1264,2026-09-25,"PAMI, precio de venta al público: NUMENCIAL (Teva Argentina)",minorista,,sí,Medicamentos
Galantamina 4 mg comprimidos,comprimido,1183.0896,2026-09-25,"PAMI, precio de venta al público: NUMENCIAL (Teva Argentina)",minorista,,sí,Medicamentos
Galantamina 8 mg comprimidos,comprimido,1661.1014,2026-09-25,"PAMI, precio de venta al público: NUMENCIAL (Teva Argentina)",minorista,,sí,Medicamentos
Glimepiride+metformina 1000/2 mg comprimidos,comprimido,14.9900,2026-09-25,"PAMI, precio de venta al público: MECTIN PLUS (Teva Argentina)",minorista,,sí,Medicamentos
Glimepiride+metformina 1000/4 mg comprimidos,comprimido,17.8750,2026-09-25,"PAMI, precio de venta al público: MECTIN PLUS (Teva Argentina)",minorista,,sí,Medicamentos
Hialuronato sódico 25 mg jeringas prellenadas,jeringa prellenada,42618.3400,2026-09-25,"PAMI, precio de venta al público: ARTFLEX (Teva Argentina)",minorista,,sí,Medicamentos
Hidroxicloroquina 200 mg comprimidos,comprimido,588.1103,2026-09-25,"PAMI, precio de venta al público: EVOQUIN (Teva Argentina)",minorista,,sí,Medicamentos
Hidroxicloroquina 200 mg comprimidos,comprimido,640.6230,2026-09-25,"PAMI, precio de venta al público: EVOQUIN (Teva Argentina)",minorista,,sí,Medicamentos
Idebenona 100 mg comprimidos,comprimido,2922.5940,2026-09-25,"PAMI, precio de venta al público: NEMOCEBRAL (Teva Argentina)",minorista,,sí,Medicamentos
Idebenona 30 mg comprimidos,comprimido,898.5197,2026-09-25,"PAMI, precio de venta al público: NEMOCEBRAL (Teva Argentina)",minorista,,sí,Medicamentos
Idebenona 45 mg comprimidos,comprimido,1385.7253,2026-09-25,"PAMI, precio de venta al público: NEMOCEBRAL (Teva Argentina)",minorista,,sí,Medicamentos
Idebenona 45 mg comprimidos,comprimido,1268.7557,2026-09-25,"PAMI, precio de venta al público: NEMOCEBRAL (Teva Argentina)",minorista,,sí,Medicamentos
Lamotrigina 100 mg comprimidos dispersables,comprimido,1947.3447,2026-09-25,"PAMI, precio de venta al público: EPILEPAX (Teva Argentina)",minorista,,sí,Medicamentos
Lamotrigina 100 mg comprimidos dispersables,comprimido,1724.0798,2026-09-25,"PAMI, precio de venta al público: EPILEPAX (Teva Argentina)",minorista,,sí,Medicamentos
Lamotrigina 200 mg comprimidos dispersables,comprimido,2568.1313,2026-09-25,"PAMI, precio de venta al público: EPILEPAX (Teva Argentina)",minorista,,sí,Medicamentos
Lamotrigina 25 mg comprimidos dispersables,comprimido,627.5703,2026-09-25,"PAMI, precio de venta al público: EPILEPAX (Teva Argentina)",minorista,,sí,Medicamentos
Lamotrigina 50 mg comprimidos dispersables,comprimido,970.9767,2026-09-25,"PAMI, precio de venta al público: EPILEPAX (Teva Argentina)",minorista,,sí,Medicamentos
Leflunomida 20 mg comprimidos,comprimido,1827.2680,2026-09-25,"PAMI, precio de venta al público: FILARTROS (Teva Argentina)",minorista,,sí,Medicamentos
Levetiracetam 1000 mg comprimidos,comprimido,5020.5387,2026-09-25,"PAMI, precio de venta al público: LAFONTEN (Teva Argentina)",minorista,,sí,Medicamentos
Levetiracetam 500 mg comprimidos,comprimido,2561.2383,2026-09-25,"PAMI, precio de venta al público: LAFONTEN (Teva Argentina)",minorista,,sí,Medicamentos
Lisinopril 10 mg comprimidos,comprimido,827.8005,2026-09-25,"PAMI, precio de venta al público: TENSOPRIL (Teva Argentina)",minorista,,sí,Medicamentos
Lisinopril 10 mg comprimidos,comprimido,827.7795,2026-09-25,"PAMI, precio de venta al público: TENSOPRIL (Teva Argentina)",minorista,,sí,Medicamentos
Lisinopril 20 mg comprimidos,comprimido,1095.2355,2026-09-25,"PAMI, precio de venta al público: TENSOPRIL (Teva Argentina)",minorista,,sí,Medicamentos
Lisinopril 20 mg comprimidos,comprimido,969.4478,2026-09-25,"PAMI, precio de venta al público: TENSOPRIL (Teva Argentina)",minorista,,sí,Medicamentos
Lisinopril 5 mg comprimidos,comprimido,451.4970,2026-09-25,"PAMI, precio de venta al público: TENSOPRIL (Teva Argentina)",minorista,,sí,Medicamentos
Lisinopril 5 mg comprimidos,comprimido,451.5040,2026-09-25,"PAMI, precio de venta al público: TENSOPRIL (Teva Argentina)",minorista,,sí,Medicamentos
Lorazepam 1 mg comprimidos,comprimido,115.6101,2026-09-25,"PAMI, precio de venta al público: EMOTIVAL (Teva Argentina)",minorista,,sí,Medicamentos
Lorazepam 1 mg comprimidos,comprimido,111.8120,2026-09-25,"PAMI, precio de venta al público: SIDENAR (Teva Argentina)",minorista,,sí,Medicamentos
Lorazepam 1 mg comprimidos,comprimido,190.2015,2026-09-25,"PAMI, precio de venta al público: SIDENAR (Teva Argentina)",minorista,,sí,Medicamentos
Lorazepam 1 mg comprimidos,comprimido,166.6140,2026-09-25,"PAMI, precio de venta al público: EMOTIVAL (Teva Argentina)",minorista,,sí,Medicamentos
Lorazepam 1 mg comprimidos,comprimido,163.1402,2026-09-25,"PAMI, precio de venta al público: SIDENAR (Teva Argentina)",minorista,,sí,Medicamentos
Lorazepam 1 mg comprimidos,comprimido,154.9698,2026-09-25,"PAMI, precio de venta al público: EMOTIVAL (Teva Argentina)",minorista,,sí,Medicamentos
Lorazepam 2 mg comprimidos,comprimido,165.0925,2026-09-25,"PAMI, precio de venta al público: EMOTIVAL (Teva Argentina)",minorista,,sí,Medicamentos
Lorazepam 2 mg comprimidos,comprimido,207.7363,2026-09-25,"PAMI, precio de venta al público: EMOTIVAL (Teva Argentina)",minorista,,sí,Medicamentos
Lorazepam 2 mg comprimidos,comprimido,188.1270,2026-09-25,"PAMI, precio de venta al público: EMOTIVAL (Teva Argentina)",minorista,,sí,Medicamentos
Lorazepam 2.5 mg comprimidos,comprimido,162.7210,2026-09-25,"PAMI, precio de venta al público: SIDENAR (Teva Argentina)",minorista,,sí,Medicamentos
Lorazepam 2.5 mg comprimidos,comprimido,242.1565,2026-09-25,"PAMI, precio de venta al público: SIDENAR (Teva Argentina)",minorista,,sí,Medicamentos
Lorazepam 2.5 mg comprimidos,comprimido,230.9752,2026-09-25,"PAMI, precio de venta al público: SIDENAR (Teva Argentina)",minorista,,sí,Medicamentos
"Magnesio,valproato 200 mg comprimidos",comprimido,599.3317,2026-09-25,"PAMI, precio de venta al público: LOGICAL (Teva Argentina)",minorista,,sí,Medicamentos
"Magnesio,valproato 200 mg comprimidos",comprimido,529.0928,2026-09-25,"PAMI, precio de venta al público: LOGICAL (Teva Argentina)",minorista,,sí,Medicamentos
"Magnesio,valproato 400 mg comprimidos",comprimido,1250.0053,2026-09-25,"PAMI, precio de venta al público: LOGICAL (Teva Argentina)",minorista,,sí,Medicamentos
"Magnesio,valproato 400 mg comprimidos",comprimido,1157.2118,2026-09-25,"PAMI, precio de venta al público: LOGICAL (Teva Argentina)",minorista,,sí,Medicamentos
Meloxicam+pridinol 15/4 mg comprimidos,comprimido,155.6960,2026-09-25,"PAMI, precio de venta al público: MELOXICAM + PRIDINOL TEVA (Teva Argentina)",minorista,,sí,Medicamentos
Memantine 10 mg comprimidos,comprimido,26.7810,2026-09-25,"PAMI, precio de venta al público: PRONERVON (Teva Argentina)",minorista,,sí,Medicamentos
Memantine 10 mg comprimidos,comprimido,1264.7940,2026-09-25,"PAMI, precio de venta al público: MEMANTINA TEVA (Teva Argentina)",minorista,,sí,Medicamentos
Memantine 20 mg comprimidos,comprimido,37.5493,2026-09-25,"PAMI, precio de venta al público: PRONERVON 20 (Teva Argentina)",minorista,,sí,Medicamentos
Memantine 20 mg comprimidos,comprimido,1707.2557,2026-09-25,"PAMI, precio de venta al público: MEMANTINA TEVA (Teva Argentina)",minorista,,sí,Medicamentos
Metformina 1000 mg comprimidos,comprimido,635.9007,2026-09-25,"PAMI, precio de venta al público: MECTIN XR 1000 (Teva Argentina)",minorista,,sí,Medicamentos
Metformina 1000 mg comprimidos,comprimido,593.8308,2026-09-25,"PAMI, precio de venta al público: MECTIN XR 1000 (Teva Argentina)",minorista,,sí,Medicamentos
Metformina 500 mg comprimidos,comprimido,386.1170,2026-09-25,"PAMI, precio de venta al público: MECTIN XR (Teva Argentina)",minorista,,sí,Medicamentos
Metformina 500 mg comprimidos,comprimido,364.5880,2026-09-25,"PAMI, precio de venta al público: MECTIN XR (Teva Argentina)",minorista,,sí,Medicamentos
Metformina 850 mg comprimidos,comprimido,493.0970,2026-09-25,"PAMI, precio de venta al público: MECTIN XR 850 (Teva Argentina)",minorista,,sí,Medicamentos
Metformina 850 mg comprimidos,comprimido,470.9100,2026-09-25,"PAMI, precio de venta al público: MECTIN XR 850 (Teva Argentina)",minorista,,sí,Medicamentos
Metilfenidato 18 mg comprimidos,comprimido,3437.5487,2026-09-25,"PAMI, precio de venta al público: METICIL (Teva Argentina)",minorista,,sí,Medicamentos
Metilfenidato 36 mg comprimidos,comprimido,4954.1183,2026-09-25,"PAMI, precio de venta al público: METICIL (Teva Argentina)",minorista,,sí,Medicamentos
Metilfenidato 54 mg comprimidos,comprimido,6672.8937,2026-09-25,"PAMI, precio de venta al público: METICIL (Teva Argentina)",minorista,,sí,Medicamentos
Metotrexato 10 mg comprimidos,comprimido,1608.4170,2026-09-25,"PAMI, precio de venta al público: ERVEMIN (Teva Argentina)",minorista,,sí,Medicamentos
Metotrexato 15 mg comprimidos,comprimido,3834.1000,2026-09-25,"PAMI, precio de venta al público: ERVEMIN (Teva Argentina)",minorista,,sí,Medicamentos
Metotrexato 2.5 mg comprimidos,comprimido,438.6065,2026-09-25,"PAMI, precio de venta al público: ERVEMIN (Teva Argentina)",minorista,,sí,Medicamentos
Metotrexato 7.5 mg comprimidos,comprimido,1556.2430,2026-09-25,"PAMI, precio de venta al público: ERVEMIN (Teva Argentina)",minorista,,sí,Medicamentos
Naproxeno 500 mg comprimidos,comprimido,1068.1670,2026-09-25,"PAMI, precio de venta al público: NAPROXENO TEVA (Teva Argentina)",minorista,,sí,Medicamentos
Nebivolol+hidroclorotiazida 5/25 mg comprimidos,comprimido,56.2164,2026-09-25,"PAMI, precio de venta al público: SYNCROCOR D (Teva Argentina)",minorista,,sí,Medicamentos
Olanzapina 10 mg comprimidos dispersables,comprimido,5512.3929,2026-09-25,"PAMI, precio de venta al público: SEREPAX (Teva Argentina)",minorista,,sí,Medicamentos
Olanzapina 5 mg comprimidos dispersables,comprimido,2710.2596,2026-09-25,"PAMI, precio de venta al público: SEREPAX (Teva Argentina)",minorista,,sí,Medicamentos
Olmesartán 20 mg comprimidos,comprimido,1432.9497,2026-09-25,"PAMI, precio de venta al público: TENSONIT (Teva Argentina)",minorista,,sí,Medicamentos
Oxcarbazepina 300 mg comprimidos,comprimido,2346.8217,2026-09-25,"PAMI, precio de venta al público: AURENE (Teva Argentina)",minorista,,sí,Medicamentos
Oxcarbazepina 300 mg comprimidos,comprimido,2082.0445,2026-09-25,"PAMI, precio de venta al público: AURENE (Teva Argentina)",minorista,,sí,Medicamentos
Oxcarbazepina 600 mg comprimidos,comprimido,4394.9393,2026-09-25,"PAMI, precio de venta al público: AURENE (Teva Argentina)",minorista,,sí,Medicamentos
Oxcarbazepina 600 mg comprimidos,comprimido,3908.9412,2026-09-25,"PAMI, precio de venta al público: AURENE (Teva Argentina)",minorista,,sí,Medicamentos
Paracetamol 1000 mg comprimidos,comprimido,286.8993,2026-09-25,"PAMI, precio de venta al público: PARACETAMOL TEVA (Teva Argentina)",minorista,,sí,Medicamentos
Paroxetina 20 mg comprimidos,comprimido,1237.6067,2026-09-25,"PAMI, precio de venta al público: PAROXETINA TEVA (Teva Argentina)",minorista,,sí,Medicamentos
Prasugrel 10 mg comprimidos,comprimido,40.3027,2026-09-25,"PAMI, precio de venta al público: CORILUM (Teva Argentina)",minorista,,sí,Medicamentos
Prasugrel 5 mg comprimidos,comprimido,17.9267,2026-09-25,"PAMI, precio de venta al público: CORILUM (Teva Argentina)",minorista,,sí,Medicamentos
Pregabalina 150 mg cápsulas,cápsula,2320.7673,2026-09-25,"PAMI, precio de venta al público: AXUAL (Teva Argentina)",minorista,,sí,Medicamentos
Pregabalina 25 mg cápsulas,cápsula,519.9730,2026-09-25,"PAMI, precio de venta al público: AXUAL (Teva Argentina)",minorista,,sí,Medicamentos
Pregabalina 300 mg cápsulas,cápsula,224.4233,2026-09-25,"PAMI, precio de venta al público: AXUAL (Teva Argentina)",minorista,,sí,Medicamentos
Pregabalina 50 mg cápsulas,cápsula,1060.8480,2026-09-25,"PAMI, precio de venta al público: AXUAL (Teva Argentina)",minorista,,sí,Medicamentos
Pregabalina 75 mg cápsulas,cápsula,98.8867,2026-09-25,"PAMI, precio de venta al público: AXUAL (Teva Argentina)",minorista,,sí,Medicamentos
Pregabalina 75 mg cápsulas,cápsula,1350.9840,2026-09-25,"PAMI, precio de venta al público: AXUAL (Teva Argentina)",minorista,,sí,Medicamentos
Pregabalina 75 mg cápsulas,cápsula,1294.9872,2026-09-25,"PAMI, precio de venta al público: AXUAL (Teva Argentina)",minorista,,sí,Medicamentos
Rasagilina 1 mg comprimidos,comprimido,1118.8563,2026-09-25,"PAMI, precio de venta al público: AZILECT (Teva Argentina)",minorista,,sí,Medicamentos
Risedronato 150 mg comprimidos,comprimido,32030.5700,2026-09-25,"PAMI, precio de venta al público: BONECUR (Teva Argentina)",minorista,,sí,Medicamentos
Risedronato 150 mg comprimidos,comprimido,26378.7967,2026-09-25,"PAMI, precio de venta al público: BONECUR (Teva Argentina)",minorista,,sí,Medicamentos
Rosuvastatina 10 mg comprimidos,comprimido,1034.6070,2026-09-25,"PAMI, precio de venta al público: ARTOMEY (Teva Argentina)",minorista,,sí,Medicamentos
Rosuvastatina 10 mg comprimidos,comprimido,1021.0860,2026-09-25,"PAMI, precio de venta al público: ARTOMEY (Teva Argentina)",minorista,,sí,Medicamentos
Rosuvastatina 20 mg comprimidos,comprimido,1876.7573,2026-09-25,"PAMI, precio de venta al público: ARTOMEY (Teva Argentina)",minorista,,sí,Medicamentos
Rosuvastatina 40 mg comprimidos,comprimido,2952.3953,2026-09-25,"PAMI, precio de venta al público: ARTOMEY (Teva Argentina)",minorista,,sí,Medicamentos
Rosuvastatina 5 mg comprimidos,comprimido,678.7710,2026-09-25,"PAMI, precio de venta al público: ARTOMEY (Teva Argentina)",minorista,,sí,Medicamentos
Sertralina 100 mg comprimidos,comprimido,1012.7437,2026-09-25,"PAMI, precio de venta al público: IRRADIAL (Teva Argentina)",minorista,,sí,Medicamentos
Sertralina 100 mg comprimidos,comprimido,408.2480,2026-09-25,"PAMI, precio de venta al público: SERTRALINA TEVA (Teva Argentina)",minorista,,sí,Medicamentos
Sertralina 50 mg comprimidos,comprimido,614.5847,2026-09-25,"PAMI, precio de venta al público: IRRADIAL (Teva Argentina)",minorista,,sí,Medicamentos
Sertralina 50 mg comprimidos,comprimido,227.0210,2026-09-25,"PAMI, precio de venta al público: SERTRALINA TEVA (Teva Argentina)",minorista,,sí,Medicamentos
"Sodio,divalproato 250 mg comprimidos",comprimido,853.9434,2026-09-25,"PAMI, precio de venta al público: LOGICAL S (Teva Argentina)",minorista,,sí,Medicamentos
"Sodio,divalproato 250 mg comprimidos",comprimido,653.1868,2026-09-25,"PAMI, precio de venta al público: VALNAR (Teva Argentina)",minorista,,sí,Medicamentos
"Sodio,divalproato 500 mg comprimidos",comprimido,1414.7982,2026-09-25,"PAMI, precio de venta al público: LOGICAL S (Teva Argentina)",minorista,,sí,Medicamentos
"Sodio,divalproato 500 mg comprimidos",comprimido,1124.3208,2026-09-25,"PAMI, precio de venta al público: VALNAR (Teva Argentina)",minorista,,sí,Medicamentos
Solifenacina 10 mg comprimidos,comprimido,1607.6610,2026-09-25,"PAMI, precio de venta al público: SOLIFENACINA TEVA (Teva Argentina)",minorista,,sí,Medicamentos
Solifenacina 5 mg comprimidos,comprimido,1423.4100,2026-09-25,"PAMI, precio de venta al público: SOLIFENACINA TEVA (Teva Argentina)",minorista,,sí,Medicamentos
Sulfasalazina 500 mg comprimidos,comprimido,677.0152,2026-09-25,"PAMI, precio de venta al público: FLOGOSTOP (Teva Argentina)",minorista,,sí,Medicamentos
Tadalafilo 5 mg comprimidos,comprimido,3907.5300,2026-09-25,"PAMI, precio de venta al público: TADALAFILO TEVA (Teva Argentina)",minorista,,sí,Medicamentos
Tamsulosina 0.4 mg comprimidos de liberación prolongada,comprimido,1245.6427,2026-09-25,"PAMI, precio de venta al público: TAMSULOSINA TEVA (Teva Argentina)",minorista,,sí,Medicamentos
Terazosina 10 mg comprimidos,comprimido,28.3400,2026-09-25,"PAMI, precio de venta al público: GERIPROST (Teva Argentina)",minorista,,sí,Medicamentos
Terazosina 2 mg comprimidos,comprimido,493.1290,2026-09-25,"PAMI, precio de venta al público: GERIPROST (Teva Argentina)",minorista,,sí,Medicamentos
Terazosina 5 mg comprimidos,comprimido,582.0380,2026-09-25,"PAMI, precio de venta al público: GERIPROST (Teva Argentina)",minorista,,sí,Medicamentos
Trazodone 100 mg comprimidos,comprimido,1600.0975,2026-09-25,"PAMI, precio de venta al público: TAXAGON AD (Teva Argentina)",minorista,,sí,Medicamentos
Trazodone 100 mg comprimidos,comprimido,1600.0807,2026-09-25,"PAMI, precio de venta al público: TAXAGON AD (Teva Argentina)",minorista,,sí,Medicamentos
Trazodone 50 mg comprimidos,comprimido,1005.8935,2026-09-25,"PAMI, precio de venta al público: TAXAGON AD (Teva Argentina)",minorista,,sí,Medicamentos
Trazodone 50 mg comprimidos,comprimido,1005.6897,2026-09-25,"PAMI, precio de venta al público: TAXAGON AD (Teva Argentina)",minorista,,sí,Medicamentos
Valsartán 160 mg comprimidos,comprimido,1331.7510,2026-09-25,"PAMI, precio de venta al público: HIPREX (Teva Argentina)",minorista,,sí,Medicamentos
Valsartán 80 mg comprimidos,comprimido,989.2743,2026-09-25,"PAMI, precio de venta al público: HIPREX (Teva Argentina)",minorista,,sí,Medicamentos
Valsartán+amlodipina 160/10 mg comprimidos,comprimido,1618.7489,2026-09-25,"PAMI, precio de venta al público: HIPREX MAX (Teva Argentina)",minorista,,sí,Medicamentos
Valsartán+amlodipina 160/5 mg comprimidos,comprimido,1576.3639,2026-09-25,"PAMI, precio de venta al público: HIPREX MAX (Teva Argentina)",minorista,,sí,Medicamentos
Vildagliptin 50 mg comprimidos,comprimido,1366.8090,2026-09-25,"PAMI, precio de venta al público: JOVIUS (Teva Argentina)",minorista,,sí,Medicamentos
Vildagliptin 50 mg comprimidos,comprimido,1287.3702,2026-09-25,"PAMI, precio de venta al público: JOVIUS (Teva Argentina)",minorista,,sí,Medicamentos
Vildagliptin+metformina 50/1000 mg comprimidos,comprimido,1754.0452,2026-09-25,"PAMI, precio de venta al público: JOVIUS MET (Teva Argentina)",minorista,,sí,Medicamentos
Vildagliptin+metformina 50/500 mg comprimidos,comprimido,1525.8420,2026-09-25,"PAMI, precio de venta al público: JOVIUS MET (Teva Argentina)",minorista,,sí,Medicamentos
Vildagliptin+metformina 50/850 mg comprimidos,comprimido,1525.8420,2026-09-25,"PAMI, precio de venta al público: JOVIUS MET (Teva Argentina)",minorista,,sí,Medicamentos
Zolpidem 10 mg comprimidos,comprimido,443.0023,2026-09-25,"PAMI, precio de venta al público: ZOLPIDEM TEVA (Teva Argentina)",minorista,,sí,Medicamentos
Zonisamide 100 mg cápsulas,cápsula,1672.4543,2026-09-25,"PAMI, precio de venta al público: KINAPLASE (Teva Argentina)",minorista,,sí,Medicamentos
Zonisamide 50 mg cápsulas,cápsula,1142.6163,2026-09-25,"PAMI, precio de venta al público: KINAPLASE (Teva Argentina)",minorista,,sí,Medicamentos
Alendronato 70 mg comprimidos,comprimido,5072.2300,2026-09-25,"PAMI, precio de venta al público: BREK (Trb-Pharma)",minorista,,sí,Medicamentos
Alendronato 70 mg comprimidos,comprimido,358.7500,2026-09-25,"PAMI, precio de venta al público: BREK (Trb-Pharma)",minorista,,sí,Medicamentos
Cefalexina 500 mg comprimidos,comprimido,630.7519,2026-09-25,"PAMI, precio de venta al público: CEFOSPOREN (Trb-Pharma)",minorista,,sí,Medicamentos
Cefalexina 500 mg comprimidos,comprimido,643.7500,2026-09-25,"PAMI, precio de venta al público: CEFOSPOREN (Trb-Pharma)",minorista,,sí,Medicamentos
Ciprofloxacina 500 mg comprimidos,comprimido,1604.6030,2026-09-25,"PAMI, precio de venta al público: BIOTIC PHARMA (Trb-Pharma)",minorista,,sí,Medicamentos
Claritromicina 500 mg comprimidos,comprimido,1907.9938,2026-09-25,"PAMI, precio de venta al público: CLARITROM (Trb-Pharma)",minorista,,sí,Medicamentos
Dexketoprofeno 25 mg comprimidos,comprimido,852.5350,2026-09-25,"PAMI, precio de venta al público: TACRAF (Trb-Pharma)",minorista,,sí,Medicamentos
Diacereína 50 mg cápsulas,cápsula,1266.6667,2026-09-25,"PAMI, precio de venta al público: ARTRODAR (Trb-Pharma)",minorista,,sí,Medicamentos
Diacereína 50 mg cápsulas,cápsula,1007.6094,2026-09-25,"PAMI, precio de venta al público: ARTRODAR (Trb-Pharma)",minorista,,sí,Medicamentos
Diclofenac potásico+paracetamol 50/500 mg comprimidos,comprimido,879.9990,2026-09-25,"PAMI, precio de venta al público: DICLOGESIC FORTE (Trb-Pharma)",minorista,,sí,Medicamentos
Diclofenac potásico+paracetamol 50/500 mg comprimidos,comprimido,733.3330,2026-09-25,"PAMI, precio de venta al público: DICLOGESIC FORTE (Trb-Pharma)",minorista,,sí,Medicamentos
Diclofenac sódico 100mg comprimidos de liberación prolongada,comprimido,1225.0010,2026-09-25,"PAMI, precio de venta al público: DICLOGESIC 100 AP (Trb-Pharma)",minorista,,sí,Medicamentos
Diclofenac sódico 50 mg comprimidos,comprimido,453.3333,2026-09-25,"PAMI, precio de venta al público: DICLOGESIC (Trb-Pharma)",minorista,,sí,Medicamentos
Diclofenac sódico 75 mg comprimidos,comprimido,1000.0000,2026-09-25,"PAMI, precio de venta al público: DICLOGESIC (Trb-Pharma)",minorista,,sí,Medicamentos
Diclofenac sódico 75 mg comprimidos,comprimido,1066.6667,2026-09-25,"PAMI, precio de venta al público: DICLOGESIC (Trb-Pharma)",minorista,,sí,Medicamentos
Diclofenac sódico 75 mg comprimidos,comprimido,816.6667,2026-09-25,"PAMI, precio de venta al público: DICLOGESIC (Trb-Pharma)",minorista,,sí,Medicamentos
Doxiciclina 100 mg comprimidos,comprimido,951.2219,2026-09-25,"PAMI, precio de venta al público: VERBORIL (Trb-Pharma)",minorista,,sí,Medicamentos
Doxiciclina 100 mg comprimidos,comprimido,1007.2012,2026-09-25,"PAMI, precio de venta al público: VERBORIL (Trb-Pharma)",minorista,,sí,Medicamentos
Fluconazol 150 mg comprimidos,comprimido,4000.0000,2026-09-25,"PAMI, precio de venta al público: FUNGOTOTAL (Trb-Pharma)",minorista,,sí,Medicamentos
"Fólico,ác. 5 mg comprimidos",comprimido,468.0690,2026-09-25,"PAMI, precio de venta al público: ANFOLIC (Trb-Pharma)",minorista,,sí,Medicamentos
"Fólico,ác. 5 mg comprimidos",comprimido,276.7097,2026-09-25,"PAMI, precio de venta al público: ANFOLIC (Trb-Pharma)",minorista,,sí,Medicamentos
Hidroxicloroquina 200 mg comprimidos,comprimido,619.9002,2026-09-25,"PAMI, precio de venta al público: POLIRREUMIN (Trb-Pharma)",minorista,,sí,Medicamentos
"Ibandrónico,ác. 150 mg comprimidos",comprimido,34997.2500,2026-09-25,"PAMI, precio de venta al público: BREXELL PLUS (Trb-Pharma)",minorista,,sí,Medicamentos
"Ibandrónico,ác. 150 mg comprimidos",comprimido,27957.3250,2026-09-25,"PAMI, precio de venta al público: BREXELL PLUS (Trb-Pharma)",minorista,,sí,Medicamentos
Leflunomida 20 mg comprimidos,comprimido,1557.5023,2026-09-25,"PAMI, precio de venta al público: FLUXAP (Trb-Pharma)",minorista,,sí,Medicamentos
Metotrexato 10 mg comprimidos,comprimido,1670.5760,2026-09-25,"PAMI, precio de venta al público: ARTRAIT (Trb-Pharma)",minorista,,sí,Medicamentos
Metotrexato 15 mg comprimidos,comprimido,4047.9200,2026-09-25,"PAMI, precio de venta al público: ARTRAIT (Trb-Pharma)",minorista,,sí,Medicamentos
Metotrexato 15 mg comprimidos,comprimido,3204.6850,2026-09-25,"PAMI, precio de venta al público: ARTRAIT (Trb-Pharma)",minorista,,sí,Medicamentos
Metotrexato 15 mg frasco ampolla,frasco ampolla,7121.6250,2026-09-25,"PAMI, precio de venta al público: ARTRAIT SC (Trb-Pharma)",minorista,,sí,Medicamentos
Metotrexato 2.5 mg comprimidos,comprimido,436.9565,2026-09-25,"PAMI, precio de venta al público: ARTRAIT (Trb-Pharma)",minorista,,sí,Medicamentos
Metotrexato 20 mg frasco ampolla,frasco ampolla,1120.2500,2026-09-25,"PAMI, precio de venta al público: ARTRAIT (Trb-Pharma)",minorista,,sí,Medicamentos
Metotrexato 20 mg frasco ampolla,frasco ampolla,7691.3175,2026-09-25,"PAMI, precio de venta al público: ARTRAIT SC (Trb-Pharma)",minorista,,sí,Medicamentos
Metotrexato 25 mg frasco ampolla,frasco ampolla,9318.9550,2026-09-25,"PAMI, precio de venta al público: ARTRAIT (Trb-Pharma)",minorista,,sí,Medicamentos
Metotrexato 7.5 mg comprimidos,comprimido,1559.3160,2026-09-25,"PAMI, precio de venta al público: ARTRAIT (Trb-Pharma)",minorista,,sí,Medicamentos
Prednisona 20 mg comprimidos,comprimido,1393.0020,2026-09-25,"PAMI, precio de venta al público: METILPRES (Trb-Pharma)",minorista,,sí,Medicamentos
Prednisona 5 mg comprimidos,comprimido,355.3897,2026-09-25,"PAMI, precio de venta al público: METILPRES (Trb-Pharma)",minorista,,sí,Medicamentos
Prednisona 5 mg comprimidos,comprimido,287.5815,2026-09-25,"PAMI, precio de venta al público: METILPRES (Trb-Pharma)",minorista,,sí,Medicamentos
Prednisona 50mg comprimidos,comprimido,1823.0955,2026-09-25,"PAMI, precio de venta al público: METILPRES 50 (Trb-Pharma)",minorista,,sí,Medicamentos
"Pridinol,mesilato 4 mg comprimidos",comprimido,738.1330,2026-09-25,"PAMI, precio de venta al público: PRINIL (Trb-Pharma)",minorista,,sí,Medicamentos
"Pridinol,mesilato 4 mg comprimidos",comprimido,584.1207,2026-09-25,"PAMI, precio de venta al público: PRINIL (Trb-Pharma)",minorista,,sí,Medicamentos
Tadalafilo 5 mg comprimidos,comprimido,2722.8940,2026-09-25,"PAMI, precio de venta al público: FALIC 36 (Trb-Pharma)",minorista,,sí,Medicamentos
"Tióctico,ác. 200 mg comprimidos",comprimido,1079.7617,2026-09-25,"PAMI, precio de venta al público: NEUROTIOCT (Trb-Pharma)",minorista,,sí,Medicamentos
"Tióctico,ác. 600 mg comprimidos",comprimido,1487.1460,2026-09-25,"PAMI, precio de venta al público: NEUROTIOCT (Trb-Pharma)",minorista,,sí,Medicamentos
Betametasona 60 mg gotas,1 ml,206.6667,2026-09-25,"PAMI, precio de venta al público: BETAVALMAX (Valmax)",minorista,,sí,Medicamentos
Alprazolam 0.5 mg comprimidos,comprimido,160.3190,2026-09-25,"PAMI, precio de venta al público: BECEDE 0.5 (Vannier)",minorista,,sí,Medicamentos
Alprazolam 1 mg comprimidos,comprimido,239.1360,2026-09-25,"PAMI, precio de venta al público: BECEDE 1 (Vannier)",minorista,,sí,Medicamentos
Alprazolam 2 mg comprimidos,comprimido,363.6270,2026-09-25,"PAMI, precio de venta al público: BECEDE 2 (Vannier)",minorista,,sí,Medicamentos
Alprazolam 2 mg comprimidos,comprimido,341.8415,2026-09-25,"PAMI, precio de venta al público: BECEDE 2 (Vannier)",minorista,,sí,Medicamentos
Amlodipina 10 mg comprimidos,comprimido,777.6990,2026-09-25,"PAMI, precio de venta al público: AMLODIPINA VANNIER (Vannier)",minorista,,sí,Medicamentos
Amlodipina 5 mg comprimidos,comprimido,370.6080,2026-09-25,"PAMI, precio de venta al público: AMLODIPINA VANNIER (Vannier)",minorista,,sí,Medicamentos
Aripiprazol 10 mg comprimidos,comprimido,885.9683,2026-09-25,"PAMI, precio de venta al público: ARIPIPRAZOL 10 VANNIER (Vannier)",minorista,,sí,Medicamentos
Aripiprazol 15 mg comprimidos,comprimido,1290.1287,2026-09-25,"PAMI, precio de venta al público: ARIPIPRAZOL 15 VANNIER (Vannier)",minorista,,sí,Medicamentos
Aripiprazol 20 mg comprimidos,comprimido,1787.7777,2026-09-25,"PAMI, precio de venta al público: ARIPIPRAZOL 20 VANNIER (Vannier)",minorista,,sí,Medicamentos
Aripiprazol 5 mg comprimidos,comprimido,807.4907,2026-09-25,"PAMI, precio de venta al público: ARIPIPRAZOL 5 VANNIER (Vannier)",minorista,,sí,Medicamentos
Atenolol 50 mg comprimidos,comprimido,186.5997,2026-09-25,"PAMI, precio de venta al público: ATENOLOL VANNIER (Vannier)",minorista,,sí,Medicamentos
Biperideno 2 mg comprimidos,comprimido,392.0735,2026-09-25,"PAMI, precio de venta al público: BIPERIDENO VANNIER (Vannier)",minorista,,sí,Medicamentos
Biperideno 2 mg comprimidos,comprimido,359.4047,2026-09-25,"PAMI, precio de venta al público: BIPERIDENO VANNIER (Vannier)",minorista,,sí,Medicamentos
"Calcio,carbonato 1.250 mg comprimidos masticables",comprimido,326.3940,2026-09-25,"PAMI, precio de venta al público: CALCIO BASE VANNIER (Vannier)",minorista,,sí,Medicamentos
Carvedilol 12.5 mg comprimidos,comprimido,503.4963,2026-09-25,"PAMI, precio de venta al público: CARVEDILOL VANNIER 12.5 (Vannier)",minorista,,sí,Medicamentos
Carvedilol 12.5 mg comprimidos,comprimido,325.0478,2026-09-25,"PAMI, precio de venta al público: CARVEDILOL VANNIER 12.5 (Vannier)",minorista,,sí,Medicamentos
Carvedilol 25 mg comprimidos,comprimido,599.1813,2026-09-25,"PAMI, precio de venta al público: CARVEDILOL VANNIER 25 (Vannier)",minorista,,sí,Medicamentos
Carvedilol 25 mg comprimidos,comprimido,349.5483,2026-09-25,"PAMI, precio de venta al público: CARVEDILOL VANNIER 25 (Vannier)",minorista,,sí,Medicamentos
Carvedilol 6.25 mg comprimidos,comprimido,393.1837,2026-09-25,"PAMI, precio de venta al público: CARVEDILOL VANNIER 6.25 (Vannier)",minorista,,sí,Medicamentos
Carvedilol 6.25 mg comprimidos,comprimido,259.5037,2026-09-25,"PAMI, precio de venta al público: CARVEDILOL VANNIER 6.25 (Vannier)",minorista,,sí,Medicamentos
Ciprofloxacina 500 mg comprimidos,comprimido,1123.9680,2026-09-25,"PAMI, precio de venta al público: CIPROFLOXACINA VANNIER (Vannier)",minorista,,sí,Medicamentos
Ciprofloxacina 500 mg comprimidos,comprimido,1317.4835,2026-09-25,"PAMI, precio de venta al público: CIPROFLOXACINA VANNIER (Vannier)",minorista,,sí,Medicamentos
Claritromicina 500 mg comprimidos,comprimido,1058.4950,2026-09-25,"PAMI, precio de venta al público: CLARITROMICINA VANNIER (Vannier)",minorista,,sí,Medicamentos
Clonazepam 0.5 mg comprimidos,comprimido,332.5917,2026-09-25,"PAMI, precio de venta al público: CLONER (Vannier)",minorista,,sí,Medicamentos
Clonazepam 0.5 mg comprimidos,comprimido,255.0186,2026-09-25,"PAMI, precio de venta al público: CLONER (Vannier)",minorista,,sí,Medicamentos
Clonazepam 2 mg comprimidos,comprimido,369.2053,2026-09-25,"PAMI, precio de venta al público: CLONER (Vannier)",minorista,,sí,Medicamentos
Clonazepam 2 mg comprimidos,comprimido,194.0500,2026-09-25,"PAMI, precio de venta al público: CLONER (Vannier)",minorista,,sí,Medicamentos
Clonazepam 2 mg comprimidos,comprimido,287.3145,2026-09-25,"PAMI, precio de venta al público: CLONER (Vannier)",minorista,,sí,Medicamentos
Diazepam 10 mg comprimidos,comprimido,459.3570,2026-09-25,"PAMI, precio de venta al público: DIAZEPAM VANNIER (Vannier)",minorista,,sí,Medicamentos
Diazepam 5 mg comprimidos,comprimido,227.1190,2026-09-25,"PAMI, precio de venta al público: DIAZEPAM VANNIER (Vannier)",minorista,,sí,Medicamentos
Diclofenac potásico 50 mg comprimidos,comprimido,448.4540,2026-09-25,"PAMI, precio de venta al público: VALUCA K50 (Vannier)",minorista,,sí,Medicamentos
Diclofenac potásico 50 mg comprimidos,comprimido,381.0000,2026-09-25,"PAMI, precio de venta al público: VALUCA K50 (Vannier)",minorista,,sí,Medicamentos
Diclofenac potásico 75 mg comprimidos,comprimido,1021.2210,2026-09-25,"PAMI, precio de venta al público: VALUCA K75 (Vannier)",minorista,,sí,Medicamentos
Diclofenac potásico 75 mg comprimidos,comprimido,921.6105,2026-09-25,"PAMI, precio de venta al público: VALUCA K75 (Vannier)",minorista,,sí,Medicamentos
Escitalopram 10 mg comprimidos,comprimido,1193.6137,2026-09-25,"PAMI, precio de venta al público: ESCITALOPRAM VANNIER (Vannier)",minorista,,sí,Medicamentos
Escitalopram 20 mg comprimidos,comprimido,2068.8487,2026-09-25,"PAMI, precio de venta al público: ESCITALOPRAM VANNIER (Vannier)",minorista,,sí,Medicamentos
Fluconazol 150 mg comprimidos,comprimido,6783.6500,2026-09-25,"PAMI, precio de venta al público: FLUCONAZOL VANNIER (Vannier)",minorista,,sí,Medicamentos
Fluoxetina 20 mg comprimidos,comprimido,600.3787,2026-09-25,"PAMI, precio de venta al público: EBURNATE (Vannier)",minorista,,sí,Medicamentos
Fluoxetina 20 mg comprimidos,comprimido,705.1163,2026-09-25,"PAMI, precio de venta al público: EBURNATE (Vannier)",minorista,,sí,Medicamentos
"Fólico,ác. 1 mg comprimidos",comprimido,241.9287,2026-09-25,"PAMI, precio de venta al público: ACIDO FOLICO VANNIER (Vannier)",minorista,,sí,Medicamentos
"Fólico,ác. 10 mg comprimidos",comprimido,483.1673,2026-09-25,"PAMI, precio de venta al público: ACIDO FOLICO VANNIER (Vannier)",minorista,,sí,Medicamentos
"Fólico,ác. 5 mg comprimidos",comprimido,268.4083,2026-09-25,"PAMI, precio de venta al público: ACIDO FOLICO VANNIER (Vannier)",minorista,,sí,Medicamentos
Gabapentin 300 mg comprimidos,comprimido,1170.3570,2026-09-25,"PAMI, precio de venta al público: GABAPENTIN 300 VANNIER (Vannier)",minorista,,sí,Medicamentos
Gabapentin 300 mg comprimidos,comprimido,1044.1205,2026-09-25,"PAMI, precio de venta al público: GABAPENTIN 300 VANNIER (Vannier)",minorista,,sí,Medicamentos
Gemfibrozil 600 mg comprimidos,comprimido,792.8417,2026-09-25,"PAMI, precio de venta al público: GEMFIBROZIL VANNIER 600 (Vannier)",minorista,,sí,Medicamentos
Glibenclamida 5 mg comprimidos,comprimido,165.6317,2026-09-25,"PAMI, precio de venta al público: BROI (Vannier)",minorista,,sí,Medicamentos
Glibenclamida 5 mg comprimidos,comprimido,158.6050,2026-09-25,"PAMI, precio de venta al público: BROI (Vannier)",minorista,,sí,Medicamentos
Haloperidol 10 mg comprimidos,comprimido,725.5643,2026-09-25,"PAMI, precio de venta al público: HALOPERIDOL VANNIER (Vannier)",minorista,,sí,Medicamentos
Haloperidol 10 mg comprimidos,comprimido,587.9318,2026-09-25,"PAMI, precio de venta al público: HALOPERIDOL VANNIER (Vannier)",minorista,,sí,Medicamentos
Haloperidol 5 mg comprimidos,comprimido,426.5170,2026-09-25,"PAMI, precio de venta al público: HALOPERIDOL VANNIER (Vannier)",minorista,,sí,Medicamentos
Haloperidol 5 mg comprimidos,comprimido,415.7042,2026-09-25,"PAMI, precio de venta al público: HALOPERIDOL VANNIER (Vannier)",minorista,,sí,Medicamentos
Levomepromazina 25 mg comprimidos,comprimido,670.6373,2026-09-25,"PAMI, precio de venta al público: LEVOMEPROMAZINA VANNIER (Vannier)",minorista,,sí,Medicamentos
Loratadina 10 mg comprimidos,comprimido,560.2210,2026-09-25,"PAMI, precio de venta al público: LORATADINA VANNIER (Vannier)",minorista,,sí,Medicamentos
Lorazepam 2.5 mg comprimidos,comprimido,230.0485,2026-09-25,"PAMI, precio de venta al público: LORAZEPAM VANNIER (Vannier)",minorista,,sí,Medicamentos
Lorazepam 2.5 mg comprimidos,comprimido,172.4276,2026-09-25,"PAMI, precio de venta al público: LORAZEPAM VANNIER (Vannier)",minorista,,sí,Medicamentos
Losartán 50 mg comprimidos,comprimido,726.6690,2026-09-25,"PAMI, precio de venta al público: LOSARTAN VANNIER (Vannier)",minorista,,sí,Medicamentos
Losartán 50 mg comprimidos,comprimido,694.0868,2026-09-25,"PAMI, precio de venta al público: LOSARTAN VANNIER (Vannier)",minorista,,sí,Medicamentos
Metronidazol 500 mg comprimidos,comprimido,607.2820,2026-09-25,"PAMI, precio de venta al público: METRONIDAZOL VANNIER (Vannier)",minorista,,sí,Medicamentos
Norfloxacina 400 mg comprimidos,comprimido,719.5325,2026-09-25,"PAMI, precio de venta al público: NORFLOXACINA VANNIER (Vannier)",minorista,,sí,Medicamentos
Olanzapina 10 mg comprimidos,comprimido,5474.7800,2026-09-25,"PAMI, precio de venta al público: ROLANZAX 10 (Vannier)",minorista,,sí,Medicamentos
Olanzapina 5 mg comprimidos,comprimido,2770.1086,2026-09-25,"PAMI, precio de venta al público: ROLANZAX 5 (Vannier)",minorista,,sí,Medicamentos
Oxibutinina 5 mg comprimidos,comprimido,659.2550,2026-09-25,"PAMI, precio de venta al público: OXIBUTININA VANNIER (Vannier)",minorista,,sí,Medicamentos
Paroxetina 20 mg comprimidos,comprimido,746.0677,2026-09-25,"PAMI, precio de venta al público: DEPAROX 20 (Vannier)",minorista,,sí,Medicamentos
Paroxetina 40 mg comprimidos,comprimido,1395.5543,2026-09-25,"PAMI, precio de venta al público: DEPAROX 40 (Vannier)",minorista,,sí,Medicamentos
Piroxicam 20 mg comprimidos,comprimido,389.2430,2026-09-25,"PAMI, precio de venta al público: PIROXICAM VANNIER (Vannier)",minorista,,sí,Medicamentos
Pregabalina 150 mg cápsulas,cápsula,1961.4696,2026-09-25,"PAMI, precio de venta al público: PREGANNIER (Vannier)",minorista,,sí,Medicamentos
Pregabalina 75 mg cápsulas,cápsula,1299.6643,2026-09-25,"PAMI, precio de venta al público: PREGANNIER (Vannier)",minorista,,sí,Medicamentos
Prometazina 25 mg comprimidos,comprimido,196.0353,2026-09-25,"PAMI, precio de venta al público: PROMETAZINA VANNIER (Vannier)",minorista,,sí,Medicamentos
Quetiapina 100 mg comprimidos,comprimido,2986.6883,2026-09-25,"PAMI, precio de venta al público: QUETIAPINA VANNIER 100 (Vannier)",minorista,,sí,Medicamentos
Quetiapina 200 mg comprimidos,comprimido,3773.1643,2026-09-25,"PAMI, precio de venta al público: QUETIAPINA VANNIER 200 (Vannier)",minorista,,sí,Medicamentos
Quetiapina 25 mg comprimidos,comprimido,1750.9060,2026-09-25,"PAMI, precio de venta al público: QUETIAPINA VANNIER 25 (Vannier)",minorista,,sí,Medicamentos
Risperidona 1 mg comprimidos,comprimido,624.7835,2026-09-25,"PAMI, precio de venta al público: RISPEX (Vannier)",minorista,,sí,Medicamentos
Risperidona 1 mg comprimidos,comprimido,476.7967,2026-09-25,"PAMI, precio de venta al público: RISPEX (Vannier)",minorista,,sí,Medicamentos
Risperidona 2 mg comprimidos,comprimido,1258.8890,2026-09-25,"PAMI, precio de venta al público: RISPEX (Vannier)",minorista,,sí,Medicamentos
Risperidona 2 mg comprimidos,comprimido,1252.4732,2026-09-25,"PAMI, precio de venta al público: RISPEX (Vannier)",minorista,,sí,Medicamentos
Risperidona 3 mg comprimidos,comprimido,1284.9190,2026-09-25,"PAMI, precio de venta al público: RISPEX (Vannier)",minorista,,sí,Medicamentos
Risperidona 3 mg comprimidos,comprimido,1604.3010,2026-09-25,"PAMI, precio de venta al público: RISPEX (Vannier)",minorista,,sí,Medicamentos
Rosuvastatina 10 mg comprimidos,comprimido,673.7133,2026-09-25,"PAMI, precio de venta al público: ROSUVASTATINA VANNIER (Vannier)",minorista,,sí,Medicamentos
Rosuvastatina 20 mg comprimidos,comprimido,1051.3760,2026-09-25,"PAMI, precio de venta al público: ROSUVASTATINA VANNIER (Vannier)",minorista,,sí,Medicamentos
Rosuvastatina 40 mg comprimidos,comprimido,2004.5440,2026-09-25,"PAMI, precio de venta al público: ROSUVASTATINA VANNIER (Vannier)",minorista,,sí,Medicamentos
Sertralina 100 mg comprimidos,comprimido,1012.7437,2026-09-25,"PAMI, precio de venta al público: SERVANTAX (Vannier)",minorista,,sí,Medicamentos
Sertralina 50 mg comprimidos,comprimido,905.0847,2026-09-25,"PAMI, precio de venta al público: SERVANTAX (Vannier)",minorista,,sí,Medicamentos
Simvastatin 10 mg comprimidos,comprimido,379.8060,2026-09-25,"PAMI, precio de venta al público: SIMVASTATIN VANNIER (Vannier)",minorista,,sí,Medicamentos
Simvastatin 20 mg comprimidos,comprimido,501.8713,2026-09-25,"PAMI, precio de venta al público: SIMVASTATIN VANNIER (Vannier)",minorista,,sí,Medicamentos
Sulfadiazina 500 mg comprimidos,comprimido,1596.2085,2026-09-25,"PAMI, precio de venta al público: SULFADIAZINA VANNIER (Vannier)",minorista,,sí,Medicamentos
Terazosina 5 mg comprimidos,comprimido,614.6123,2026-09-25,"PAMI, precio de venta al público: TERAZOSINA VANNIER (Vannier)",minorista,,sí,Medicamentos
Tobramicina 0.3% colirio,1 ml,1734.1560,2026-09-25,"PAMI, precio de venta al público: XIBRAX (Vannier)",minorista,,sí,Medicamentos
Trimebutina 200 mg comprimidos,comprimido,548.0950,2026-09-25,"PAMI, precio de venta al público: TRIMEBUTINA VANNIER (Vannier)",minorista,,sí,Medicamentos
Venlafaxina 25 mg comprimidos,comprimido,262.8880,2026-09-25,"PAMI, precio de venta al público: VENLAXIL 25 MG (Vannier)",minorista,,sí,Medicamentos
Venlafaxina 50 mg comprimidos,comprimido,423.5867,2026-09-25,"PAMI, precio de venta al público: VENLAXIL 50 MG (Vannier)",minorista,,sí,Medicamentos
Venlafaxina 75 mg comprimidos,comprimido,598.6980,2026-09-25,"PAMI, precio de venta al público: VENLAXIL 75 MG (Vannier)",minorista,,sí,Medicamentos
Zolpidem 10 mg comprimidos,comprimido,420.8520,2026-09-25,"PAMI, precio de venta al público: ZOLPIDEM VANNIER (Vannier)",minorista,,sí,Medicamentos
Betahistina 16 mg comprimidos,comprimido,253.0610,2026-09-25,"PAMI, precio de venta al público: MICROSER FORTE (Vannier-Grunent)",minorista,,sí,Medicamentos
Betahistina 24 mg comprimidos,comprimido,884.7170,2026-09-25,"PAMI, precio de venta al público: MICROSER ULTRA (Vannier-Grunent)",minorista,,sí,Medicamentos
Betahistina 8 mg comprimidos,comprimido,232.9830,2026-09-25,"PAMI, precio de venta al público: MICROSER (Vannier-Grunent)",minorista,,sí,Medicamentos
Betahistina 8 mg comprimidos,comprimido,226.7922,2026-09-25,"PAMI, precio de venta al público: MICROSER (Vannier-Grunent)",minorista,,sí,Medicamentos
Buprenorfina 20 mg parches,parche,33000.1150,2026-09-25,"PAMI, precio de venta al público: BIVALIS (Vannier-Grunent)",minorista,,sí,Medicamentos
Tramadol 100 mg comprimidos,comprimido,1769.0370,2026-09-25,"PAMI, precio de venta al público: TRAMAL LONG (Vannier-Grunent)",minorista,,sí,Medicamentos
Tramadol 100 mg/ml gotas,1 ml,2151.1260,2026-09-25,"PAMI, precio de venta al público: TRAMAL (Vannier-Grunent)",minorista,,sí,Medicamentos
Tramadol 100 mg/ml gotas,1 ml,1593.3345,2026-09-25,"PAMI, precio de venta al público: TRAMAL (Vannier-Grunent)",minorista,,sí,Medicamentos
Tramadol 50 mg cápsulas,cápsula,1001.7250,2026-09-25,"PAMI, precio de venta al público: TRAMAL (Vannier-Grunent)",minorista,,sí,Medicamentos
Tramadol 50 mg cápsulas,cápsula,869.5610,2026-09-25,"PAMI, precio de venta al público: TRAMAL (Vannier-Grunent)",minorista,,sí,Medicamentos
Tramadol 50 mg cápsulas,cápsula,835.3313,2026-09-25,"PAMI, precio de venta al público: TRAMAL (Vannier-Grunent)",minorista,,sí,Medicamentos
Ketorolac trometamina 10 mg comprimidos sublinguales,comprimido,45.0000,2026-09-25,"PAMI, precio de venta al público: CALMOFAR SL (Wunder Pharm)",minorista,,sí,Medicamentos
Naproxeno 250 mg comprimidos,comprimido,16.5000,2026-09-25,"PAMI, precio de venta al público: NAPROXPHAR (Wunder Pharm)",minorista,,sí,Medicamentos
Naproxeno 250 mg comprimidos,comprimido,16.0000,2026-09-25,"PAMI, precio de venta al público: NAPROXPHAR (Wunder Pharm)",minorista,,sí,Medicamentos
Naproxeno 500 mg comprimidos,comprimido,46.9000,2026-09-25,"PAMI, precio de venta al público: NAPROXPHAR (Wunder Pharm)",minorista,,sí,Medicamentos
Naproxeno 500 mg comprimidos,comprimido,33.6970,2026-09-25,"PAMI, precio de venta al público: NAPROXPHAR (Wunder Pharm)",minorista,,sí,Medicamentos
Orlistat 60 mg cápsulas,cápsula,53.3333,2026-09-25,"PAMI, precio de venta al público: ORLIST (Wunder Pharm)",minorista,,sí,Medicamentos
Orlistat 60 mg cápsulas,cápsula,53.3333,2026-09-25,"PAMI, precio de venta al público: ORLIST (Wunder Pharm)",minorista,,sí,Medicamentos
